{
"meta":{"test_sets":[],"test_metrics":[],"learn_metrics":[{"best_value":"Min","name":"RMSE"}],"launch_mode":"Train","parameters":"","iteration_count":1000,"learn_sets":["learn"],"name":"experiment"},
"iterations":[
{"learn":[354723.8469],"iteration":0,"passed_time":0.007358943954,"remaining_time":7.35158501},
{"learn":[340171.8267],"iteration":1,"passed_time":0.013129159,"remaining_time":6.551450343},
{"learn":[326626.6849],"iteration":2,"passed_time":0.01865550229,"remaining_time":6.199845261},
{"learn":[313773.7292],"iteration":3,"passed_time":0.02400676457,"remaining_time":5.977684378},
{"learn":[301869.046],"iteration":4,"passed_time":0.02975643822,"remaining_time":5.921531207},
{"learn":[290160.0295],"iteration":5,"passed_time":0.03538328018,"remaining_time":5.861830083},
{"learn":[279299.2519],"iteration":6,"passed_time":0.04135540921,"remaining_time":5.866560193},
{"learn":[269006.7588],"iteration":7,"passed_time":0.04689383567,"remaining_time":5.814835623},
{"learn":[259325.0886],"iteration":8,"passed_time":0.0522064318,"remaining_time":5.748508212},
{"learn":[250335.3328],"iteration":9,"passed_time":0.05742565416,"remaining_time":5.685139762},
{"learn":[241340.8408],"iteration":10,"passed_time":0.06299683019,"remaining_time":5.663987732},
{"learn":[233069.856],"iteration":11,"passed_time":0.06810417904,"remaining_time":5.607244074},
{"learn":[225381.0882],"iteration":12,"passed_time":0.07382685305,"remaining_time":5.605161843},
{"learn":[217816.0295],"iteration":13,"passed_time":0.07922344806,"remaining_time":5.579594271},
{"learn":[210912.1459],"iteration":14,"passed_time":0.08453104426,"remaining_time":5.550871906},
{"learn":[204371.4749],"iteration":15,"passed_time":0.0896086435,"remaining_time":5.510931575},
{"learn":[198044.4953],"iteration":16,"passed_time":0.09525648518,"remaining_time":5.508066172},
{"learn":[191930.1936],"iteration":17,"passed_time":0.1010420334,"remaining_time":5.512404264},
{"learn":[185967.7376],"iteration":18,"passed_time":0.1062920886,"remaining_time":5.488028366},
{"learn":[180640.4153],"iteration":19,"passed_time":0.1115510188,"remaining_time":5.465999922},
{"learn":[175575.8592],"iteration":20,"passed_time":0.1170844037,"remaining_time":5.45836339},
{"learn":[170873.5374],"iteration":21,"passed_time":0.1222381269,"remaining_time":5.434040369},
{"learn":[166544.7502],"iteration":22,"passed_time":0.1274683491,"remaining_time":5.414633787},
{"learn":[162192.8143],"iteration":23,"passed_time":0.1326334472,"remaining_time":5.393760187},
{"learn":[158308.1767],"iteration":24,"passed_time":0.137696755,"remaining_time":5.370173444},
{"learn":[154550.9687],"iteration":25,"passed_time":0.1428045205,"remaining_time":5.349677037},
{"learn":[151014.559],"iteration":26,"passed_time":0.1481293248,"remaining_time":5.338141964},
{"learn":[147573.8766],"iteration":27,"passed_time":0.1533902966,"remaining_time":5.324834582},
{"learn":[144525.4675],"iteration":28,"passed_time":0.158986139,"remaining_time":5.323294515},
{"learn":[141523.3952],"iteration":29,"passed_time":0.1640260304,"remaining_time":5.303508316},
{"learn":[138544.7761],"iteration":30,"passed_time":0.1695525403,"remaining_time":5.299884245},
{"learn":[136017.0968],"iteration":31,"passed_time":0.1747274716,"remaining_time":5.285506016},
{"learn":[133589.365],"iteration":32,"passed_time":0.1800240263,"remaining_time":5.275249498},
{"learn":[131171.5671],"iteration":33,"passed_time":0.1852178323,"remaining_time":5.262365471},
{"learn":[129084.1365],"iteration":34,"passed_time":0.1903723472,"remaining_time":5.248837573},
{"learn":[127037.454],"iteration":35,"passed_time":0.1956731935,"remaining_time":5.239693293},
{"learn":[125137.211],"iteration":36,"passed_time":0.2008422082,"remaining_time":5.227325581},
{"learn":[123333.6572],"iteration":37,"passed_time":0.2060297643,"remaining_time":5.215806139},
{"learn":[121785.6255],"iteration":38,"passed_time":0.2111206551,"remaining_time":5.202229475},
{"learn":[120375.3203],"iteration":39,"passed_time":0.2163487106,"remaining_time":5.192369055},
{"learn":[118911.7591],"iteration":40,"passed_time":0.2217691803,"remaining_time":5.187235218},
{"learn":[117555.3508],"iteration":41,"passed_time":0.2270046525,"remaining_time":5.177868026},
{"learn":[115997.4607],"iteration":42,"passed_time":0.2322302498,"remaining_time":5.168473233},
{"learn":[114728.1602],"iteration":43,"passed_time":0.2374715552,"remaining_time":5.159609244},
{"learn":[113438.6417],"iteration":44,"passed_time":0.2427048607,"remaining_time":5.150736488},
{"learn":[112311.4906],"iteration":45,"passed_time":0.2480080819,"remaining_time":5.14347196},
{"learn":[111205.6482],"iteration":46,"passed_time":0.2533862188,"remaining_time":5.137809927},
{"learn":[110275.1107],"iteration":47,"passed_time":0.2584955677,"remaining_time":5.126828759},
{"learn":[109128.1104],"iteration":48,"passed_time":0.263644166,"remaining_time":5.116849017},
{"learn":[108297.6544],"iteration":49,"passed_time":0.268842472,"remaining_time":5.108006967},
{"learn":[107457.2016],"iteration":50,"passed_time":0.2740662359,"remaining_time":5.099781527},
{"learn":[106750.4951],"iteration":51,"passed_time":0.2792814583,"remaining_time":5.091515817},
{"learn":[106090.7666],"iteration":52,"passed_time":0.2843926405,"remaining_time":5.081506236},
{"learn":[105418.4785],"iteration":53,"passed_time":0.289798902,"remaining_time":5.076847432},
{"learn":[104831.9783],"iteration":54,"passed_time":0.2951834139,"remaining_time":5.071787747},
{"learn":[104232.7486],"iteration":55,"passed_time":0.3004883434,"remaining_time":5.065374932},
{"learn":[103619.2916],"iteration":56,"passed_time":0.3055097351,"remaining_time":5.054310179},
{"learn":[102872.282],"iteration":57,"passed_time":0.3106517918,"remaining_time":5.045413584},
{"learn":[102301.5512],"iteration":58,"passed_time":0.3159209718,"remaining_time":5.038671771},
{"learn":[101800.1787],"iteration":59,"passed_time":0.3214891896,"remaining_time":5.03666397},
{"learn":[101272.4147],"iteration":60,"passed_time":0.3270599073,"remaining_time":5.034577917},
{"learn":[100441.5786],"iteration":61,"passed_time":0.3322651298,"remaining_time":5.026849867},
{"learn":[100001.1929],"iteration":62,"passed_time":0.3376160171,"remaining_time":5.021368381},
{"learn":[99578.86778],"iteration":63,"passed_time":0.342745324,"remaining_time":5.012650363},
{"learn":[99181.53389],"iteration":64,"passed_time":0.3479960876,"remaining_time":5.005789876},
{"learn":[98642.30203],"iteration":65,"passed_time":0.3530752702,"remaining_time":4.996550035},
{"learn":[98235.83305],"iteration":66,"passed_time":0.3583908246,"remaining_time":4.99072596},
{"learn":[97859.27735],"iteration":67,"passed_time":0.3635457978,"remaining_time":4.982715935},
{"learn":[97559.33698],"iteration":68,"passed_time":0.3686591882,"remaining_time":4.974227598},
{"learn":[97213.02964],"iteration":69,"passed_time":0.3739881175,"remaining_time":4.968699275},
{"learn":[96822.49232],"iteration":70,"passed_time":0.3792646724,"remaining_time":4.962491277},
{"learn":[96579.25204],"iteration":71,"passed_time":0.3844896447,"remaining_time":4.95564431},
{"learn":[96114.38792],"iteration":72,"passed_time":0.3898186989,"remaining_time":4.950163478},
{"learn":[95778.21308],"iteration":73,"passed_time":0.3953515422,"remaining_time":4.947236865},
{"learn":[95417.41592],"iteration":74,"passed_time":0.400607514,"remaining_time":4.940826006},
{"learn":[95183.05528],"iteration":75,"passed_time":0.4058117366,"remaining_time":4.933816376},
{"learn":[94887.32892],"iteration":76,"passed_time":0.4109996677,"remaining_time":4.926658354},
{"learn":[94691.22454],"iteration":77,"passed_time":0.416176724,"remaining_time":4.919422301},
{"learn":[94357.98669],"iteration":78,"passed_time":0.4215118198,"remaining_time":4.914080836},
{"learn":[94109.78827],"iteration":79,"passed_time":0.4268274159,"remaining_time":4.908515283},
{"learn":[93832.88674],"iteration":80,"passed_time":0.4320444299,"remaining_time":4.901837421},
{"learn":[93667.60265],"iteration":81,"passed_time":0.4372106113,"remaining_time":4.894626112},
{"learn":[93449.77123],"iteration":82,"passed_time":0.4424270837,"remaining_time":4.888019708},
{"learn":[93281.93365],"iteration":83,"passed_time":0.4476254314,"remaining_time":4.881248752},
{"learn":[93162.38544],"iteration":84,"passed_time":0.4530072766,"remaining_time":4.876490095},
{"learn":[92876.4277],"iteration":85,"passed_time":0.4584914121,"remaining_time":4.872804078},
{"learn":[92692.82864],"iteration":86,"passed_time":0.4641414204,"remaining_time":4.870817435},
{"learn":[92573.81292],"iteration":87,"passed_time":0.4693946007,"remaining_time":4.864634952},
{"learn":[92350.99952],"iteration":88,"passed_time":0.4748228203,"remaining_time":4.860265048},
{"learn":[92192.79297],"iteration":89,"passed_time":0.4803774132,"remaining_time":4.8571494},
{"learn":[91954.52763],"iteration":90,"passed_time":0.4855641776,"remaining_time":4.850305906},
{"learn":[91724.89773],"iteration":91,"passed_time":0.4907043177,"remaining_time":4.843038266},
{"learn":[91608.66173],"iteration":92,"passed_time":0.4959921642,"remaining_time":4.837256913},
{"learn":[91421.64183],"iteration":93,"passed_time":0.5011408458,"remaining_time":4.830144748},
{"learn":[91282.83922],"iteration":94,"passed_time":0.5063825262,"remaining_time":4.823959855},
{"learn":[91175.68723],"iteration":95,"passed_time":0.5116799975,"remaining_time":4.818319977},
{"learn":[91068.48244],"iteration":96,"passed_time":0.5175213366,"remaining_time":4.817750175},
{"learn":[90881.34658],"iteration":97,"passed_time":0.5227282258,"remaining_time":4.811233262},
{"learn":[90778.39227],"iteration":98,"passed_time":0.5276829517,"remaining_time":4.802447874},
{"learn":[90633.04066],"iteration":99,"passed_time":0.5331561707,"remaining_time":4.798405536},
{"learn":[90479.32322],"iteration":100,"passed_time":0.5384307673,"remaining_time":4.792566929},
{"learn":[90371.11873],"iteration":101,"passed_time":0.543906028,"remaining_time":4.788506011},
{"learn":[90234.32181],"iteration":102,"passed_time":0.5494134548,"remaining_time":4.784697757},
{"learn":[90149.73535],"iteration":103,"passed_time":0.5547498423,"remaining_time":4.779383257},
{"learn":[90085.74005],"iteration":104,"passed_time":0.5610720084,"remaining_time":4.782470928},
{"learn":[89959.6644],"iteration":105,"passed_time":0.5665929767,"remaining_time":4.778623785},
{"learn":[89740.95439],"iteration":106,"passed_time":0.5719618221,"remaining_time":4.773475768},
{"learn":[89633.7532],"iteration":107,"passed_time":0.5773830001,"remaining_time":4.76875589},
{"learn":[89485.86768],"iteration":108,"passed_time":0.5826217639,"remaining_time":4.762532033},
{"learn":[89376.86154],"iteration":109,"passed_time":0.5881793151,"remaining_time":4.758905368},
{"learn":[89259.48048],"iteration":110,"passed_time":0.5942059434,"remaining_time":4.759000754},
{"learn":[89081.06818],"iteration":111,"passed_time":0.5999946165,"remaining_time":4.757100174},
{"learn":[88958.67548],"iteration":112,"passed_time":0.6059761621,"remaining_time":4.756644742},
{"learn":[88859.02844],"iteration":113,"passed_time":0.6117866266,"remaining_time":4.75476273},
{"learn":[88743.7603],"iteration":114,"passed_time":0.6172139296,"remaining_time":4.749863719},
{"learn":[88632.13996],"iteration":115,"passed_time":0.6227388145,"remaining_time":4.745699242},
{"learn":[88572.73651],"iteration":116,"passed_time":0.6289104409,"remaining_time":4.746392473},
{"learn":[88484.06716],"iteration":117,"passed_time":0.6341810793,"remaining_time":4.740234847},
{"learn":[88406.1359],"iteration":118,"passed_time":0.6397645051,"remaining_time":4.736407807},
{"learn":[88319.28965],"iteration":119,"passed_time":0.6454610545,"remaining_time":4.733381066},
{"learn":[88126.03756],"iteration":120,"passed_time":0.6510207724,"remaining_time":4.729316189},
{"learn":[87979.72651],"iteration":121,"passed_time":0.6570555256,"remaining_time":4.728645504},
{"learn":[87891.14116],"iteration":122,"passed_time":0.6626282849,"remaining_time":4.724593543},
{"learn":[87808.10896],"iteration":123,"passed_time":0.6680781709,"remaining_time":4.719649013},
{"learn":[87642.08346],"iteration":124,"passed_time":0.6734798908,"remaining_time":4.714359236},
{"learn":[87584.25725],"iteration":125,"passed_time":0.6796593921,"remaining_time":4.714462767},
{"learn":[87535.68123],"iteration":126,"passed_time":0.6848800311,"remaining_time":4.707876119},
{"learn":[87493.53126],"iteration":127,"passed_time":0.6910181996,"remaining_time":4.707561485},
{"learn":[87432.11389],"iteration":128,"passed_time":0.6968316224,"remaining_time":4.7049639},
{"learn":[87371.99366],"iteration":129,"passed_time":0.7024481728,"remaining_time":4.70099931},
{"learn":[87310.6751],"iteration":130,"passed_time":0.7081001394,"remaining_time":4.697244436},
{"learn":[87230.60102],"iteration":131,"passed_time":0.7135101509,"remaining_time":4.69186978},
{"learn":[87178.18962],"iteration":132,"passed_time":0.7187661228,"remaining_time":4.68549044},
{"learn":[87085.58971],"iteration":133,"passed_time":0.7257702382,"remaining_time":4.690425569},
{"learn":[87028.91005],"iteration":134,"passed_time":0.7309845856,"remaining_time":4.683716048},
{"learn":[86957.80969],"iteration":135,"passed_time":0.7365712197,"remaining_time":4.679393631},
{"learn":[86888.49744],"iteration":136,"passed_time":0.7421478124,"remaining_time":4.674989504},
{"learn":[86823.68587],"iteration":137,"passed_time":0.7473348268,"remaining_time":4.668134933},
{"learn":[86790.32333],"iteration":138,"passed_time":0.7505711588,"remaining_time":4.649221351},
{"learn":[86682.41697],"iteration":139,"passed_time":0.757488692,"remaining_time":4.653144822},
{"learn":[86574.19539],"iteration":140,"passed_time":0.76291087,"remaining_time":4.64780452},
{"learn":[86504.32302],"iteration":141,"passed_time":0.7683632976,"remaining_time":4.64264584},
{"learn":[86445.1333],"iteration":142,"passed_time":0.7741143879,"remaining_time":4.63927294},
{"learn":[86360.29237],"iteration":143,"passed_time":0.7796103566,"remaining_time":4.634350453},
{"learn":[86302.91738],"iteration":144,"passed_time":0.7851729911,"remaining_time":4.629813154},
{"learn":[86243.44587],"iteration":145,"passed_time":0.7915390732,"remaining_time":4.629961428},
{"learn":[86193.64495],"iteration":146,"passed_time":0.7969866259,"remaining_time":4.624691101},
{"learn":[86101.51633],"iteration":147,"passed_time":0.8023879708,"remaining_time":4.619152373},
{"learn":[86054.5114],"iteration":148,"passed_time":0.8079461887,"remaining_time":4.614511453},
{"learn":[85983.67989],"iteration":149,"passed_time":0.8132418684,"remaining_time":4.608370587},
{"learn":[85868.44299],"iteration":150,"passed_time":0.8187157123,"remaining_time":4.603242648},
{"learn":[85719.02783],"iteration":151,"passed_time":0.8251622934,"remaining_time":4.603537005},
{"learn":[85590.56941],"iteration":152,"passed_time":0.8304993475,"remaining_time":4.597600963},
{"learn":[85521.35403],"iteration":153,"passed_time":0.8360776901,"remaining_time":4.59299822},
{"learn":[85462.99034],"iteration":154,"passed_time":0.8420484859,"remaining_time":4.590522391},
{"learn":[85387.40345],"iteration":155,"passed_time":0.8472897079,"remaining_time":4.584054574},
{"learn":[85326.72887],"iteration":156,"passed_time":0.8531204639,"remaining_time":4.580767841},
{"learn":[85294.0947],"iteration":157,"passed_time":0.8586546404,"remaining_time":4.5758684},
{"learn":[85198.0853],"iteration":158,"passed_time":0.8639554866,"remaining_time":4.569726819},
{"learn":[85131.63666],"iteration":159,"passed_time":0.869654661,"remaining_time":4.56568697},
{"learn":[85044.15934],"iteration":160,"passed_time":0.8753655435,"remaining_time":4.561687522},
{"learn":[85005.32228],"iteration":161,"passed_time":0.8808423458,"remaining_time":4.556456085},
{"learn":[84961.45801],"iteration":162,"passed_time":0.8867294759,"remaining_time":4.553328659},
{"learn":[84847.29205],"iteration":163,"passed_time":0.8921476956,"remaining_time":4.547777278},
{"learn":[84793.2491],"iteration":164,"passed_time":0.8974961663,"remaining_time":4.541874539},
{"learn":[84742.48101],"iteration":165,"passed_time":0.9030065515,"remaining_time":4.536791951},
{"learn":[84636.78424],"iteration":166,"passed_time":0.9084601457,"remaining_time":4.531420966},
{"learn":[84554.00266],"iteration":167,"passed_time":0.9138323244,"remaining_time":4.525645797},
{"learn":[84450.22488],"iteration":168,"passed_time":0.9196095393,"remaining_time":4.521867025},
{"learn":[84412.70014],"iteration":169,"passed_time":0.9251212995,"remaining_time":4.516768697},
{"learn":[84350.37338],"iteration":170,"passed_time":0.9304916032,"remaining_time":4.51097976},
{"learn":[84256.58821],"iteration":171,"passed_time":0.936001155,"remaining_time":4.505866025},
{"learn":[84217.574],"iteration":172,"passed_time":0.9419190348,"remaining_time":4.502699663},
{"learn":[84187.13496],"iteration":173,"passed_time":0.9473337545,"remaining_time":4.497113111},
{"learn":[84132.83527],"iteration":174,"passed_time":0.9535147141,"remaining_time":4.495140795},
{"learn":[84054.15154],"iteration":175,"passed_time":0.959678799,"remaining_time":4.49304165},
{"learn":[84011.49636],"iteration":176,"passed_time":0.9650189364,"remaining_time":4.48706545},
{"learn":[83957.10125],"iteration":177,"passed_time":0.9705075302,"remaining_time":4.481781965},
{"learn":[83915.87229],"iteration":178,"passed_time":0.9758113764,"remaining_time":4.475648827},
{"learn":[83886.9677],"iteration":179,"passed_time":0.9812019298,"remaining_time":4.469919903},
{"learn":[83842.85537],"iteration":180,"passed_time":0.9873734729,"remaining_time":4.467728587},
{"learn":[83786.35854],"iteration":181,"passed_time":0.9929613154,"remaining_time":4.462870088},
{"learn":[83738.92613],"iteration":182,"passed_time":0.9986899893,"remaining_time":4.458632357},
{"learn":[83706.15866],"iteration":183,"passed_time":1.004329081,"remaining_time":4.453981142},
{"learn":[83678.47848],"iteration":184,"passed_time":1.009532012,"remaining_time":4.447397783},
{"learn":[83644.72478],"iteration":185,"passed_time":1.014834858,"remaining_time":4.44126653},
{"learn":[83566.59021],"iteration":186,"passed_time":1.021204232,"remaining_time":4.439780966},
{"learn":[83503.91597],"iteration":187,"passed_time":1.02665366,"remaining_time":4.434270062},
{"learn":[83475.4696],"iteration":188,"passed_time":1.031950714,"remaining_time":4.428105975},
{"learn":[83456.85725],"iteration":189,"passed_time":1.03728556,"remaining_time":4.422112125},
{"learn":[83421.4966],"iteration":190,"passed_time":1.042691738,"remaining_time":4.416427311},
{"learn":[83389.48894],"iteration":191,"passed_time":1.048278373,"remaining_time":4.411504818},
{"learn":[83348.12747],"iteration":192,"passed_time":1.054178169,"remaining_time":4.407884884},
{"learn":[83303.88435],"iteration":193,"passed_time":1.059477599,"remaining_time":4.401747137},
{"learn":[83265.19354],"iteration":194,"passed_time":1.064982401,"remaining_time":4.396465808},
{"learn":[83198.28636],"iteration":195,"passed_time":1.070303122,"remaining_time":4.390427091},
{"learn":[83146.12453],"iteration":196,"passed_time":1.075429262,"remaining_time":4.383602525},
{"learn":[83044.60581],"iteration":197,"passed_time":1.080789316,"remaining_time":4.377742582},
{"learn":[83001.96687],"iteration":198,"passed_time":1.087144023,"remaining_time":4.375891269},
{"learn":[82974.98315],"iteration":199,"passed_time":1.092388537,"remaining_time":4.369554147},
{"learn":[82942.90468],"iteration":200,"passed_time":1.097902005,"remaining_time":4.364297026},
{"learn":[82915.54615],"iteration":201,"passed_time":1.103226601,"remaining_time":4.358291227},
{"learn":[82862.56427],"iteration":202,"passed_time":1.108440365,"remaining_time":4.351857001},
{"learn":[82802.4134],"iteration":203,"passed_time":1.11382921,"remaining_time":4.3461179},
{"learn":[82745.54209],"iteration":204,"passed_time":1.119931254,"remaining_time":4.343148036},
{"learn":[82716.35856],"iteration":205,"passed_time":1.125065228,"remaining_time":4.336416461},
{"learn":[82654.59028],"iteration":206,"passed_time":1.130784569,"remaining_time":4.331942816},
{"learn":[82606.67566],"iteration":207,"passed_time":1.136726115,"remaining_time":4.328303283},
{"learn":[82579.53932],"iteration":208,"passed_time":1.142158126,"remaining_time":4.32271329},
{"learn":[82539.93357],"iteration":209,"passed_time":1.147751927,"remaining_time":4.317733439},
{"learn":[82515.1847],"iteration":210,"passed_time":1.153675223,"remaining_time":4.313979863},
{"learn":[82480.31452],"iteration":211,"passed_time":1.15901536,"remaining_time":4.308038227},
{"learn":[82440.7738],"iteration":212,"passed_time":1.16458412,"remaining_time":4.302946959},
{"learn":[82411.48633],"iteration":213,"passed_time":1.170441917,"remaining_time":4.298912836},
{"learn":[82387.85633],"iteration":214,"passed_time":1.176544253,"remaining_time":4.295754597},
{"learn":[82354.69182],"iteration":215,"passed_time":1.183623825,"remaining_time":4.296116107},
{"learn":[82328.71417],"iteration":216,"passed_time":1.189604788,"remaining_time":4.292444925},
{"learn":[82297.19343],"iteration":217,"passed_time":1.195473876,"remaining_time":4.288351245},
{"learn":[82241.69449],"iteration":218,"passed_time":1.201420964,"remaining_time":4.284519511},
{"learn":[82143.18653],"iteration":219,"passed_time":1.206616645,"remaining_time":4.278004469},
{"learn":[82105.84054],"iteration":220,"passed_time":1.211998657,"remaining_time":4.272158162},
{"learn":[82048.28125],"iteration":221,"passed_time":1.217907329,"remaining_time":4.268161719},
{"learn":[82012.01889],"iteration":222,"passed_time":1.223280091,"remaining_time":4.262280853},
{"learn":[81971.88885],"iteration":223,"passed_time":1.229475508,"remaining_time":4.259254439},
{"learn":[81914.31372],"iteration":224,"passed_time":1.235430471,"remaining_time":4.255371622},
{"learn":[81866.68544],"iteration":225,"passed_time":1.240850857,"remaining_time":4.249639661},
{"learn":[81802.46389],"iteration":226,"passed_time":1.246399117,"remaining_time":4.244345891},
{"learn":[81766.13668],"iteration":227,"passed_time":1.252790907,"remaining_time":4.241906053},
{"learn":[81701.90875],"iteration":228,"passed_time":1.258645163,"remaining_time":4.237621923},
{"learn":[81654.41704],"iteration":229,"passed_time":1.264107048,"remaining_time":4.232010553},
{"learn":[81629.81952],"iteration":230,"passed_time":1.26911969,"remaining_time":4.224904943},
{"learn":[81572.4598],"iteration":231,"passed_time":1.274625492,"remaining_time":4.219449905},
{"learn":[81538.70205],"iteration":232,"passed_time":1.280771494,"remaining_time":4.21610187},
{"learn":[81472.78768],"iteration":233,"passed_time":1.286994411,"remaining_time":4.212981705},
{"learn":[81451.17673],"iteration":234,"passed_time":1.292938374,"remaining_time":4.208927047},
{"learn":[81408.07505],"iteration":235,"passed_time":1.298566091,"remaining_time":4.203832599},
{"learn":[81384.5774],"iteration":236,"passed_time":1.303834313,"remaining_time":4.197576289},
{"learn":[81359.70174],"iteration":237,"passed_time":1.309179867,"remaining_time":4.191575875},
{"learn":[81309.86282],"iteration":238,"passed_time":1.315052622,"remaining_time":4.187259604},
{"learn":[81277.93168],"iteration":239,"passed_time":1.320769546,"remaining_time":4.182436896},
{"learn":[81247.77934],"iteration":240,"passed_time":1.326448262,"remaining_time":4.177486436},
{"learn":[81216.76426],"iteration":241,"passed_time":1.332766803,"remaining_time":4.174534037},
{"learn":[81195.71162],"iteration":242,"passed_time":1.338709933,"remaining_time":4.170384441},
{"learn":[81155.42335],"iteration":243,"passed_time":1.344752561,"remaining_time":4.166528426},
{"learn":[81126.10734],"iteration":244,"passed_time":1.35112806,"remaining_time":4.163680347},
{"learn":[81104.02225],"iteration":245,"passed_time":1.357800304,"remaining_time":4.161713128},
{"learn":[81070.30807],"iteration":246,"passed_time":1.363994472,"remaining_time":4.158250354},
{"learn":[81028.98045],"iteration":247,"passed_time":1.370202973,"remaining_time":4.154809015},
{"learn":[81003.02346],"iteration":248,"passed_time":1.376233268,"remaining_time":4.150807969},
{"learn":[80913.15875],"iteration":249,"passed_time":1.383070719,"remaining_time":4.149212156},
{"learn":[80880.25868],"iteration":250,"passed_time":1.38975013,"remaining_time":4.147102978},
{"learn":[80854.62425],"iteration":251,"passed_time":1.395967673,"remaining_time":4.143586584},
{"learn":[80834.00157],"iteration":252,"passed_time":1.401963093,"remaining_time":4.139393006},
{"learn":[80771.42856],"iteration":253,"passed_time":1.408060179,"remaining_time":4.135483832},
{"learn":[80757.77035],"iteration":254,"passed_time":1.414394761,"remaining_time":4.132251361},
{"learn":[80715.39802],"iteration":255,"passed_time":1.421047631,"remaining_time":4.129919678},
{"learn":[80698.54602],"iteration":256,"passed_time":1.427086801,"remaining_time":4.125780129},
{"learn":[80680.96249],"iteration":257,"passed_time":1.433098346,"remaining_time":4.121546406},
{"learn":[80642.33714],"iteration":258,"passed_time":1.439406679,"remaining_time":4.118148066},
{"learn":[80614.17501],"iteration":259,"passed_time":1.446123757,"remaining_time":4.115890692},
{"learn":[80533.3417],"iteration":260,"passed_time":1.452895833,"remaining_time":4.113754869},
{"learn":[80528.52675],"iteration":261,"passed_time":1.458986211,"remaining_time":4.109663449},
{"learn":[80509.3161],"iteration":262,"passed_time":1.465020922,"remaining_time":4.105400836},
{"learn":[80495.00218],"iteration":263,"passed_time":1.471265506,"remaining_time":4.101709896},
{"learn":[80463.14774],"iteration":264,"passed_time":1.477661004,"remaining_time":4.098418258},
{"learn":[80441.11236],"iteration":265,"passed_time":1.483947213,"remaining_time":4.094801707},
{"learn":[80387.98266],"iteration":266,"passed_time":1.489874509,"remaining_time":4.090179832},
{"learn":[80339.28438],"iteration":267,"passed_time":1.495872054,"remaining_time":4.085740089},
{"learn":[80304.64741],"iteration":268,"passed_time":1.502274303,"remaining_time":4.082388532},
{"learn":[80234.755],"iteration":269,"passed_time":1.508599427,"remaining_time":4.078805858},
{"learn":[80220.20349],"iteration":270,"passed_time":1.515352046,"remaining_time":4.07635292},
{"learn":[80195.04905],"iteration":271,"passed_time":1.521611671,"remaining_time":4.072548884},
{"learn":[80178.9059],"iteration":272,"passed_time":1.527612258,"remaining_time":4.068037038},
{"learn":[80166.51408],"iteration":273,"passed_time":1.533591553,"remaining_time":4.063457912},
{"learn":[80145.82708],"iteration":274,"passed_time":1.539346435,"remaining_time":4.058276966},
{"learn":[80128.57814],"iteration":275,"passed_time":1.54630776,"remaining_time":4.056256587},
{"learn":[80088.86372],"iteration":276,"passed_time":1.552723966,"remaining_time":4.052777717},
{"learn":[80048.63582],"iteration":277,"passed_time":1.558777969,"remaining_time":4.048337028},
{"learn":[80011.862],"iteration":278,"passed_time":1.564736057,"remaining_time":4.043636906},
{"learn":[80000.84766],"iteration":279,"passed_time":1.570544146,"remaining_time":4.03854209},
{"learn":[79992.33774],"iteration":280,"passed_time":1.576571399,"remaining_time":4.034002976},
{"learn":[79973.05991],"iteration":281,"passed_time":1.583274644,"remaining_time":4.031174448},
{"learn":[79962.63632],"iteration":282,"passed_time":1.589510894,"remaining_time":4.027135375},
{"learn":[79920.56448],"iteration":283,"passed_time":1.595689146,"remaining_time":4.022934607},
{"learn":[79893.49436],"iteration":284,"passed_time":1.601755857,"remaining_time":4.018440132},
{"learn":[79846.79531],"iteration":285,"passed_time":1.60842081,"remaining_time":4.015428176},
{"learn":[79825.54928],"iteration":286,"passed_time":1.615605215,"remaining_time":4.013681247},
{"learn":[79803.46408],"iteration":287,"passed_time":1.622494415,"remaining_time":4.011166747},
{"learn":[79790.52068],"iteration":288,"passed_time":1.629628153,"remaining_time":4.009223588},
{"learn":[79774.64994],"iteration":289,"passed_time":1.636749225,"remaining_time":4.007213621},
{"learn":[79728.10965],"iteration":290,"passed_time":1.644000587,"remaining_time":4.005485967},
{"learn":[79716.8413],"iteration":291,"passed_time":1.651022786,"remaining_time":4.003164837},
{"learn":[79689.68267],"iteration":292,"passed_time":1.6575202,"remaining_time":3.999545328},
{"learn":[79661.92764],"iteration":293,"passed_time":1.664196569,"remaining_time":3.996335979},
{"learn":[79649.11957],"iteration":294,"passed_time":1.672225921,"remaining_time":3.996336523},
{"learn":[79597.79117],"iteration":295,"passed_time":1.680540227,"remaining_time":3.996960541},
{"learn":[79557.22732],"iteration":296,"passed_time":1.688830159,"remaining_time":3.997466672},
{"learn":[79506.20137],"iteration":297,"passed_time":1.696365142,"remaining_time":3.996135335},
{"learn":[79473.36046],"iteration":298,"passed_time":1.704330286,"remaining_time":3.995771006},
{"learn":[79423.68224],"iteration":299,"passed_time":1.712886214,"remaining_time":3.9967345},
{"learn":[79390.89562],"iteration":300,"passed_time":1.721714472,"remaining_time":3.998267163},
{"learn":[79386.51086],"iteration":301,"passed_time":1.72902775,"remaining_time":3.996229701},
{"learn":[79355.97646],"iteration":302,"passed_time":1.73667919,"remaining_time":3.994935299},
{"learn":[79345.84794],"iteration":303,"passed_time":1.744646959,"remaining_time":3.994323302},
{"learn":[79321.22838],"iteration":304,"passed_time":1.75213911,"remaining_time":3.992579283},
{"learn":[79283.83808],"iteration":305,"passed_time":1.760494624,"remaining_time":3.992755781},
{"learn":[79260.24905],"iteration":306,"passed_time":1.76847506,"remaining_time":3.992030021},
{"learn":[79217.27946],"iteration":307,"passed_time":1.775930752,"remaining_time":3.990078184},
{"learn":[79181.52751],"iteration":308,"passed_time":1.783699066,"remaining_time":3.98878982},
{"learn":[79163.3665],"iteration":309,"passed_time":1.791529754,"remaining_time":3.987598484},
{"learn":[79117.8525],"iteration":310,"passed_time":1.799221568,"remaining_time":3.986056786},
{"learn":[79096.76229],"iteration":311,"passed_time":1.806872175,"remaining_time":3.984384796},
{"learn":[79031.37365],"iteration":312,"passed_time":1.815204564,"remaining_time":3.98417104},
{"learn":[79012.1077],"iteration":313,"passed_time":1.822850963,"remaining_time":3.98240688},
{"learn":[78996.81759],"iteration":314,"passed_time":1.831272434,"remaining_time":3.982290849},
{"learn":[78981.46449],"iteration":315,"passed_time":1.839249745,"remaining_time":3.98116084},
{"learn":[78969.71929],"iteration":316,"passed_time":1.847361512,"remaining_time":3.980277328},
{"learn":[78958.26432],"iteration":317,"passed_time":1.854996828,"remaining_time":3.978326529},
{"learn":[78940.2758],"iteration":318,"passed_time":1.862661559,"remaining_time":3.976402889},
{"learn":[78878.94646],"iteration":319,"passed_time":1.871413776,"remaining_time":3.976754274},
{"learn":[78866.54307],"iteration":320,"passed_time":1.879998079,"remaining_time":3.976693756},
{"learn":[78845.73251],"iteration":321,"passed_time":1.887850058,"remaining_time":3.975038321},
{"learn":[78821.45784],"iteration":322,"passed_time":1.895804161,"remaining_time":3.973558566},
{"learn":[78796.11441],"iteration":323,"passed_time":1.903572724,"remaining_time":3.971651733},
{"learn":[78781.68518],"iteration":324,"passed_time":1.911893989,"remaining_time":3.970856746},
{"learn":[78741.97715],"iteration":325,"passed_time":1.919945173,"remaining_time":3.969457199},
{"learn":[78708.75779],"iteration":326,"passed_time":1.927725195,"remaining_time":3.967458888},
{"learn":[78681.01237],"iteration":327,"passed_time":1.935522092,"remaining_time":3.965459895},
{"learn":[78662.79619],"iteration":328,"passed_time":1.943850856,"remaining_time":3.964510408},
{"learn":[78643.75672],"iteration":329,"passed_time":1.951598336,"remaining_time":3.962336017},
{"learn":[78633.60519],"iteration":330,"passed_time":1.959415274,"remaining_time":3.960268334},
{"learn":[78605.57988],"iteration":331,"passed_time":1.966910633,"remaining_time":3.957518985},
{"learn":[78576.10507],"iteration":332,"passed_time":1.973887999,"remaining_time":3.953703589},
{"learn":[78547.20953],"iteration":333,"passed_time":1.981759769,"remaining_time":3.951652714},
{"learn":[78531.36778],"iteration":334,"passed_time":1.989091172,"remaining_time":3.948494416},
{"learn":[78488.4012],"iteration":335,"passed_time":1.995904207,"remaining_time":3.944286884},
{"learn":[78455.22164],"iteration":336,"passed_time":2.003502689,"remaining_time":3.941609148},
{"learn":[78419.75967],"iteration":337,"passed_time":2.010886174,"remaining_time":3.938481205},
{"learn":[78400.10015],"iteration":338,"passed_time":2.017978622,"remaining_time":3.934760675},
{"learn":[78380.16919],"iteration":339,"passed_time":2.0246667,"remaining_time":3.930235358},
{"learn":[78340.98336],"iteration":340,"passed_time":2.031394069,"remaining_time":3.925773288},
{"learn":[78292.06758],"iteration":341,"passed_time":2.03871193,"remaining_time":3.922434064},
{"learn":[78263.38998],"iteration":342,"passed_time":2.045637671,"remaining_time":3.918320554},
{"learn":[78245.49941],"iteration":343,"passed_time":2.052309166,"remaining_time":3.913705851},
{"learn":[78211.01196],"iteration":344,"passed_time":2.059691735,"remaining_time":3.910429235},
{"learn":[78182.4332],"iteration":345,"passed_time":2.067018721,"remaining_time":3.907023824},
{"learn":[78155.99562],"iteration":346,"passed_time":2.075305944,"remaining_time":3.905402828},
{"learn":[78138.34189],"iteration":347,"passed_time":2.082297226,"remaining_time":3.901315492},
{"learn":[78101.34252],"iteration":348,"passed_time":2.089090511,"remaining_time":3.896842185},
{"learn":[78071.50808],"iteration":349,"passed_time":2.095844755,"remaining_time":3.892283116},
{"learn":[78020.03121],"iteration":350,"passed_time":2.103176324,"remaining_time":3.888779015},
{"learn":[77993.63145],"iteration":351,"passed_time":2.110023941,"remaining_time":3.884362255},
{"learn":[77985.30027],"iteration":352,"passed_time":2.116776393,"remaining_time":3.879757299},
{"learn":[77972.64439],"iteration":353,"passed_time":2.123263974,"remaining_time":3.874656856},
{"learn":[77953.41456],"iteration":354,"passed_time":2.129773512,"remaining_time":3.869588494},
{"learn":[77933.41618],"iteration":355,"passed_time":2.137181747,"remaining_time":3.866137768},
{"learn":[77910.65226],"iteration":356,"passed_time":2.143679328,"remaining_time":3.861024671},
{"learn":[77866.80343],"iteration":357,"passed_time":2.15068061,"remaining_time":3.856807127},
{"learn":[77840.71594],"iteration":358,"passed_time":2.157185857,"remaining_time":3.851688396},
{"learn":[77798.41511],"iteration":359,"passed_time":2.164289346,"remaining_time":3.847625503},
{"learn":[77776.29114],"iteration":360,"passed_time":2.171184337,"remaining_time":3.843176708},
{"learn":[77766.05861],"iteration":361,"passed_time":2.177731417,"remaining_time":3.838101227},
{"learn":[77748.22027],"iteration":362,"passed_time":2.183972459,"remaining_time":3.832480597},
{"learn":[77747.48729],"iteration":363,"passed_time":2.186364886,"remaining_time":3.820132053},
{"learn":[77716.72969],"iteration":364,"passed_time":2.192040311,"remaining_time":3.813549581},
{"learn":[77704.41232],"iteration":365,"passed_time":2.197978357,"remaining_time":3.807426989},
{"learn":[77653.87006],"iteration":366,"passed_time":2.204688059,"remaining_time":3.802636353},
{"learn":[77611.76098],"iteration":367,"passed_time":2.210483566,"remaining_time":3.796265254},
{"learn":[77582.27978],"iteration":368,"passed_time":2.216584693,"remaining_time":3.790419895},
{"learn":[77560.90239],"iteration":369,"passed_time":2.222605655,"remaining_time":3.784436655},
{"learn":[77539.21025],"iteration":370,"passed_time":2.228446702,"remaining_time":3.778148182},
{"learn":[77497.59446],"iteration":371,"passed_time":2.235008365,"remaining_time":3.773078638},
{"learn":[77469.1362],"iteration":372,"passed_time":2.240860162,"remaining_time":3.766807833},
{"learn":[77459.29684],"iteration":373,"passed_time":2.246997331,"remaining_time":3.761016923},
{"learn":[77441.30727],"iteration":374,"passed_time":2.252771212,"remaining_time":3.754618687},
{"learn":[77395.71122],"iteration":375,"passed_time":2.258476428,"remaining_time":3.748109817},
{"learn":[77355.62494],"iteration":376,"passed_time":2.264708012,"remaining_time":3.742475044},
{"learn":[77330.03153],"iteration":377,"passed_time":2.270776682,"remaining_time":3.736569037},
{"learn":[77306.01797],"iteration":378,"passed_time":2.276723686,"remaining_time":3.730462821},
{"learn":[77283.15257],"iteration":379,"passed_time":2.282603441,"remaining_time":3.72424772},
{"learn":[77259.69996],"iteration":380,"passed_time":2.288498446,"remaining_time":3.718059156},
{"learn":[77231.56869],"iteration":381,"passed_time":2.294559949,"remaining_time":3.712141489},
{"learn":[77222.26351],"iteration":382,"passed_time":2.301111737,"remaining_time":3.707012903},
{"learn":[77209.78944],"iteration":383,"passed_time":2.307093408,"remaining_time":3.700962342},
{"learn":[77182.62248],"iteration":384,"passed_time":2.313373658,"remaining_time":3.69538909},
{"learn":[77142.80148],"iteration":385,"passed_time":2.319402619,"remaining_time":3.689412457},
{"learn":[77102.57263],"iteration":386,"passed_time":2.325193751,"remaining_time":3.683058835},
{"learn":[77083.17576],"iteration":387,"passed_time":2.331479542,"remaining_time":3.67748835},
{"learn":[77068.33141],"iteration":388,"passed_time":2.337770459,"remaining_time":3.671922237},
{"learn":[77046.08157],"iteration":389,"passed_time":2.343472258,"remaining_time":3.665430968},
{"learn":[77019.5194],"iteration":390,"passed_time":2.349281556,"remaining_time":3.65911117},
{"learn":[76990.66391],"iteration":391,"passed_time":2.35563593,"remaining_time":3.653639402},
{"learn":[76977.51326],"iteration":392,"passed_time":2.361404978,"remaining_time":3.647259089},
{"learn":[76977.19741],"iteration":393,"passed_time":2.364306107,"remaining_time":3.636470814},
{"learn":[76952.99132],"iteration":394,"passed_time":2.370378359,"remaining_time":3.630579512},
{"learn":[76951.29758],"iteration":395,"passed_time":2.376074992,"remaining_time":3.624114382},
{"learn":[76940.15638],"iteration":396,"passed_time":2.382616988,"remaining_time":3.618937139},
{"learn":[76897.85381],"iteration":397,"passed_time":2.388415286,"remaining_time":3.612628147},
{"learn":[76890.18692],"iteration":398,"passed_time":2.394598288,"remaining_time":3.60690118},
{"learn":[76871.62937],"iteration":399,"passed_time":2.401098035,"remaining_time":3.601647052},
{"learn":[76847.07536],"iteration":400,"passed_time":2.406926416,"remaining_time":3.595383848},
{"learn":[76815.44818],"iteration":401,"passed_time":2.41287917,"remaining_time":3.58930782},
{"learn":[76788.50236],"iteration":402,"passed_time":2.418892132,"remaining_time":3.583321595},
{"learn":[76765.77766],"iteration":403,"passed_time":2.42467318,"remaining_time":3.576993107},
{"learn":[76743.68478],"iteration":404,"passed_time":2.430910639,"remaining_time":3.571337852},
{"learn":[76727.9795],"iteration":405,"passed_time":2.436961767,"remaining_time":3.565407117},
{"learn":[76709.26968],"iteration":406,"passed_time":2.442879355,"remaining_time":3.559281222},
{"learn":[76697.60914],"iteration":407,"passed_time":2.448731319,"remaining_time":3.553061129},
{"learn":[76682.60275],"iteration":408,"passed_time":2.454430743,"remaining_time":3.546622419},
{"learn":[76650.07238],"iteration":409,"passed_time":2.460478288,"remaining_time":3.540688268},
{"learn":[76628.88447],"iteration":410,"passed_time":2.467054992,"remaining_time":3.535511899},
{"learn":[76609.79574],"iteration":411,"passed_time":2.472727625,"remaining_time":3.529038455},
{"learn":[76587.10459],"iteration":412,"passed_time":2.478677338,"remaining_time":3.522962705},
{"learn":[76571.1351],"iteration":413,"passed_time":2.484110391,"remaining_time":3.516156254},
{"learn":[76563.22065],"iteration":414,"passed_time":2.489356988,"remaining_time":3.509093585},
{"learn":[76540.08172],"iteration":415,"passed_time":2.495045287,"remaining_time":3.50265973},
{"learn":[76530.20152],"iteration":416,"passed_time":2.50107404,"remaining_time":3.496705433},
{"learn":[76507.86931],"iteration":417,"passed_time":2.506262305,"remaining_time":3.48958053},
{"learn":[76477.62075],"iteration":418,"passed_time":2.511721732,"remaining_time":3.482840875},
{"learn":[76476.46025],"iteration":419,"passed_time":2.514948356,"remaining_time":3.473023921},
{"learn":[76468.90975],"iteration":420,"passed_time":2.519939748,"remaining_time":3.465665355},
{"learn":[76452.01042],"iteration":421,"passed_time":2.525223428,"remaining_time":3.458718345},
{"learn":[76435.2282],"iteration":422,"passed_time":2.531498512,"remaining_time":3.453131539},
{"learn":[76407.39726],"iteration":423,"passed_time":2.53697498,"remaining_time":3.446456577},
{"learn":[76388.23073],"iteration":424,"passed_time":2.542468991,"remaining_time":3.439810988},
{"learn":[76362.27487],"iteration":425,"passed_time":2.547903127,"remaining_time":3.433090129},
{"learn":[76355.03252],"iteration":426,"passed_time":2.553658926,"remaining_time":3.426806942},
{"learn":[76329.77004],"iteration":427,"passed_time":2.559627971,"remaining_time":3.420811214},
{"learn":[76293.8969],"iteration":428,"passed_time":2.565503477,"remaining_time":3.414691108},
{"learn":[76275.80374],"iteration":429,"passed_time":2.570763782,"remaining_time":3.407756641},
{"learn":[76267.70311],"iteration":430,"passed_time":2.576415123,"remaining_time":3.401346184},
{"learn":[76263.54738],"iteration":431,"passed_time":2.581658054,"remaining_time":3.394402256},
{"learn":[76227.86856],"iteration":432,"passed_time":2.587077565,"remaining_time":3.387697412},
{"learn":[76212.61046],"iteration":433,"passed_time":2.592918696,"remaining_time":3.381548345},
{"learn":[76180.67661],"iteration":434,"passed_time":2.598903367,"remaining_time":3.375587131},
{"learn":[76173.2638],"iteration":435,"passed_time":2.60441996,"remaining_time":3.369020315},
{"learn":[76167.19737],"iteration":436,"passed_time":2.609581016,"remaining_time":3.362000257},
{"learn":[76144.21147],"iteration":437,"passed_time":2.615269733,"remaining_time":3.35566573},
{"learn":[76133.5076],"iteration":438,"passed_time":2.620370123,"remaining_time":3.348582321},
{"learn":[76101.84923],"iteration":439,"passed_time":2.62601984,"remaining_time":3.342207069},
{"learn":[76093.03413],"iteration":440,"passed_time":2.631996927,"remaining_time":3.336250073},
{"learn":[76066.97474],"iteration":441,"passed_time":2.637280732,"remaining_time":3.329417757},
{"learn":[76011.03259],"iteration":442,"passed_time":2.642664952,"remaining_time":3.322718687},
{"learn":[75999.17214],"iteration":443,"passed_time":2.648523791,"remaining_time":3.316619882},
{"learn":[75973.59594],"iteration":444,"passed_time":2.654355797,"remaining_time":3.31048869},
{"learn":[75948.92181],"iteration":445,"passed_time":2.660523507,"remaining_time":3.304775836},
{"learn":[75918.58116],"iteration":446,"passed_time":2.667081128,"remaining_time":3.299543319},
{"learn":[75888.36649],"iteration":447,"passed_time":2.673131756,"remaining_time":3.293680199},
{"learn":[75877.06889],"iteration":448,"passed_time":2.67898622,"remaining_time":3.287575517},
{"learn":[75839.20537],"iteration":449,"passed_time":2.684878017,"remaining_time":3.281517576},
{"learn":[75817.22843],"iteration":450,"passed_time":2.691104184,"remaining_time":3.275867399},
{"learn":[75786.43833],"iteration":451,"passed_time":2.697851219,"remaining_time":3.270846169},
{"learn":[75746.79414],"iteration":452,"passed_time":2.703979555,"remaining_time":3.265070235},
{"learn":[75739.85681],"iteration":453,"passed_time":2.709866101,"remaining_time":3.259001963},
{"learn":[75705.61334],"iteration":454,"passed_time":2.715891938,"remaining_time":3.253101332},
{"learn":[75703.43367],"iteration":455,"passed_time":2.71938835,"remaining_time":3.244182593},
{"learn":[75701.46658],"iteration":456,"passed_time":2.72564235,"remaining_time":3.238564106},
{"learn":[75671.52635],"iteration":457,"passed_time":2.731753311,"remaining_time":3.232773569},
{"learn":[75665.49005],"iteration":458,"passed_time":2.737505651,"remaining_time":3.226558948},
{"learn":[75652.44975],"iteration":459,"passed_time":2.743387365,"remaining_time":3.220498211},
{"learn":[75634.38943],"iteration":460,"passed_time":2.749457534,"remaining_time":3.214658592},
{"learn":[75630.11923],"iteration":461,"passed_time":2.755654243,"remaining_time":3.208965331},
{"learn":[75624.66518],"iteration":462,"passed_time":2.762972688,"remaining_time":3.204570915},
{"learn":[75600.12467],"iteration":463,"passed_time":2.769371395,"remaining_time":3.199101439},
{"learn":[75591.13935],"iteration":464,"passed_time":2.775459897,"remaining_time":3.193271064},
{"learn":[75577.64213],"iteration":465,"passed_time":2.781311153,"remaining_time":3.187167716},
{"learn":[75554.15062],"iteration":466,"passed_time":2.787237074,"remaining_time":3.181150665},
{"learn":[75533.79492],"iteration":467,"passed_time":2.793588406,"remaining_time":3.17561759},
{"learn":[75533.6738],"iteration":468,"passed_time":2.795540006,"remaining_time":3.165099665},
{"learn":[75501.8947],"iteration":469,"passed_time":2.801473468,"remaining_time":3.159108379},
{"learn":[75490.82605],"iteration":470,"passed_time":2.807540388,"remaining_time":3.15326723},
{"learn":[75475.93839],"iteration":471,"passed_time":2.813331769,"remaining_time":3.147116894},
{"learn":[75441.33485],"iteration":472,"passed_time":2.819237899,"remaining_time":3.141095926},
{"learn":[75434.4436],"iteration":473,"passed_time":2.825409317,"remaining_time":3.135369833},
{"learn":[75409.88703],"iteration":474,"passed_time":2.831385196,"remaining_time":3.129425743},
{"learn":[75404.91215],"iteration":475,"passed_time":2.837140287,"remaining_time":3.123238467},
{"learn":[75383.67053],"iteration":476,"passed_time":2.843119874,"remaining_time":3.117299149},
{"learn":[75358.80129],"iteration":477,"passed_time":2.84914146,"remaining_time":3.111405528},
{"learn":[75351.94917],"iteration":478,"passed_time":2.855546625,"remaining_time":3.105928584},
{"learn":[75334.54545],"iteration":479,"passed_time":2.862054039,"remaining_time":3.100558542},
{"learn":[75321.46521],"iteration":480,"passed_time":2.867976794,"remaining_time":3.094552923},
{"learn":[75294.27533],"iteration":481,"passed_time":2.874069005,"remaining_time":3.08872976},
{"learn":[75281.02431],"iteration":482,"passed_time":2.879784179,"remaining_time":3.082501905},
{"learn":[75273.96509],"iteration":483,"passed_time":2.886127678,"remaining_time":3.076946037},
{"learn":[75244.82723],"iteration":484,"passed_time":2.89333004,"remaining_time":3.072298909},
{"learn":[75220.32351],"iteration":485,"passed_time":2.899335752,"remaining_time":3.066375672},
{"learn":[75197.92958],"iteration":486,"passed_time":2.905463379,"remaining_time":3.060580521},
{"learn":[75171.89505],"iteration":487,"passed_time":2.911181012,"remaining_time":3.054353848},
{"learn":[75128.25957],"iteration":488,"passed_time":2.917067684,"remaining_time":3.048305902},
{"learn":[75125.21018],"iteration":489,"passed_time":2.923644971,"remaining_time":3.042977419},
{"learn":[75120.52483],"iteration":490,"passed_time":2.929432853,"remaining_time":3.036825503},
{"learn":[75095.92043],"iteration":491,"passed_time":2.935497231,"remaining_time":3.030960555},
{"learn":[75072.17717],"iteration":492,"passed_time":2.941797105,"remaining_time":3.025336982},
{"learn":[75071.23084],"iteration":493,"passed_time":2.948057397,"remaining_time":3.019670127},
{"learn":[75067.76389],"iteration":494,"passed_time":2.954253981,"remaining_time":3.01393588},
{"learn":[75040.07154],"iteration":495,"passed_time":2.960746687,"remaining_time":3.008500666},
{"learn":[75037.39168],"iteration":496,"passed_time":2.966714191,"remaining_time":3.002529654},
{"learn":[75020.94003],"iteration":497,"passed_time":2.972677195,"remaining_time":2.99655412},
{"learn":[75007.82926],"iteration":498,"passed_time":2.978463118,"remaining_time":2.990400846},
{"learn":[74975.86082],"iteration":499,"passed_time":2.984315207,"remaining_time":2.984315207},
{"learn":[74953.79856],"iteration":500,"passed_time":2.990342461,"remaining_time":2.978404966},
{"learn":[74945.21159],"iteration":501,"passed_time":2.996163842,"remaining_time":2.972290026},
{"learn":[74935.61411],"iteration":502,"passed_time":3.00209668,"remaining_time":2.966286381},
{"learn":[74922.91966],"iteration":503,"passed_time":3.007718688,"remaining_time":2.959977122},
{"learn":[74922.84546],"iteration":504,"passed_time":3.009360916,"remaining_time":2.949769611},
{"learn":[74910.52471],"iteration":505,"passed_time":3.015073632,"remaining_time":2.94356991},
{"learn":[74883.67019],"iteration":506,"passed_time":3.020993512,"remaining_time":2.937573573},
{"learn":[74881.15818],"iteration":507,"passed_time":3.026808643,"remaining_time":2.931476087},
{"learn":[74862.07062],"iteration":508,"passed_time":3.032684148,"remaining_time":2.925437951},
{"learn":[74844.25644],"iteration":509,"passed_time":3.038428072,"remaining_time":2.91927403},
{"learn":[74841.76415],"iteration":510,"passed_time":3.044028789,"remaining_time":2.912974712},
{"learn":[74839.51885],"iteration":511,"passed_time":3.04963109,"remaining_time":2.906679633},
{"learn":[74816.19219],"iteration":512,"passed_time":3.055716968,"remaining_time":2.900846322},
{"learn":[74800.85368],"iteration":513,"passed_time":3.061457141,"remaining_time":2.894685157},
{"learn":[74778.24903],"iteration":514,"passed_time":3.067414104,"remaining_time":2.888729787},
{"learn":[74754.16367],"iteration":515,"passed_time":3.073408149,"remaining_time":2.882809194},
{"learn":[74717.07557],"iteration":516,"passed_time":3.079240364,"remaining_time":2.876737129},
{"learn":[74676.64843],"iteration":517,"passed_time":3.085095202,"remaining_time":2.870687042},
{"learn":[74675.63871],"iteration":518,"passed_time":3.088644447,"remaining_time":2.862500923},
{"learn":[74644.59039],"iteration":519,"passed_time":3.094529036,"remaining_time":2.856488341},
{"learn":[74631.40265],"iteration":520,"passed_time":3.100279001,"remaining_time":2.850352479},
{"learn":[74626.76025],"iteration":521,"passed_time":3.106163048,"remaining_time":2.844340875},
{"learn":[74601.66577],"iteration":522,"passed_time":3.111854514,"remaining_time":2.838154117},
{"learn":[74567.35014],"iteration":523,"passed_time":3.117760185,"remaining_time":2.832163833},
{"learn":[74541.69776],"iteration":524,"passed_time":3.123625024,"remaining_time":2.826136927},
{"learn":[74524.76034],"iteration":525,"passed_time":3.129336532,"remaining_time":2.819972464},
{"learn":[74495.56762],"iteration":526,"passed_time":3.135067539,"remaining_time":2.813827222},
{"learn":[74489.29916],"iteration":527,"passed_time":3.141150458,"remaining_time":2.807998137},
{"learn":[74471.23646],"iteration":528,"passed_time":3.146810008,"remaining_time":2.801791141},
{"learn":[74469.41937],"iteration":529,"passed_time":3.152500141,"remaining_time":2.795613332},
{"learn":[74462.54173],"iteration":530,"passed_time":3.158665809,"remaining_time":2.789857372},
{"learn":[74448.08122],"iteration":531,"passed_time":3.16432565,"remaining_time":2.783654896},
{"learn":[74412.47125],"iteration":532,"passed_time":3.170125615,"remaining_time":2.777577227},
{"learn":[74393.33394],"iteration":533,"passed_time":3.176118244,"remaining_time":2.77166873},
{"learn":[74377.19596],"iteration":534,"passed_time":3.181923208,"remaining_time":2.765596807},
{"learn":[74363.10308],"iteration":535,"passed_time":3.187901129,"remaining_time":2.759675604},
{"learn":[74340.89623],"iteration":536,"passed_time":3.193638303,"remaining_time":2.753546619},
{"learn":[74312.77091],"iteration":537,"passed_time":3.199230354,"remaining_time":2.747294467},
{"learn":[74310.82504],"iteration":538,"passed_time":3.204104081,"remaining_time":2.740430392},
{"learn":[74284.76419],"iteration":539,"passed_time":3.209286595,"remaining_time":2.733836729},
{"learn":[74277.81251],"iteration":540,"passed_time":3.214350528,"remaining_time":2.727147675},
{"learn":[74259.13545],"iteration":541,"passed_time":3.219527917,"remaining_time":2.720560491},
{"learn":[74255.7956],"iteration":542,"passed_time":3.224648308,"remaining_time":2.713930528},
{"learn":[74235.63329],"iteration":543,"passed_time":3.23000357,"remaining_time":2.707502993},
{"learn":[74212.95492],"iteration":544,"passed_time":3.235700869,"remaining_time":2.701364946},
{"learn":[74209.18239],"iteration":545,"passed_time":3.240975424,"remaining_time":2.694877001},
{"learn":[74190.28514],"iteration":546,"passed_time":3.246298562,"remaining_time":2.688433727},
{"learn":[74180.08728],"iteration":547,"passed_time":3.251467743,"remaining_time":2.681867555},
{"learn":[74166.86928],"iteration":548,"passed_time":3.256977879,"remaining_time":2.675586563},
{"learn":[74139.72641],"iteration":549,"passed_time":3.262327016,"remaining_time":2.669176649},
{"learn":[74131.14979],"iteration":550,"passed_time":3.267494906,"remaining_time":2.66262289},
{"learn":[74126.15448],"iteration":551,"passed_time":3.272579505,"remaining_time":2.656006555},
{"learn":[74109.7571],"iteration":552,"passed_time":3.277788019,"remaining_time":2.649495921},
{"learn":[74107.10652],"iteration":553,"passed_time":3.282736953,"remaining_time":2.642781013},
{"learn":[74093.60473],"iteration":554,"passed_time":3.287780053,"remaining_time":2.63614797},
{"learn":[74070.61916],"iteration":555,"passed_time":3.29287761,"remaining_time":2.629564135},
{"learn":[74065.34543],"iteration":556,"passed_time":3.298053166,"remaining_time":2.623047671},
{"learn":[74061.97138],"iteration":557,"passed_time":3.303050725,"remaining_time":2.616395019},
{"learn":[74040.79107],"iteration":558,"passed_time":3.30834053,"remaining_time":2.609978844},
{"learn":[74012.50309],"iteration":559,"passed_time":3.313788124,"remaining_time":2.603690669},
{"learn":[73988.36724],"iteration":560,"passed_time":3.318887931,"remaining_time":2.597133337},
{"learn":[73968.56918],"iteration":561,"passed_time":3.324094779,"remaining_time":2.590664614},
{"learn":[73957.00661],"iteration":562,"passed_time":3.329180586,"remaining_time":2.584106423},
{"learn":[73921.45087],"iteration":563,"passed_time":3.334357934,"remaining_time":2.577624219},
{"learn":[73905.24114],"iteration":564,"passed_time":3.339486991,"remaining_time":2.571109453},
{"learn":[73889.69293],"iteration":565,"passed_time":3.344487925,"remaining_time":2.564501342},
{"learn":[73884.45517],"iteration":566,"passed_time":3.349924561,"remaining_time":2.558231631},
{"learn":[73883.0008],"iteration":567,"passed_time":3.354812954,"remaining_time":2.551547881},
{"learn":[73869.99605],"iteration":568,"passed_time":3.359882512,"remaining_time":2.545007667},
{"learn":[73851.72956],"iteration":569,"passed_time":3.365017944,"remaining_time":2.538522309},
{"learn":[73837.32072],"iteration":570,"passed_time":3.3702145,"remaining_time":2.532087602},
{"learn":[73814.51819],"iteration":571,"passed_time":3.375661928,"remaining_time":2.525844939},
{"learn":[73794.00827],"iteration":572,"passed_time":3.381018648,"remaining_time":2.519537457},
{"learn":[73786.82709],"iteration":573,"passed_time":3.386208788,"remaining_time":2.513109658},
{"learn":[73785.43674],"iteration":574,"passed_time":3.391278345,"remaining_time":2.506597038},
{"learn":[73765.38712],"iteration":575,"passed_time":3.396359694,"remaining_time":2.500098108},
{"learn":[73740.7204],"iteration":576,"passed_time":3.401703957,"remaining_time":2.493796835},
{"learn":[73725.24354],"iteration":577,"passed_time":3.406759806,"remaining_time":2.487288302},
{"learn":[73703.90022],"iteration":578,"passed_time":3.411960196,"remaining_time":2.480889883},
{"learn":[73688.2796],"iteration":579,"passed_time":3.41728175,"remaining_time":2.474583336},
{"learn":[73657.46745],"iteration":580,"passed_time":3.422378807,"remaining_time":2.468118279},
{"learn":[73655.4879],"iteration":581,"passed_time":3.427299617,"remaining_time":2.46153134},
{"learn":[73636.72365],"iteration":582,"passed_time":3.432904459,"remaining_time":2.455439382},
{"learn":[73618.74786],"iteration":583,"passed_time":3.438151348,"remaining_time":2.449094111},
{"learn":[73603.4244],"iteration":584,"passed_time":3.443316196,"remaining_time":2.442694395},
{"learn":[73567.89222],"iteration":585,"passed_time":3.449356074,"remaining_time":2.43691709},
{"learn":[73539.59125],"iteration":586,"passed_time":3.455763072,"remaining_time":2.431397187},
{"learn":[73515.2572],"iteration":587,"passed_time":3.461358123,"remaining_time":2.425305352},
{"learn":[73486.19957],"iteration":588,"passed_time":3.466864383,"remaining_time":2.419153245},
{"learn":[73468.19312],"iteration":589,"passed_time":3.472006357,"remaining_time":2.41275018},
{"learn":[73466.36478],"iteration":590,"passed_time":3.477125247,"remaining_time":2.406335408},
{"learn":[73454.46678],"iteration":591,"passed_time":3.482632507,"remaining_time":2.400192674},
{"learn":[73436.02056],"iteration":592,"passed_time":3.487947103,"remaining_time":2.39391985},
{"learn":[73416.62955],"iteration":593,"passed_time":3.4931892,"remaining_time":2.387600699},
{"learn":[73411.39478],"iteration":594,"passed_time":3.498568671,"remaining_time":2.381378675},
{"learn":[73380.92516],"iteration":595,"passed_time":3.503937558,"remaining_time":2.375152304},
{"learn":[73362.97731],"iteration":596,"passed_time":3.509127614,"remaining_time":2.368808088},
{"learn":[73340.46097],"iteration":597,"passed_time":3.514910454,"remaining_time":2.362866225},
{"learn":[73324.77172],"iteration":598,"passed_time":3.520654127,"remaining_time":2.356898673},
{"learn":[73318.34499],"iteration":599,"passed_time":3.526546383,"remaining_time":2.351030922},
{"learn":[73304.04765],"iteration":600,"passed_time":3.532688759,"remaining_time":2.345329143},
{"learn":[73280.92037],"iteration":601,"passed_time":3.538449099,"remaining_time":2.339373325},
{"learn":[73271.01923],"iteration":602,"passed_time":3.544148357,"remaining_time":2.33337794},
{"learn":[73245.63425],"iteration":603,"passed_time":3.550220943,"remaining_time":2.3276283},
{"learn":[73229.27282],"iteration":604,"passed_time":3.555773369,"remaining_time":2.321537985},
{"learn":[73224.04469],"iteration":605,"passed_time":3.562092911,"remaining_time":2.315948196},
{"learn":[73207.24625],"iteration":606,"passed_time":3.567889959,"remaining_time":2.310017716},
{"learn":[73182.91377],"iteration":607,"passed_time":3.574039377,"remaining_time":2.304314861},
{"learn":[73171.50815],"iteration":608,"passed_time":3.580115671,"remaining_time":2.298563592},
{"learn":[73170.86961],"iteration":609,"passed_time":3.583995661,"remaining_time":2.291407062},
{"learn":[73165.68375],"iteration":610,"passed_time":3.589826209,"remaining_time":2.285503102},
{"learn":[73139.36284],"iteration":611,"passed_time":3.595950503,"remaining_time":2.279785613},
{"learn":[73126.63033],"iteration":612,"passed_time":3.601695135,"remaining_time":2.273827108},
{"learn":[73105.56879],"iteration":613,"passed_time":3.607581807,"remaining_time":2.267958595},
{"learn":[73075.51644],"iteration":614,"passed_time":3.613882681,"remaining_time":2.262349321},
{"learn":[73061.05142],"iteration":615,"passed_time":3.619724687,"remaining_time":2.256451753},
{"learn":[73019.76264],"iteration":616,"passed_time":3.625442028,"remaining_time":2.25047698},
{"learn":[73000.65832],"iteration":617,"passed_time":3.631437948,"remaining_time":2.244675237},
{"learn":[72984.08192],"iteration":618,"passed_time":3.637593408,"remaining_time":2.238971064},
{"learn":[72977.86064],"iteration":619,"passed_time":3.642808047,"remaining_time":2.232688803},
{"learn":[72973.91717],"iteration":620,"passed_time":3.648685052,"remaining_time":2.226814227},
{"learn":[72971.91956],"iteration":621,"passed_time":3.654356352,"remaining_time":2.220814632},
{"learn":[72955.35725],"iteration":622,"passed_time":3.660586019,"remaining_time":2.21515398},
{"learn":[72953.62924],"iteration":623,"passed_time":3.666987559,"remaining_time":2.209595068},
{"learn":[72923.72756],"iteration":624,"passed_time":3.672948772,"remaining_time":2.203769263},
{"learn":[72911.56549],"iteration":625,"passed_time":3.679375937,"remaining_time":2.198221406},
{"learn":[72888.7017],"iteration":626,"passed_time":3.685512313,"remaining_time":2.192497756},
{"learn":[72871.35584],"iteration":627,"passed_time":3.691574941,"remaining_time":2.186729105},
{"learn":[72854.78133],"iteration":628,"passed_time":3.69744428,"remaining_time":2.180845513},
{"learn":[72831.97602],"iteration":629,"passed_time":3.702885458,"remaining_time":2.174710507},
{"learn":[72830.72876],"iteration":630,"passed_time":3.70808743,"remaining_time":2.168437816},
{"learn":[72810.80426],"iteration":631,"passed_time":3.714140308,"remaining_time":2.162663977},
{"learn":[72809.31685],"iteration":632,"passed_time":3.720448016,"remaining_time":2.157037001},
{"learn":[72791.01316],"iteration":633,"passed_time":3.726419604,"remaining_time":2.151213841},
{"learn":[72769.04991],"iteration":634,"passed_time":3.732365108,"remaining_time":2.14537522},
{"learn":[72767.49261],"iteration":635,"passed_time":3.737716162,"remaining_time":2.139196042},
{"learn":[72754.41562],"iteration":636,"passed_time":3.74340567,"remaining_time":2.133212336},
{"learn":[72722.87183],"iteration":637,"passed_time":3.749603254,"remaining_time":2.127517834},
{"learn":[72710.68254],"iteration":638,"passed_time":3.755342178,"remaining_time":2.121562639},
{"learn":[72685.06398],"iteration":639,"passed_time":3.761657469,"remaining_time":2.115932326},
{"learn":[72668.22859],"iteration":640,"passed_time":3.767923011,"remaining_time":2.110272014},
{"learn":[72652.98076],"iteration":641,"passed_time":3.773916848,"remaining_time":2.104458305},
{"learn":[72630.54987],"iteration":642,"passed_time":3.780198848,"remaining_time":2.098804026},
{"learn":[72629.25476],"iteration":643,"passed_time":3.786104311,"remaining_time":2.09293965},
{"learn":[72612.34697],"iteration":644,"passed_time":3.792795972,"remaining_time":2.087507861},
{"learn":[72595.15976],"iteration":645,"passed_time":3.798870392,"remaining_time":2.08173393},
{"learn":[72572.97126],"iteration":646,"passed_time":3.805834174,"remaining_time":2.076444302},
{"learn":[72542.15397],"iteration":647,"passed_time":3.812664125,"remaining_time":2.071076809},
{"learn":[72505.84535],"iteration":648,"passed_time":3.81872867,"remaining_time":2.065290852},
{"learn":[72494.56809],"iteration":649,"passed_time":3.825036461,"remaining_time":2.059635017},
{"learn":[72474.32249],"iteration":650,"passed_time":3.831228295,"remaining_time":2.053915015},
{"learn":[72449.9538],"iteration":651,"passed_time":3.836927803,"remaining_time":2.047930791},
{"learn":[72423.51114],"iteration":652,"passed_time":3.843460591,"remaining_time":2.042390238},
{"learn":[72401.82208],"iteration":653,"passed_time":3.849830798,"remaining_time":2.036760636},
{"learn":[72399.77317],"iteration":654,"passed_time":3.855708637,"remaining_time":2.030869435},
{"learn":[72377.75392],"iteration":655,"passed_time":3.861797306,"remaining_time":2.025088831},
{"learn":[72365.95965],"iteration":656,"passed_time":3.868085306,"remaining_time":2.019411355},
{"learn":[72349.10111],"iteration":657,"passed_time":3.874230308,"remaining_time":2.013657698},
{"learn":[72330.14471],"iteration":658,"passed_time":3.881157966,"remaining_time":2.00830784},
{"learn":[72299.81918],"iteration":659,"passed_time":3.887044346,"remaining_time":2.002416784},
{"learn":[72290.04746],"iteration":660,"passed_time":3.893075099,"remaining_time":1.996599786},
{"learn":[72263.6415],"iteration":661,"passed_time":3.899127977,"remaining_time":1.990793438},
{"learn":[72253.75268],"iteration":662,"passed_time":3.904884942,"remaining_time":1.984835936},
{"learn":[72225.11162],"iteration":663,"passed_time":3.911570853,"remaining_time":1.979349107},
{"learn":[72208.82081],"iteration":664,"passed_time":3.917707814,"remaining_time":1.973582132},
{"learn":[72194.03722],"iteration":665,"passed_time":3.923716901,"remaining_time":1.967749917},
{"learn":[72177.36172],"iteration":666,"passed_time":3.92954824,"remaining_time":1.961828432},
{"learn":[72157.67656],"iteration":667,"passed_time":3.935491744,"remaining_time":1.955962963},
{"learn":[72147.08487],"iteration":668,"passed_time":3.9419287,"remaining_time":1.950341405},
{"learn":[72122.60597],"iteration":669,"passed_time":3.948294158,"remaining_time":1.944682197},
{"learn":[72112.49454],"iteration":670,"passed_time":3.954508367,"remaining_time":1.938946725},
{"learn":[72097.84623],"iteration":671,"passed_time":3.960787992,"remaining_time":1.933241758},
{"learn":[72083.43026],"iteration":672,"passed_time":3.96708945,"remaining_time":1.927545691},
{"learn":[72069.2403],"iteration":673,"passed_time":3.973530906,"remaining_time":1.921915542},
{"learn":[72050.66356],"iteration":674,"passed_time":3.980152693,"remaining_time":1.916369815},
{"learn":[72045.09492],"iteration":675,"passed_time":3.985934366,"remaining_time":1.910418246},
{"learn":[72024.75857],"iteration":676,"passed_time":3.991981827,"remaining_time":1.904593989},
{"learn":[72007.81898],"iteration":677,"passed_time":3.998452075,"remaining_time":1.898969864},
{"learn":[71984.47118],"iteration":678,"passed_time":4.004216998,"remaining_time":1.893009803},
{"learn":[71962.49315],"iteration":679,"passed_time":4.01089566,"remaining_time":1.88748031},
{"learn":[71947.1688],"iteration":680,"passed_time":4.016836247,"remaining_time":1.881601708},
{"learn":[71937.90552],"iteration":681,"passed_time":4.022722128,"remaining_time":1.875697414},
{"learn":[71925.95046],"iteration":682,"passed_time":4.028996044,"remaining_time":1.869973274},
{"learn":[71907.02699],"iteration":683,"passed_time":4.035012964,"remaining_time":1.864128796},
{"learn":[71886.02577],"iteration":684,"passed_time":4.041572377,"remaining_time":1.858533283},
{"learn":[71861.89351],"iteration":685,"passed_time":4.047681296,"remaining_time":1.852728757},
{"learn":[71843.10916],"iteration":686,"passed_time":4.053924755,"remaining_time":1.846984641},
{"learn":[71828.03967],"iteration":687,"passed_time":4.060314087,"remaining_time":1.841305225},
{"learn":[71807.30959],"iteration":688,"passed_time":4.066163092,"remaining_time":1.835379857},
{"learn":[71789.9667],"iteration":689,"passed_time":4.072811379,"remaining_time":1.829813808},
{"learn":[71767.67241],"iteration":690,"passed_time":4.079464707,"remaining_time":1.824246881},
{"learn":[71740.30025],"iteration":691,"passed_time":4.085264839,"remaining_time":1.818297067},
{"learn":[71725.42133],"iteration":692,"passed_time":4.091505214,"remaining_time":1.812542714},
{"learn":[71708.27909],"iteration":693,"passed_time":4.097526093,"remaining_time":1.806690179},
{"learn":[71696.24433],"iteration":694,"passed_time":4.103815342,"remaining_time":1.800954934},
{"learn":[71694.81409],"iteration":695,"passed_time":4.110831624,"remaining_time":1.795535652},
{"learn":[71689.16837],"iteration":696,"passed_time":4.116808295,"remaining_time":1.789659847},
{"learn":[71687.06402],"iteration":697,"passed_time":4.123497664,"remaining_time":1.784092113},
{"learn":[71661.80788],"iteration":698,"passed_time":4.130197409,"remaining_time":1.778525637},
{"learn":[71660.43271],"iteration":699,"passed_time":4.137012652,"remaining_time":1.773005422},
{"learn":[71658.76973],"iteration":700,"passed_time":4.144680217,"remaining_time":1.767845057},
{"learn":[71646.98021],"iteration":701,"passed_time":4.151304462,"remaining_time":1.762234658},
{"learn":[71626.73033],"iteration":702,"passed_time":4.158152579,"remaining_time":1.756715955},
{"learn":[71602.26083],"iteration":703,"passed_time":4.165026155,"remaining_time":1.751204179},
{"learn":[71577.34391],"iteration":704,"passed_time":4.172132144,"remaining_time":1.745785791},
{"learn":[71558.38622],"iteration":705,"passed_time":4.179198133,"remaining_time":1.740345965},
{"learn":[71551.00664],"iteration":706,"passed_time":4.186047251,"remaining_time":1.734811661},
{"learn":[71540.24413],"iteration":707,"passed_time":4.193087449,"remaining_time":1.729352451},
{"learn":[71513.10464],"iteration":708,"passed_time":4.199648903,"remaining_time":1.723692286},
{"learn":[71498.67728],"iteration":709,"passed_time":4.206269357,"remaining_time":1.718053681},
{"learn":[71486.03381],"iteration":710,"passed_time":4.212914561,"remaining_time":1.712422374},
{"learn":[71474.44043],"iteration":711,"passed_time":4.219869551,"remaining_time":1.706913526},
{"learn":[71459.22134],"iteration":712,"passed_time":4.226709877,"remaining_time":1.701354467},
{"learn":[71448.27243],"iteration":713,"passed_time":4.23325179,"remaining_time":1.695672286},
{"learn":[71431.81059],"iteration":714,"passed_time":4.239925369,"remaining_time":1.690040182},
{"learn":[71412.59725],"iteration":715,"passed_time":4.246930817,"remaining_time":1.684536805},
{"learn":[71405.73064],"iteration":716,"passed_time":4.254095972,"remaining_time":1.679092273},
{"learn":[71393.95445],"iteration":717,"passed_time":4.26127471,"remaining_time":1.673648284},
{"learn":[71373.06741],"iteration":718,"passed_time":4.268360699,"remaining_time":1.668163222},
{"learn":[71341.44756],"iteration":719,"passed_time":4.275683269,"remaining_time":1.662765716},
{"learn":[71320.83014],"iteration":720,"passed_time":4.282260181,"remaining_time":1.657074328},
{"learn":[71319.58487],"iteration":721,"passed_time":4.289193714,"remaining_time":1.651517801},
{"learn":[71306.06052],"iteration":722,"passed_time":4.295738086,"remaining_time":1.645808368},
{"learn":[71294.6997],"iteration":723,"passed_time":4.302520746,"remaining_time":1.640187467},
{"learn":[71293.43837],"iteration":724,"passed_time":4.309407904,"remaining_time":1.634602998},
{"learn":[71276.36084],"iteration":725,"passed_time":4.316101149,"remaining_time":1.628941756},
{"learn":[71264.58846],"iteration":726,"passed_time":4.322871475,"remaining_time":1.62330662},
{"learn":[71241.05789],"iteration":727,"passed_time":4.329341723,"remaining_time":1.617556248},
{"learn":[71231.66897],"iteration":728,"passed_time":4.336280964,"remaining_time":1.611978246},
{"learn":[71207.63484],"iteration":729,"passed_time":4.343279788,"remaining_time":1.606418552},
{"learn":[71183.63569],"iteration":730,"passed_time":4.35013003,"remaining_time":1.600800244},
{"learn":[71167.49063],"iteration":731,"passed_time":4.356933857,"remaining_time":1.595161576},
{"learn":[71163.5159],"iteration":732,"passed_time":4.363591643,"remaining_time":1.589466533},
{"learn":[71144.28593],"iteration":733,"passed_time":4.370857797,"remaining_time":1.583989338},
{"learn":[71125.38533],"iteration":734,"passed_time":4.377634207,"remaining_time":1.5783307},
{"learn":[71107.15453],"iteration":735,"passed_time":4.384310118,"remaining_time":1.572632977},
{"learn":[71094.13282],"iteration":736,"passed_time":4.39120561,"remaining_time":1.567010957},
{"learn":[71088.78105],"iteration":737,"passed_time":4.397640941,"remaining_time":1.561222123},
{"learn":[71074.3093],"iteration":738,"passed_time":4.404704014,"remaining_time":1.555653244},
{"learn":[71065.47596],"iteration":739,"passed_time":4.410621977,"remaining_time":1.549677992},
{"learn":[71054.93708],"iteration":740,"passed_time":4.416632772,"remaining_time":1.543735341},
{"learn":[71037.05839],"iteration":741,"passed_time":4.422424195,"remaining_time":1.53771623},
{"learn":[71023.04358],"iteration":742,"passed_time":4.428274368,"remaining_time":1.531718052},
{"learn":[71013.52439],"iteration":743,"passed_time":4.434570326,"remaining_time":1.52587366},
{"learn":[71001.86861],"iteration":744,"passed_time":4.440342249,"remaining_time":1.519848689},
{"learn":[70979.6874],"iteration":745,"passed_time":4.446496542,"remaining_time":1.513954587},
{"learn":[70956.17111],"iteration":746,"passed_time":4.452450463,"remaining_time":1.507991924},
{"learn":[70932.62509],"iteration":747,"passed_time":4.458417842,"remaining_time":1.502033819},
{"learn":[70913.53429],"iteration":748,"passed_time":4.464282223,"remaining_time":1.496041172},
{"learn":[70883.87923],"iteration":749,"passed_time":4.470860885,"remaining_time":1.490286962},
{"learn":[70883.26582],"iteration":750,"passed_time":4.476878764,"remaining_time":1.484344623},
{"learn":[70857.37602],"iteration":751,"passed_time":4.482970725,"remaining_time":1.478426516},
{"learn":[70847.05761],"iteration":752,"passed_time":4.488672566,"remaining_time":1.472379978},
{"learn":[70842.01297],"iteration":753,"passed_time":4.494299533,"remaining_time":1.466309927},
{"learn":[70825.37472],"iteration":754,"passed_time":4.500533366,"remaining_time":1.46043798},
{"learn":[70823.75454],"iteration":755,"passed_time":4.506458413,"remaining_time":1.454465414},
{"learn":[70814.04041],"iteration":756,"passed_time":4.512400626,"remaining_time":1.448498484},
{"learn":[70805.06738],"iteration":757,"passed_time":4.518516961,"remaining_time":1.442587209},
{"learn":[70790.6901],"iteration":758,"passed_time":4.52484446,"remaining_time":1.436742444},
{"learn":[70779.78211],"iteration":759,"passed_time":4.530950963,"remaining_time":1.43082662},
{"learn":[70760.37904],"iteration":760,"passed_time":4.537184671,"remaining_time":1.424950245},
{"learn":[70753.2897],"iteration":761,"passed_time":4.543243924,"remaining_time":1.419018444},
{"learn":[70737.52478],"iteration":762,"passed_time":4.549241761,"remaining_time":1.413067231},
{"learn":[70721.78582],"iteration":763,"passed_time":4.555171141,"remaining_time":1.40709475},
{"learn":[70709.94884],"iteration":764,"passed_time":4.560929815,"remaining_time":1.401069943},
{"learn":[70703.96968],"iteration":765,"passed_time":4.567144149,"remaining_time":1.395185027},
{"learn":[70688.13018],"iteration":766,"passed_time":4.573017571,"remaining_time":1.38919569},
{"learn":[70670.30726],"iteration":767,"passed_time":4.57883316,"remaining_time":1.383189184},
{"learn":[70657.40713],"iteration":768,"passed_time":4.58495812,"remaining_time":1.377276106},
{"learn":[70630.11388],"iteration":769,"passed_time":4.590614254,"remaining_time":1.371222439},
{"learn":[70615.21331],"iteration":770,"passed_time":4.596476009,"remaining_time":1.365230877},
{"learn":[70606.10455],"iteration":771,"passed_time":4.602507471,"remaining_time":1.359289771},
{"learn":[70590.80817],"iteration":772,"passed_time":4.608283602,"remaining_time":1.353273451},
{"learn":[70583.22886],"iteration":773,"passed_time":4.614183566,"remaining_time":1.347293909},
{"learn":[70569.16497],"iteration":774,"passed_time":4.620156403,"remaining_time":1.34133573},
{"learn":[70557.75223],"iteration":775,"passed_time":4.625991909,"remaining_time":1.335337871},
{"learn":[70526.97129],"iteration":776,"passed_time":4.631820457,"remaining_time":1.329338432},
{"learn":[70520.34208],"iteration":777,"passed_time":4.637584797,"remaining_time":1.323321112},
{"learn":[70508.95345],"iteration":778,"passed_time":4.643574467,"remaining_time":1.317368366},
{"learn":[70494.78157],"iteration":779,"passed_time":4.649307391,"remaining_time":1.31134311},
{"learn":[70463.00681],"iteration":780,"passed_time":4.655090898,"remaining_time":1.305332787},
{"learn":[70432.48428],"iteration":781,"passed_time":4.66107886,"remaining_time":1.29938004},
{"learn":[70415.32654],"iteration":782,"passed_time":4.666896449,"remaining_time":1.293379987},
{"learn":[70399.30952],"iteration":783,"passed_time":4.672711372,"remaining_time":1.287379664},
{"learn":[70383.96232],"iteration":784,"passed_time":4.678638377,"remaining_time":1.281410511},
{"learn":[70376.74947],"iteration":785,"passed_time":4.683841849,"remaining_time":1.275244473},
{"learn":[70361.50945],"iteration":786,"passed_time":4.689003072,"remaining_time":1.269069447},
{"learn":[70337.6463],"iteration":787,"passed_time":4.694190337,"remaining_time":1.262903999},
{"learn":[70332.51617],"iteration":788,"passed_time":4.699380435,"remaining_time":1.256741789},
{"learn":[70314.07171],"iteration":789,"passed_time":4.704671031,"remaining_time":1.250608755},
{"learn":[70311.30301],"iteration":790,"passed_time":4.709579716,"remaining_time":1.244376941},
{"learn":[70298.08967],"iteration":791,"passed_time":4.714849979,"remaining_time":1.238243429},
{"learn":[70290.35697],"iteration":792,"passed_time":4.720036702,"remaining_time":1.232090287},
{"learn":[70270.74034],"iteration":793,"passed_time":4.725240466,"remaining_time":1.225944},
{"learn":[70249.01442],"iteration":794,"passed_time":4.730314607,"remaining_time":1.21976666},
{"learn":[70227.81517],"iteration":795,"passed_time":4.735632411,"remaining_time":1.213654538},
{"learn":[70216.01201],"iteration":796,"passed_time":4.740779593,"remaining_time":1.20750095},
{"learn":[70200.09494],"iteration":797,"passed_time":4.745800526,"remaining_time":1.201317928},
{"learn":[70171.24706],"iteration":798,"passed_time":4.751229871,"remaining_time":1.195240556},
{"learn":[70157.41741],"iteration":799,"passed_time":4.75648301,"remaining_time":1.189120752},
{"learn":[70137.54909],"iteration":800,"passed_time":4.761716648,"remaining_time":1.182998268},
{"learn":[70111.39158],"iteration":801,"passed_time":4.767052494,"remaining_time":1.176903234},
{"learn":[70102.64391],"iteration":802,"passed_time":4.772309924,"remaining_time":1.170790853},
{"learn":[70087.47409],"iteration":803,"passed_time":4.777460773,"remaining_time":1.164654616},
{"learn":[70068.58045],"iteration":804,"passed_time":4.782552288,"remaining_time":1.158506455},
{"learn":[70057.56666],"iteration":805,"passed_time":4.787581472,"remaining_time":1.152345913},
{"learn":[70047.34777],"iteration":806,"passed_time":4.792716695,"remaining_time":1.146213534},
{"learn":[70034.85337],"iteration":807,"passed_time":4.798026875,"remaining_time":1.140125198},
{"learn":[70013.02881],"iteration":808,"passed_time":4.803086432,"remaining_time":1.133979615},
{"learn":[69995.85316],"iteration":809,"passed_time":4.808607484,"remaining_time":1.127944965},
{"learn":[69975.31172],"iteration":810,"passed_time":4.813968955,"remaining_time":1.121874393},
{"learn":[69962.22144],"iteration":811,"passed_time":4.819333592,"remaining_time":1.1158063},
{"learn":[69947.85479],"iteration":812,"passed_time":4.824634438,"remaining_time":1.109725264},
{"learn":[69934.91349],"iteration":813,"passed_time":4.829689413,"remaining_time":1.103589964},
{"learn":[69916.61274],"iteration":814,"passed_time":4.835149382,"remaining_time":1.097549246},
{"learn":[69904.09944],"iteration":815,"passed_time":4.840363563,"remaining_time":1.091454529},
{"learn":[69890.27984],"iteration":816,"passed_time":4.84566745,"remaining_time":1.08538206},
{"learn":[69881.64223],"iteration":817,"passed_time":4.851154503,"remaining_time":1.079352224},
{"learn":[69862.70125],"iteration":818,"passed_time":4.856316392,"remaining_time":1.073251852},
{"learn":[69841.36661],"iteration":819,"passed_time":4.861463824,"remaining_time":1.067150596},
{"learn":[69840.44716],"iteration":820,"passed_time":4.866460924,"remaining_time":1.061018886},
{"learn":[69832.2177],"iteration":821,"passed_time":4.871837936,"remaining_time":1.054972205},
{"learn":[69830.92742],"iteration":822,"passed_time":4.8770637,"remaining_time":1.048894623},
{"learn":[69816.70982],"iteration":823,"passed_time":4.882204757,"remaining_time":1.042801016},
{"learn":[69798.61218],"iteration":824,"passed_time":4.887448521,"remaining_time":1.036731504},
{"learn":[69788.38177],"iteration":825,"passed_time":4.892571994,"remaining_time":1.030638653},
{"learn":[69771.19937],"iteration":826,"passed_time":4.897984964,"remaining_time":1.024608705},
{"learn":[69747.89761],"iteration":827,"passed_time":4.903401559,"remaining_time":1.018581},
{"learn":[69737.1744],"iteration":828,"passed_time":4.908605781,"remaining_time":1.012510963},
{"learn":[69726.1821],"iteration":829,"passed_time":4.913682464,"remaining_time":1.00641689},
{"learn":[69714.92865],"iteration":830,"passed_time":4.919030643,"remaining_time":1.00038048},
{"learn":[69699.37427],"iteration":831,"passed_time":4.924471112,"remaining_time":0.9943643592},
{"learn":[69696.04994],"iteration":832,"passed_time":4.930395534,"remaining_time":0.9884466436},
{"learn":[69671.53313],"iteration":833,"passed_time":4.936110375,"remaining_time":0.9824871968},
{"learn":[69654.08146],"iteration":834,"passed_time":4.941463303,"remaining_time":0.9764568204},
{"learn":[69641.58673],"iteration":835,"passed_time":4.947260143,"remaining_time":0.9705151477},
{"learn":[69625.20219],"iteration":836,"passed_time":4.952847361,"remaining_time":0.9645329985},
{"learn":[69605.20536],"iteration":837,"passed_time":4.958074625,"remaining_time":0.9584822067},
{"learn":[69585.89302],"iteration":838,"passed_time":4.964187877,"remaining_time":0.9526033947},
{"learn":[69578.73641],"iteration":839,"passed_time":4.969799594,"remaining_time":0.9466284941},
{"learn":[69564.6998],"iteration":840,"passed_time":4.975106398,"remaining_time":0.9405968102},
{"learn":[69557.44772],"iteration":841,"passed_time":4.980547493,"remaining_time":0.9345920473},
{"learn":[69547.05531],"iteration":842,"passed_time":4.985967629,"remaining_time":0.9285847186},
{"learn":[69530.86951],"iteration":843,"passed_time":4.99101602,"remaining_time":0.9225100701},
{"learn":[69508.75482],"iteration":844,"passed_time":4.99729577,"remaining_time":0.9166637212},
{"learn":[69491.78355],"iteration":845,"passed_time":5.002785489,"remaining_time":0.9106725359},
{"learn":[69489.6465],"iteration":846,"passed_time":5.008258583,"remaining_time":0.9046795316},
{"learn":[69473.45626],"iteration":847,"passed_time":5.014081798,"remaining_time":0.8987505109},
{"learn":[69471.73594],"iteration":848,"passed_time":5.019310228,"remaining_time":0.8927159534},
{"learn":[69446.77393],"iteration":849,"passed_time":5.024815655,"remaining_time":0.8867321744},
{"learn":[69432.39233],"iteration":850,"passed_time":5.030851283,"remaining_time":0.8808423516},
{"learn":[69421.78102],"iteration":851,"passed_time":5.036086005,"remaining_time":0.874813062},
{"learn":[69403.68764],"iteration":852,"passed_time":5.041539558,"remaining_time":0.868823347},
{"learn":[69382.56632],"iteration":853,"passed_time":5.047008652,"remaining_time":0.8628375447},
{"learn":[69374.98435],"iteration":854,"passed_time":5.052708368,"remaining_time":0.8568920624},
{"learn":[69359.97112],"iteration":855,"passed_time":5.058333335,"remaining_time":0.8509345797},
{"learn":[69350.51526],"iteration":856,"passed_time":5.064385338,"remaining_time":0.8450491287},
{"learn":[69342.75291],"iteration":857,"passed_time":5.069737142,"remaining_time":0.8390474058},
{"learn":[69329.85426],"iteration":858,"passed_time":5.075213319,"remaining_time":0.8330676112},
{"learn":[69312.99653],"iteration":859,"passed_time":5.080949451,"remaining_time":0.827131306},
{"learn":[69296.92476],"iteration":860,"passed_time":5.086315963,"remaining_time":0.8211357943},
{"learn":[69285.0131],"iteration":861,"passed_time":5.091994055,"remaining_time":0.8151916236},
{"learn":[69280.43025],"iteration":862,"passed_time":5.095698089,"remaining_time":0.8089346908},
{"learn":[69266.76202],"iteration":863,"passed_time":5.101154933,"remaining_time":0.8029595728},
{"learn":[69255.72854],"iteration":864,"passed_time":5.106835524,"remaining_time":0.7970205732},
{"learn":[69244.71404],"iteration":865,"passed_time":5.112494741,"remaining_time":0.7910788629},
{"learn":[69231.97757],"iteration":866,"passed_time":5.118295747,"remaining_time":0.7851595552},
{"learn":[69216.00529],"iteration":867,"passed_time":5.124298959,"remaining_time":0.7792712703},
{"learn":[69209.96223],"iteration":868,"passed_time":5.130166256,"remaining_time":0.7733622319},
{"learn":[69195.84304],"iteration":869,"passed_time":5.135448228,"remaining_time":0.7673658271},
{"learn":[69189.56816],"iteration":870,"passed_time":5.140899947,"remaining_time":0.7613962034},
{"learn":[69181.4599],"iteration":871,"passed_time":5.146288459,"remaining_time":0.7554184894},
{"learn":[69172.19602],"iteration":872,"passed_time":5.151773636,"remaining_time":0.7494561876},
{"learn":[69159.01124],"iteration":873,"passed_time":5.157374895,"remaining_time":0.7435117125},
{"learn":[69146.47656],"iteration":874,"passed_time":5.163919183,"remaining_time":0.7377027404},
{"learn":[69134.25138],"iteration":875,"passed_time":5.169562816,"remaining_time":0.7317645996},
{"learn":[69130.27591],"iteration":876,"passed_time":5.175046994,"remaining_time":0.7258047665},
{"learn":[69124.07552],"iteration":877,"passed_time":5.180247633,"remaining_time":0.7198066187},
{"learn":[69113.9678],"iteration":878,"passed_time":5.185694477,"remaining_time":0.7138441772},
{"learn":[69097.71692],"iteration":879,"passed_time":5.191772521,"remaining_time":0.7079689802},
{"learn":[69088.98964],"iteration":880,"passed_time":5.198374559,"remaining_time":0.7021641005},
{"learn":[69063.81648],"iteration":881,"passed_time":5.203921069,"remaining_time":0.6962161974},
{"learn":[69055.80326],"iteration":882,"passed_time":5.209419245,"remaining_time":0.6902627992},
{"learn":[69044.30348],"iteration":883,"passed_time":5.214849632,"remaining_time":0.6843015354},
{"learn":[69025.9938],"iteration":884,"passed_time":5.220343309,"remaining_time":0.6783496955},
{"learn":[69014.76306],"iteration":885,"passed_time":5.2260484,"remaining_time":0.6724260921},
{"learn":[69012.01896],"iteration":886,"passed_time":5.231647867,"remaining_time":0.6664895253},
{"learn":[68993.2976],"iteration":887,"passed_time":5.237066712,"remaining_time":0.6605309366},
{"learn":[68977.76799],"iteration":888,"passed_time":5.242669887,"remaining_time":0.6545965776},
{"learn":[68972.64748],"iteration":889,"passed_time":5.247927276,"remaining_time":0.6486202251},
{"learn":[68966.18103],"iteration":890,"passed_time":5.253402203,"remaining_time":0.6426720989},
{"learn":[68943.07201],"iteration":891,"passed_time":5.259536247,"remaining_time":0.636804837},
{"learn":[68937.2627],"iteration":892,"passed_time":5.265115839,"remaining_time":0.6308705429},
{"learn":[68929.88955],"iteration":893,"passed_time":5.270521893,"remaining_time":0.624916466},
{"learn":[68912.43175],"iteration":894,"passed_time":5.276404148,"remaining_time":0.619019481},
{"learn":[68905.04495],"iteration":895,"passed_time":5.2818887,"remaining_time":0.613076367},
{"learn":[68886.63376],"iteration":896,"passed_time":5.287331711,"remaining_time":0.6071295053},
{"learn":[68877.2923],"iteration":897,"passed_time":5.293435255,"remaining_time":0.6012587929},
{"learn":[68870.51687],"iteration":898,"passed_time":5.298814892,"remaining_time":0.5953062337},
{"learn":[68853.28256],"iteration":899,"passed_time":5.304666564,"remaining_time":0.589407396},
{"learn":[68848.03386],"iteration":900,"passed_time":5.310503153,"remaining_time":0.5835070057},
{"learn":[68833.96423],"iteration":901,"passed_time":5.315993789,"remaining_time":0.5775691699},
{"learn":[68827.04649],"iteration":902,"passed_time":5.321646839,"remaining_time":0.5716497712},
{"learn":[68810.27997],"iteration":903,"passed_time":5.327783049,"remaining_time":0.5657822707},
{"learn":[68803.39132],"iteration":904,"passed_time":5.333100687,"remaining_time":0.5598282489},
{"learn":[68790.49208],"iteration":905,"passed_time":5.339157648,"remaining_time":0.5539523387},
{"learn":[68786.15367],"iteration":906,"passed_time":5.344594242,"remaining_time":0.5480124196},
{"learn":[68781.85899],"iteration":907,"passed_time":5.349954421,"remaining_time":0.5420658665},
{"learn":[68775.59208],"iteration":908,"passed_time":5.355565805,"remaining_time":0.5361457517},
{"learn":[68757.20267],"iteration":909,"passed_time":5.361463518,"remaining_time":0.5302546337},
{"learn":[68745.65418],"iteration":910,"passed_time":5.366736407,"remaining_time":0.524302459},
{"learn":[68735.58683],"iteration":911,"passed_time":5.372403831,"remaining_time":0.5183898434},
{"learn":[68716.24468],"iteration":912,"passed_time":5.377750844,"remaining_time":0.5124472326},
{"learn":[68701.13479],"iteration":913,"passed_time":5.383118981,"remaining_time":0.5065079129},
{"learn":[68689.73399],"iteration":914,"passed_time":5.389093443,"remaining_time":0.5006261668},
{"learn":[68672.40614],"iteration":915,"passed_time":5.394683327,"remaining_time":0.4947089514},
{"learn":[68652.9405],"iteration":916,"passed_time":5.400009256,"remaining_time":0.4887685587},
{"learn":[68640.2836],"iteration":917,"passed_time":5.405255812,"remaining_time":0.4828224146},
{"learn":[68633.19549],"iteration":918,"passed_time":5.410558866,"remaining_time":0.4768827728},
{"learn":[68625.19015],"iteration":919,"passed_time":5.416001877,"remaining_time":0.470956685},
{"learn":[68613.1099],"iteration":920,"passed_time":5.421536554,"remaining_time":0.465039509},
{"learn":[68598.98257],"iteration":921,"passed_time":5.427295103,"remaining_time":0.4591421019},
{"learn":[68582.28745],"iteration":922,"passed_time":5.433014152,"remaining_time":0.4532417006},
{"learn":[68571.19876],"iteration":923,"passed_time":5.439247277,"remaining_time":0.4473839752},
{"learn":[68561.59437],"iteration":924,"passed_time":5.445481403,"remaining_time":0.4415255191},
{"learn":[68550.66194],"iteration":925,"passed_time":5.451375658,"remaining_time":0.4356390914},
{"learn":[68536.67761],"iteration":926,"passed_time":5.457809989,"remaining_time":0.4297951771},
{"learn":[68522.17482],"iteration":927,"passed_time":5.464068073,"remaining_time":0.423936316},
{"learn":[68509.06748],"iteration":928,"passed_time":5.470156408,"remaining_time":0.4180636222},
{"learn":[68502.75257],"iteration":929,"passed_time":5.477321605,"remaining_time":0.4122715187},
{"learn":[68488.08348],"iteration":930,"passed_time":5.483537189,"remaining_time":0.406406086},
{"learn":[68474.77111],"iteration":931,"passed_time":5.490478889,"remaining_time":0.4005928803},
{"learn":[68469.11295],"iteration":932,"passed_time":5.496635598,"remaining_time":0.3947208843},
{"learn":[68458.71973],"iteration":933,"passed_time":5.50293364,"remaining_time":0.3888582658},
{"learn":[68435.50043],"iteration":934,"passed_time":5.509182557,"remaining_time":0.3829913007},
{"learn":[68421.18317],"iteration":935,"passed_time":5.515653596,"remaining_time":0.3771387074},
{"learn":[68415.93526],"iteration":936,"passed_time":5.522139968,"remaining_time":0.371285825},
{"learn":[68413.90861],"iteration":937,"passed_time":5.528856212,"remaining_time":0.3654467859},
{"learn":[68398.85629],"iteration":938,"passed_time":5.535172795,"remaining_time":0.3595799153},
{"learn":[68385.02286],"iteration":939,"passed_time":5.541277714,"remaining_time":0.3536985775},
{"learn":[68368.65362],"iteration":940,"passed_time":5.547344425,"remaining_time":0.3478143688},
{"learn":[68344.03966],"iteration":941,"passed_time":5.553686883,"remaining_time":0.3419467507},
{"learn":[68335.96699],"iteration":942,"passed_time":5.560526583,"remaining_time":0.3361081816},
{"learn":[68322.96855],"iteration":943,"passed_time":5.566380297,"remaining_time":0.3302090007},
{"learn":[68309.06048],"iteration":944,"passed_time":5.572557507,"remaining_time":0.3243287438},
{"learn":[68295.02665],"iteration":945,"passed_time":5.579453249,"remaining_time":0.3184888747},
{"learn":[68283.48472],"iteration":946,"passed_time":5.586329324,"remaining_time":0.312645675},
{"learn":[68266.24712],"iteration":947,"passed_time":5.592700115,"remaining_time":0.3067725801},
{"learn":[68265.81286],"iteration":948,"passed_time":5.598624703,"remaining_time":0.3008744571},
{"learn":[68244.53283],"iteration":949,"passed_time":5.604586373,"remaining_time":0.2949782302},
{"learn":[68237.22753],"iteration":950,"passed_time":5.610775333,"remaining_time":0.2890935766},
{"learn":[68221.7135],"iteration":951,"passed_time":5.617151498,"remaining_time":0.2832177226},
{"learn":[68197.64067],"iteration":952,"passed_time":5.623976033,"remaining_time":0.2773629313},
{"learn":[68189.40857],"iteration":953,"passed_time":5.630196242,"remaining_time":0.2714769676},
{"learn":[68185.88371],"iteration":954,"passed_time":5.636402993,"remaining_time":0.2655896698},
{"learn":[68172.71728],"iteration":955,"passed_time":5.643129862,"remaining_time":0.2597256422},
{"learn":[68160.97719],"iteration":956,"passed_time":5.649395612,"remaining_time":0.2538390923},
{"learn":[68152.65707],"iteration":957,"passed_time":5.655965691,"remaining_time":0.2479650929},
{"learn":[68130.26483],"iteration":958,"passed_time":5.662367231,"remaining_time":0.2420824364},
{"learn":[68122.39938],"iteration":959,"passed_time":5.668488108,"remaining_time":0.2361870045},
{"learn":[68107.96248],"iteration":960,"passed_time":5.674441238,"remaining_time":0.2302842958},
{"learn":[68093.3129],"iteration":961,"passed_time":5.680567906,"remaining_time":0.2243883373},
{"learn":[68084.07141],"iteration":962,"passed_time":5.686792949,"remaining_time":0.2184956792},
{"learn":[68065.75641],"iteration":963,"passed_time":5.693327445,"remaining_time":0.212613888},
{"learn":[68050.84515],"iteration":964,"passed_time":5.699541779,"remaining_time":0.2067191319},
{"learn":[68037.31917],"iteration":965,"passed_time":5.705568949,"remaining_time":0.2008171266},
{"learn":[68034.2706],"iteration":966,"passed_time":5.711470829,"remaining_time":0.1949105867},
{"learn":[68031.53935],"iteration":967,"passed_time":5.71784287,"remaining_time":0.189019599},
{"learn":[68019.26831],"iteration":968,"passed_time":5.724363366,"remaining_time":0.1831323678},
{"learn":[68010.21203],"iteration":969,"passed_time":5.730451077,"remaining_time":0.1772304457},
{"learn":[67997.506],"iteration":970,"passed_time":5.736624412,"remaining_time":0.1713306982},
{"learn":[67986.45908],"iteration":971,"passed_time":5.742879204,"remaining_time":0.1654327343},
{"learn":[67983.49013],"iteration":972,"passed_time":5.749011081,"remaining_time":0.1595306261},
{"learn":[67968.71112],"iteration":973,"passed_time":5.756122403,"remaining_time":0.1536541915},
{"learn":[67959.89227],"iteration":974,"passed_time":5.762112823,"remaining_time":0.1477464827},
{"learn":[67945.82055],"iteration":975,"passed_time":5.768080578,"remaining_time":0.141838047},
{"learn":[67935.53206],"iteration":976,"passed_time":5.773986457,"remaining_time":0.1359280333},
{"learn":[67933.84449],"iteration":977,"passed_time":5.780036752,"remaining_time":0.1300212766},
{"learn":[67916.07547],"iteration":978,"passed_time":5.78698291,"remaining_time":0.1241334434},
{"learn":[67890.21729],"iteration":979,"passed_time":5.792968705,"remaining_time":0.1182238511},
{"learn":[67881.10418],"iteration":980,"passed_time":5.79925633,"remaining_time":0.1123199493},
{"learn":[67871.56208],"iteration":981,"passed_time":5.805686537,"remaining_time":0.1064178795},
{"learn":[67856.47692],"iteration":982,"passed_time":5.811890871,"remaining_time":0.1005108289},
{"learn":[67846.95154],"iteration":983,"passed_time":5.818280203,"remaining_time":0.09460618216},
{"learn":[67840.635],"iteration":984,"passed_time":5.824215541,"remaining_time":0.08869363767},
{"learn":[67823.83565],"iteration":985,"passed_time":5.829911132,"remaining_time":0.08277764284},
{"learn":[67812.36747],"iteration":986,"passed_time":5.835407267,"remaining_time":0.07685946755},
{"learn":[67803.57457],"iteration":987,"passed_time":5.84081107,"remaining_time":0.07094102514},
{"learn":[67799.56511],"iteration":988,"passed_time":5.846258456,"remaining_time":0.06502410821},
{"learn":[67784.37274],"iteration":989,"passed_time":5.853035866,"remaining_time":0.05912157441},
{"learn":[67772.75964],"iteration":990,"passed_time":5.858253005,"remaining_time":0.05320310499},
{"learn":[67761.3961],"iteration":991,"passed_time":5.863730349,"remaining_time":0.04728814798},
{"learn":[67748.61737],"iteration":992,"passed_time":5.869379941,"remaining_time":0.04137528659},
{"learn":[67737.84001],"iteration":993,"passed_time":5.874927534,"remaining_time":0.03546233924},
{"learn":[67725.44568],"iteration":994,"passed_time":5.880501501,"remaining_time":0.0295502588},
{"learn":[67712.51404],"iteration":995,"passed_time":5.886288341,"remaining_time":0.02363971221},
{"learn":[67699.93866],"iteration":996,"passed_time":5.891910267,"remaining_time":0.01772891755},
{"learn":[67691.53065],"iteration":997,"passed_time":5.897944937,"remaining_time":0.01181952893},
{"learn":[67690.22219],"iteration":998,"passed_time":5.904487266,"remaining_time":0.005910397664},
{"learn":[67683.17696],"iteration":999,"passed_time":5.910064609,"remaining_time":0}
]}