{
"meta":{"test_sets":[],"test_metrics":[],"learn_metrics":[{"best_value":"Min","name":"Logloss"}],"launch_mode":"Train","parameters":"","iteration_count":1000,"learn_sets":["learn"],"name":"experiment"},
"iterations":[
{"learn":[0.6415788799],"iteration":0,"passed_time":0.193945662,"remaining_time":193.7517164},
{"learn":[0.607685558],"iteration":1,"passed_time":0.3677547384,"remaining_time":183.5096144},
{"learn":[0.5805006985],"iteration":2,"passed_time":0.5276219748,"remaining_time":175.3463696},
{"learn":[0.5488316192],"iteration":3,"passed_time":0.687627514,"remaining_time":171.219251},
{"learn":[0.5233170026],"iteration":4,"passed_time":0.8573469216,"remaining_time":170.6120374},
{"learn":[0.5013520779],"iteration":5,"passed_time":1.052545833,"remaining_time":174.3717596},
{"learn":[0.4839650086],"iteration":6,"passed_time":1.224054439,"remaining_time":173.6408654},
{"learn":[0.4713743733],"iteration":7,"passed_time":1.395508844,"remaining_time":173.0430966},
{"learn":[0.4603015816],"iteration":8,"passed_time":1.551886826,"remaining_time":170.8799827},
{"learn":[0.4522914354],"iteration":9,"passed_time":1.720053521,"remaining_time":170.2852986},
{"learn":[0.4424252021],"iteration":10,"passed_time":1.898438363,"remaining_time":170.6868674},
{"learn":[0.4333996289],"iteration":11,"passed_time":2.083967852,"remaining_time":171.5800198},
{"learn":[0.4248952538],"iteration":12,"passed_time":2.266724816,"remaining_time":172.0967226},
{"learn":[0.4174557853],"iteration":13,"passed_time":2.463398511,"remaining_time":173.493638},
{"learn":[0.407646106],"iteration":14,"passed_time":2.651849114,"remaining_time":174.1380918},
{"learn":[0.4032540238],"iteration":15,"passed_time":2.817801374,"remaining_time":173.2947845},
{"learn":[0.399412001],"iteration":16,"passed_time":3.014483853,"remaining_time":174.3080958},
{"learn":[0.3926981888],"iteration":17,"passed_time":3.178376563,"remaining_time":173.3980991},
{"learn":[0.3875694709],"iteration":18,"passed_time":3.328435464,"remaining_time":171.8523784},
{"learn":[0.3830592977],"iteration":19,"passed_time":3.502146139,"remaining_time":171.6051608},
{"learn":[0.3777809244],"iteration":20,"passed_time":3.670783322,"remaining_time":171.1284225},
{"learn":[0.373624572],"iteration":21,"passed_time":3.850278991,"remaining_time":171.1624024},
{"learn":[0.3710306891],"iteration":22,"passed_time":4.022565028,"remaining_time":170.8715666},
{"learn":[0.3686732488],"iteration":23,"passed_time":4.216947232,"remaining_time":171.4891874},
{"learn":[0.3649139692],"iteration":24,"passed_time":4.376986505,"remaining_time":170.7024737},
{"learn":[0.361771073],"iteration":25,"passed_time":4.554120278,"remaining_time":170.604352},
{"learn":[0.3594267359],"iteration":26,"passed_time":4.739980632,"remaining_time":170.8148576},
{"learn":[0.3556126781],"iteration":27,"passed_time":4.817622488,"remaining_time":167.2403235},
{"learn":[0.3528361833],"iteration":28,"passed_time":5.140622079,"remaining_time":172.1222082},
{"learn":[0.3508207108],"iteration":29,"passed_time":5.338717835,"remaining_time":172.6185433},
{"learn":[0.3480727331],"iteration":30,"passed_time":5.501727894,"remaining_time":171.9733655},
{"learn":[0.3432084913],"iteration":31,"passed_time":5.687488716,"remaining_time":172.0465337},
{"learn":[0.3404035099],"iteration":32,"passed_time":5.851405183,"remaining_time":171.4639034},
{"learn":[0.3374104559],"iteration":33,"passed_time":5.991827898,"remaining_time":170.2384044},
{"learn":[0.334982468],"iteration":34,"passed_time":6.162107168,"remaining_time":169.8980976},
{"learn":[0.3318543104],"iteration":35,"passed_time":6.31720807,"remaining_time":169.1607939},
{"learn":[0.3306282721],"iteration":36,"passed_time":6.466785775,"remaining_time":168.3112082},
{"learn":[0.3282477323],"iteration":37,"passed_time":6.636188806,"remaining_time":168.0003587},
{"learn":[0.3268598763],"iteration":38,"passed_time":6.808387707,"remaining_time":167.7656561},
{"learn":[0.325728573],"iteration":39,"passed_time":6.96785482,"remaining_time":167.2285157},
{"learn":[0.3242358701],"iteration":40,"passed_time":7.133349358,"remaining_time":166.8507813},
{"learn":[0.3221235888],"iteration":41,"passed_time":7.303779661,"remaining_time":166.5957361},
{"learn":[0.3196750088],"iteration":42,"passed_time":7.490095152,"remaining_time":166.6981642},
{"learn":[0.3178919021],"iteration":43,"passed_time":7.683597259,"remaining_time":166.9436132},
{"learn":[0.3161936797],"iteration":44,"passed_time":7.881194375,"remaining_time":167.2564584},
{"learn":[0.3148066203],"iteration":45,"passed_time":8.051575548,"remaining_time":166.9826755},
{"learn":[0.3135746268],"iteration":46,"passed_time":8.203252197,"remaining_time":166.3340286},
{"learn":[0.3125077512],"iteration":47,"passed_time":8.362610222,"remaining_time":165.8584361},
{"learn":[0.3107685014],"iteration":48,"passed_time":8.512930769,"remaining_time":165.2203502},
{"learn":[0.3089618709],"iteration":49,"passed_time":8.678576826,"remaining_time":164.8929597},
{"learn":[0.3072756295],"iteration":50,"passed_time":8.690555679,"remaining_time":161.7124969},
{"learn":[0.3058406447],"iteration":51,"passed_time":8.856475202,"remaining_time":161.4603556},
{"learn":[0.3047955687],"iteration":52,"passed_time":9.033540651,"remaining_time":161.4106226},
{"learn":[0.3030293212],"iteration":53,"passed_time":9.186428533,"remaining_time":160.9326184},
{"learn":[0.3016054577],"iteration":54,"passed_time":9.334305424,"remaining_time":160.3803387},
{"learn":[0.299010793],"iteration":55,"passed_time":9.513364372,"remaining_time":160.3681423},
{"learn":[0.2974247466],"iteration":56,"passed_time":9.661783024,"remaining_time":159.8431823},
{"learn":[0.2960136025],"iteration":57,"passed_time":9.819814309,"remaining_time":159.4873289},
{"learn":[0.2949804866],"iteration":58,"passed_time":9.993139434,"remaining_time":159.3821052},
{"learn":[0.2930159789],"iteration":59,"passed_time":10.15426907,"remaining_time":159.0835487},
{"learn":[0.2915873125],"iteration":60,"passed_time":10.30620687,"remaining_time":158.6480041},
{"learn":[0.2896325383],"iteration":61,"passed_time":10.48851292,"remaining_time":158.6810503},
{"learn":[0.2887623982],"iteration":62,"passed_time":10.63608252,"remaining_time":158.1906242},
{"learn":[0.2879733335],"iteration":63,"passed_time":10.78606661,"remaining_time":157.7462242},
{"learn":[0.2867537595],"iteration":64,"passed_time":10.96945669,"remaining_time":157.7914155},
{"learn":[0.2859273663],"iteration":65,"passed_time":11.12009353,"remaining_time":157.366172},
{"learn":[0.2847885841],"iteration":66,"passed_time":11.26551388,"remaining_time":156.8764843},
{"learn":[0.2830307973],"iteration":67,"passed_time":11.42972915,"remaining_time":156.6545231},
{"learn":[0.2828236512],"iteration":68,"passed_time":11.44056113,"remaining_time":154.3646727},
{"learn":[0.2815348668],"iteration":69,"passed_time":11.61693541,"remaining_time":154.3392847},
{"learn":[0.279381078],"iteration":70,"passed_time":11.7788219,"remaining_time":154.1200781},
{"learn":[0.2785936707],"iteration":71,"passed_time":11.9357634,"remaining_time":153.8387283},
{"learn":[0.277422831],"iteration":72,"passed_time":12.11405801,"remaining_time":153.8319421},
{"learn":[0.2759845077],"iteration":73,"passed_time":12.28259573,"remaining_time":153.6984276},
{"learn":[0.2744218175],"iteration":74,"passed_time":12.4650319,"remaining_time":153.7353934},
{"learn":[0.2733874742],"iteration":75,"passed_time":12.65040256,"remaining_time":153.8022627},
{"learn":[0.2720249055],"iteration":76,"passed_time":12.86405994,"remaining_time":154.2016536},
{"learn":[0.271194919],"iteration":77,"passed_time":13.02226681,"remaining_time":153.9298718},
{"learn":[0.2699661006],"iteration":78,"passed_time":13.25164047,"remaining_time":154.4906439},
{"learn":[0.2686318023],"iteration":79,"passed_time":13.4180149,"remaining_time":154.3071713},
{"learn":[0.2678048958],"iteration":80,"passed_time":13.57518991,"remaining_time":154.0197473},
{"learn":[0.2667547705],"iteration":81,"passed_time":13.76104886,"remaining_time":154.0566202},
{"learn":[0.2654580786],"iteration":82,"passed_time":13.93247635,"remaining_time":153.9286845},
{"learn":[0.264194914],"iteration":83,"passed_time":14.10230073,"remaining_time":153.7822317},
{"learn":[0.2631258167],"iteration":84,"passed_time":14.30269734,"remaining_time":153.9643302},
{"learn":[0.2615811986],"iteration":85,"passed_time":14.48877656,"remaining_time":153.9853695},
{"learn":[0.2604254375],"iteration":86,"passed_time":14.63919555,"remaining_time":153.6274199},
{"learn":[0.2593185465],"iteration":87,"passed_time":14.83017177,"remaining_time":153.6945075},
{"learn":[0.2585475179],"iteration":88,"passed_time":14.99435426,"remaining_time":153.4815363},
{"learn":[0.2577289137],"iteration":89,"passed_time":15.14788044,"remaining_time":153.1619022},
{"learn":[0.2562952151],"iteration":90,"passed_time":15.29705355,"remaining_time":152.802436},
{"learn":[0.2553232343],"iteration":91,"passed_time":15.50211164,"remaining_time":152.9991018},
{"learn":[0.2542732946],"iteration":92,"passed_time":15.65222652,"remaining_time":152.6512844},
{"learn":[0.25306787],"iteration":93,"passed_time":15.83201549,"remaining_time":152.5936812},
{"learn":[0.2523128712],"iteration":94,"passed_time":16.05159714,"remaining_time":152.9125832},
{"learn":[0.251362306],"iteration":95,"passed_time":16.21098114,"remaining_time":152.6534057},
{"learn":[0.2503067944],"iteration":96,"passed_time":16.37126707,"remaining_time":152.4046821},
{"learn":[0.2492451688],"iteration":97,"passed_time":16.63065245,"remaining_time":153.0698827},
{"learn":[0.2492232842],"iteration":98,"passed_time":16.64613844,"remaining_time":151.4966741},
{"learn":[0.2483415004],"iteration":99,"passed_time":16.81890924,"remaining_time":151.3701832},
{"learn":[0.2474820209],"iteration":100,"passed_time":16.98879173,"remaining_time":151.217067},
{"learn":[0.2465267484],"iteration":101,"passed_time":17.16330327,"remaining_time":151.1043759},
{"learn":[0.2455926582],"iteration":102,"passed_time":17.33723008,"remaining_time":150.9853921},
{"learn":[0.2448219208],"iteration":103,"passed_time":17.49209219,"remaining_time":150.7011019},
{"learn":[0.2443370316],"iteration":104,"passed_time":17.66316838,"remaining_time":150.5574828},
{"learn":[0.2436229373],"iteration":105,"passed_time":17.8553755,"remaining_time":150.5915632},
{"learn":[0.242816398],"iteration":106,"passed_time":18.02726654,"remaining_time":150.45186},
{"learn":[0.2421274474],"iteration":107,"passed_time":18.19082392,"remaining_time":150.2427309},
{"learn":[0.2409811583],"iteration":108,"passed_time":18.39274251,"remaining_time":150.3480145},
{"learn":[0.2402190556],"iteration":109,"passed_time":18.55331479,"remaining_time":150.1131833},
{"learn":[0.2395312885],"iteration":110,"passed_time":18.71783236,"remaining_time":149.911288},
{"learn":[0.2387269977],"iteration":111,"passed_time":18.9014833,"remaining_time":149.8617604},
{"learn":[0.2380723826],"iteration":112,"passed_time":19.07302795,"remaining_time":149.71483},
{"learn":[0.237127376],"iteration":113,"passed_time":19.24987185,"remaining_time":149.6086531},
{"learn":[0.235885774],"iteration":114,"passed_time":19.49652525,"remaining_time":150.0384769},
{"learn":[0.2351876555],"iteration":115,"passed_time":19.64100453,"remaining_time":149.678},
{"learn":[0.2345470346],"iteration":116,"passed_time":19.80146067,"remaining_time":149.4417929},
{"learn":[0.2332130231],"iteration":117,"passed_time":20.01752581,"remaining_time":149.6225234},
{"learn":[0.2321650367],"iteration":118,"passed_time":20.15719278,"remaining_time":149.2309819},
{"learn":[0.2313029044],"iteration":119,"passed_time":20.31292129,"remaining_time":148.9614228},
{"learn":[0.2306648974],"iteration":120,"passed_time":20.47436364,"remaining_time":148.7352532},
{"learn":[0.2297067378],"iteration":121,"passed_time":20.63350523,"remaining_time":148.4935868},
{"learn":[0.2285057109],"iteration":122,"passed_time":20.77780366,"remaining_time":148.1474293},
{"learn":[0.2274630092],"iteration":123,"passed_time":20.94464081,"remaining_time":147.9637528},
{"learn":[0.226678775],"iteration":124,"passed_time":21.10718107,"remaining_time":147.7502675},
{"learn":[0.2257305837],"iteration":125,"passed_time":21.24437533,"remaining_time":147.3617781},
{"learn":[0.2245951254],"iteration":126,"passed_time":21.41057048,"remaining_time":147.1765986},
{"learn":[0.2241503977],"iteration":127,"passed_time":21.56470309,"remaining_time":146.9095398},
{"learn":[0.2236343007],"iteration":128,"passed_time":21.70813392,"remaining_time":146.571974},
{"learn":[0.223031794],"iteration":129,"passed_time":21.86582241,"remaining_time":146.3328115},
{"learn":[0.2223060753],"iteration":130,"passed_time":22.04347498,"remaining_time":146.2273264},
{"learn":[0.2217316614],"iteration":131,"passed_time":22.18062259,"remaining_time":145.854397},
{"learn":[0.2209845351],"iteration":132,"passed_time":22.33552175,"remaining_time":145.600732},
{"learn":[0.2204412933],"iteration":133,"passed_time":22.48591943,"remaining_time":145.3194495},
{"learn":[0.2193944265],"iteration":134,"passed_time":22.63202933,"remaining_time":145.0126324},
{"learn":[0.2189213907],"iteration":135,"passed_time":22.78584269,"remaining_time":144.7571183},
{"learn":[0.2181400279],"iteration":136,"passed_time":22.94127028,"remaining_time":144.5132573},
{"learn":[0.2173409411],"iteration":137,"passed_time":23.09769213,"remaining_time":144.2768885},
{"learn":[0.2166590021],"iteration":138,"passed_time":23.24549111,"remaining_time":143.9882579},
{"learn":[0.2157441345],"iteration":139,"passed_time":23.40476905,"remaining_time":143.7721527},
{"learn":[0.2150456371],"iteration":140,"passed_time":23.5496456,"remaining_time":143.4691175},
{"learn":[0.2144368831],"iteration":141,"passed_time":23.70957627,"remaining_time":143.2592707},
{"learn":[0.2137407417],"iteration":142,"passed_time":23.86844064,"remaining_time":143.0437316},
{"learn":[0.212783661],"iteration":143,"passed_time":24.02244677,"remaining_time":142.8001002},
{"learn":[0.2119186264],"iteration":144,"passed_time":24.16675072,"remaining_time":142.5004956},
{"learn":[0.2113809731],"iteration":145,"passed_time":24.34096314,"remaining_time":142.3779625},
{"learn":[0.2107965589],"iteration":146,"passed_time":24.51504666,"remaining_time":142.2539783},
{"learn":[0.2101858017],"iteration":147,"passed_time":24.69811895,"remaining_time":142.1810631},
{"learn":[0.2094909536],"iteration":148,"passed_time":24.86945463,"remaining_time":142.0396368},
{"learn":[0.2087767258],"iteration":149,"passed_time":25.03866524,"remaining_time":141.8857697},
{"learn":[0.2078555858],"iteration":150,"passed_time":25.20811449,"remaining_time":141.7330411},
{"learn":[0.2067922683],"iteration":151,"passed_time":25.41667801,"remaining_time":141.7983089},
{"learn":[0.2059114031],"iteration":152,"passed_time":25.57779892,"remaining_time":141.5973574},
{"learn":[0.2054162791],"iteration":153,"passed_time":25.74116872,"remaining_time":141.4092775},
{"learn":[0.2049515788],"iteration":154,"passed_time":25.9144893,"remaining_time":141.2757642},
{"learn":[0.2042749262],"iteration":155,"passed_time":26.08151169,"remaining_time":141.1076658},
{"learn":[0.2034356438],"iteration":156,"passed_time":26.22925359,"remaining_time":140.8360559},
{"learn":[0.20296352],"iteration":157,"passed_time":26.39925801,"remaining_time":140.6846535},
{"learn":[0.2020083937],"iteration":158,"passed_time":26.6533943,"remaining_time":140.9780164},
{"learn":[0.2014952766],"iteration":159,"passed_time":26.89301232,"remaining_time":141.1883147},
{"learn":[0.2008278597],"iteration":160,"passed_time":27.15582014,"remaining_time":141.5138702},
{"learn":[0.2003316672],"iteration":161,"passed_time":27.43097566,"remaining_time":141.8960346},
{"learn":[0.1998274519],"iteration":162,"passed_time":27.63449665,"remaining_time":141.9022926},
{"learn":[0.1990824949],"iteration":163,"passed_time":27.83953677,"remaining_time":141.9137362},
{"learn":[0.1982629196],"iteration":164,"passed_time":28.02184829,"remaining_time":141.8075353},
{"learn":[0.1976208757],"iteration":165,"passed_time":28.17505628,"remaining_time":141.5541984},
{"learn":[0.1972031683],"iteration":166,"passed_time":28.3546509,"remaining_time":141.4336778},
{"learn":[0.1963334404],"iteration":167,"passed_time":28.53054248,"remaining_time":141.2941151},
{"learn":[0.1957328377],"iteration":168,"passed_time":28.7087752,"remaining_time":141.1656343},
{"learn":[0.195031715],"iteration":169,"passed_time":28.87307091,"remaining_time":140.9685227},
{"learn":[0.1946544602],"iteration":170,"passed_time":29.04484846,"remaining_time":140.8080665},
{"learn":[0.1939280069],"iteration":171,"passed_time":29.23913793,"remaining_time":140.75585},
{"learn":[0.1934568475],"iteration":172,"passed_time":29.41547687,"remaining_time":140.6161813},
{"learn":[0.1929731191],"iteration":173,"passed_time":29.56525527,"remaining_time":140.3500049},
{"learn":[0.1925183903],"iteration":174,"passed_time":29.73467733,"remaining_time":140.1777645},
{"learn":[0.1919614143],"iteration":175,"passed_time":29.97888322,"remaining_time":140.3556805},
{"learn":[0.1913515899],"iteration":176,"passed_time":30.13686278,"remaining_time":140.1278987},
{"learn":[0.1908667253],"iteration":177,"passed_time":30.28891316,"remaining_time":139.8735203},
{"learn":[0.1902069164],"iteration":178,"passed_time":30.48042084,"remaining_time":139.8012598},
{"learn":[0.189220421],"iteration":179,"passed_time":30.70812813,"remaining_time":139.8925837},
{"learn":[0.1884313703],"iteration":180,"passed_time":30.89147053,"remaining_time":139.7796374},
{"learn":[0.1880438613],"iteration":181,"passed_time":31.05963691,"remaining_time":139.5977087},
{"learn":[0.187607723],"iteration":182,"passed_time":31.21022823,"remaining_time":139.337467},
{"learn":[0.1867902673],"iteration":183,"passed_time":31.36965056,"remaining_time":139.1175807},
{"learn":[0.1861912598],"iteration":184,"passed_time":31.5340434,"remaining_time":138.9202453},
{"learn":[0.185511076],"iteration":185,"passed_time":31.74975637,"remaining_time":138.9478585},
{"learn":[0.184933649],"iteration":186,"passed_time":31.92171972,"remaining_time":138.7826638},
{"learn":[0.1844242542],"iteration":187,"passed_time":32.09610512,"remaining_time":138.6278583},
{"learn":[0.1834397355],"iteration":188,"passed_time":32.27182411,"remaining_time":138.478568},
{"learn":[0.1829100482],"iteration":189,"passed_time":32.43744137,"remaining_time":138.2859343},
{"learn":[0.1823002416],"iteration":190,"passed_time":32.66003471,"remaining_time":138.3349114},
{"learn":[0.1817684449],"iteration":191,"passed_time":32.85978639,"remaining_time":138.2849344},
{"learn":[0.1812358644],"iteration":192,"passed_time":33.03506804,"remaining_time":138.1310876},
{"learn":[0.1806532806],"iteration":193,"passed_time":33.22526207,"remaining_time":138.0389754},
{"learn":[0.1802417824],"iteration":194,"passed_time":33.4069745,"remaining_time":137.9108435},
{"learn":[0.1797193685],"iteration":195,"passed_time":33.57048049,"remaining_time":137.7074812},
{"learn":[0.1792139345],"iteration":196,"passed_time":33.73992264,"remaining_time":137.5287202},
{"learn":[0.1784441495],"iteration":197,"passed_time":33.91522928,"remaining_time":137.3738075},
{"learn":[0.1778543122],"iteration":198,"passed_time":34.08593358,"remaining_time":137.2001648},
{"learn":[0.1772360483],"iteration":199,"passed_time":34.24555811,"remaining_time":136.9822325},
{"learn":[0.1766221846],"iteration":200,"passed_time":34.43111759,"remaining_time":136.8679749},
{"learn":[0.1760141679],"iteration":201,"passed_time":34.59492571,"remaining_time":136.6670828},
{"learn":[0.1755160037],"iteration":202,"passed_time":34.76974685,"remaining_time":136.5097943},
{"learn":[0.17481899],"iteration":203,"passed_time":34.96573352,"remaining_time":136.434921},
{"learn":[0.1739106427],"iteration":204,"passed_time":35.15241831,"remaining_time":136.322793},
{"learn":[0.1734123155],"iteration":205,"passed_time":35.31431354,"remaining_time":136.114393},
{"learn":[0.1729487764],"iteration":206,"passed_time":35.50465341,"remaining_time":136.0154114},
{"learn":[0.172640485],"iteration":207,"passed_time":35.67108348,"remaining_time":135.8245102},
{"learn":[0.1720367717],"iteration":208,"passed_time":35.82793542,"remaining_time":135.5975929},
{"learn":[0.1714995432],"iteration":209,"passed_time":36.0221232,"remaining_time":135.5117968},
{"learn":[0.1709842614],"iteration":210,"passed_time":36.16451724,"remaining_time":135.2312991},
{"learn":[0.1703250525],"iteration":211,"passed_time":36.31457309,"remaining_time":134.980583},
{"learn":[0.1697513184],"iteration":212,"passed_time":36.49893698,"remaining_time":134.8575747},
{"learn":[0.1690720383],"iteration":213,"passed_time":36.6640396,"remaining_time":134.6632482},
{"learn":[0.1684167897],"iteration":214,"passed_time":36.82639068,"remaining_time":134.4591474},
{"learn":[0.1679750009],"iteration":215,"passed_time":37.023816,"remaining_time":134.3827395},
{"learn":[0.1675216595],"iteration":216,"passed_time":37.18348625,"remaining_time":134.1689849},
{"learn":[0.166788014],"iteration":217,"passed_time":37.366722,"remaining_time":134.0402597},
{"learn":[0.1663874292],"iteration":218,"passed_time":37.53414072,"remaining_time":133.8546297},
{"learn":[0.1659207301],"iteration":219,"passed_time":37.72946905,"remaining_time":133.7681176},
{"learn":[0.1652415735],"iteration":220,"passed_time":37.89269328,"remaining_time":133.5674573},
{"learn":[0.1648704256],"iteration":221,"passed_time":38.07535842,"remaining_time":133.4352651},
{"learn":[0.1643891745],"iteration":222,"passed_time":38.2351486,"remaining_time":133.2229169},
{"learn":[0.1639253543],"iteration":223,"passed_time":38.40238791,"remaining_time":133.0368438},
{"learn":[0.1632365279],"iteration":224,"passed_time":38.57830478,"remaining_time":132.8808276},
{"learn":[0.1628321311],"iteration":225,"passed_time":38.764622,"remaining_time":132.7602541},
{"learn":[0.1622883652],"iteration":226,"passed_time":38.93515562,"remaining_time":132.5853537},
{"learn":[0.1618571717],"iteration":227,"passed_time":39.09904878,"remaining_time":132.3880073},
{"learn":[0.1614383626],"iteration":228,"passed_time":39.25062818,"remaining_time":132.1494949},
{"learn":[0.1607750856],"iteration":229,"passed_time":39.41203285,"remaining_time":131.9446317},
{"learn":[0.1604995789],"iteration":230,"passed_time":39.59064155,"remaining_time":131.7974171},
{"learn":[0.1597754604],"iteration":231,"passed_time":39.75657406,"remaining_time":131.6079693},
{"learn":[0.1592149329],"iteration":232,"passed_time":39.95332142,"remaining_time":131.5201611},
{"learn":[0.158674144],"iteration":233,"passed_time":40.15172208,"remaining_time":131.4368338},
{"learn":[0.1583173944],"iteration":234,"passed_time":40.34341048,"remaining_time":131.3306767},
{"learn":[0.1578812437],"iteration":235,"passed_time":40.52104221,"remaining_time":131.1782892},
{"learn":[0.1574456113],"iteration":236,"passed_time":40.69663395,"remaining_time":131.0191211},
{"learn":[0.1571473772],"iteration":237,"passed_time":40.87773781,"remaining_time":130.8774631},
{"learn":[0.1567416129],"iteration":238,"passed_time":41.06919692,"remaining_time":130.7684471},
{"learn":[0.1564320601],"iteration":239,"passed_time":41.23795787,"remaining_time":130.5868666},
{"learn":[0.1560221115],"iteration":240,"passed_time":41.41980833,"remaining_time":130.4466163},
{"learn":[0.1557861474],"iteration":241,"passed_time":41.57785036,"remaining_time":130.2314487},
{"learn":[0.1553319947],"iteration":242,"passed_time":41.73756693,"remaining_time":130.0219677},
{"learn":[0.1550673693],"iteration":243,"passed_time":41.9362328,"remaining_time":129.9335738},
{"learn":[0.1547788711],"iteration":244,"passed_time":42.10574211,"remaining_time":129.7544298},
{"learn":[0.154230333],"iteration":245,"passed_time":42.26178391,"remaining_time":129.5340856},
{"learn":[0.153902328],"iteration":246,"passed_time":42.43850128,"remaining_time":129.3772934},
{"learn":[0.1535421421],"iteration":247,"passed_time":42.58960084,"remaining_time":129.1426606},
{"learn":[0.1530973465],"iteration":248,"passed_time":42.73769466,"remaining_time":128.8996333},
{"learn":[0.1525886645],"iteration":249,"passed_time":42.92272356,"remaining_time":128.7681707},
{"learn":[0.1521259119],"iteration":250,"passed_time":43.0784672,"remaining_time":128.5488922},
{"learn":[0.1515280376],"iteration":251,"passed_time":43.22694113,"remaining_time":128.3085395},
{"learn":[0.1511188585],"iteration":252,"passed_time":43.40222375,"remaining_time":128.1480678},
{"learn":[0.1505606256],"iteration":253,"passed_time":43.55291733,"remaining_time":127.9152611},
{"learn":[0.1503456565],"iteration":254,"passed_time":43.70485486,"remaining_time":127.6867328},
{"learn":[0.1499284118],"iteration":255,"passed_time":43.87872688,"remaining_time":127.52255},
{"learn":[0.1495368536],"iteration":256,"passed_time":44.05178031,"remaining_time":127.3559252},
{"learn":[0.1489184851],"iteration":257,"passed_time":44.21311615,"remaining_time":127.1555511},
{"learn":[0.1484081999],"iteration":258,"passed_time":44.38324867,"remaining_time":126.9806458},
{"learn":[0.1480621568],"iteration":259,"passed_time":44.56715614,"remaining_time":126.8449829},
{"learn":[0.1477581003],"iteration":260,"passed_time":44.71336157,"remaining_time":126.6022},
{"learn":[0.14742585],"iteration":261,"passed_time":44.87885634,"remaining_time":126.4144885},
{"learn":[0.146997278],"iteration":262,"passed_time":45.070149,"remaining_time":126.2992388},
{"learn":[0.1467983656],"iteration":263,"passed_time":45.31137421,"remaining_time":126.322619},
{"learn":[0.1464998031],"iteration":264,"passed_time":45.57629796,"remaining_time":126.4097321},
{"learn":[0.145592318],"iteration":265,"passed_time":45.76449045,"remaining_time":126.2824661},
{"learn":[0.1453475893],"iteration":266,"passed_time":45.90952838,"remaining_time":126.0362708},
{"learn":[0.1449122298],"iteration":267,"passed_time":46.07007591,"remaining_time":125.8331924},
{"learn":[0.1444478232],"iteration":268,"passed_time":46.22269905,"remaining_time":125.6088959},
{"learn":[0.1441727674],"iteration":269,"passed_time":46.36699248,"remaining_time":125.3626093},
{"learn":[0.1438452422],"iteration":270,"passed_time":46.52755007,"remaining_time":125.1608266},
{"learn":[0.1434732679],"iteration":271,"passed_time":46.69046296,"remaining_time":124.9656509},
{"learn":[0.1428457399],"iteration":272,"passed_time":46.84955843,"remaining_time":124.7605457},
{"learn":[0.1422672172],"iteration":273,"passed_time":47.01920322,"remaining_time":124.5837282},
{"learn":[0.1419023475],"iteration":274,"passed_time":47.16806706,"remaining_time":124.3521768},
{"learn":[0.1415908323],"iteration":275,"passed_time":47.31072636,"remaining_time":124.1049489},
{"learn":[0.1413072469],"iteration":276,"passed_time":47.46751884,"remaining_time":123.8953651},
{"learn":[0.1408913756],"iteration":277,"passed_time":47.63017111,"remaining_time":123.7013796},
{"learn":[0.1405555684],"iteration":278,"passed_time":47.77684247,"remaining_time":123.4663205},
{"learn":[0.140179967],"iteration":279,"passed_time":47.94105737,"remaining_time":123.2770047},
{"learn":[0.1397899725],"iteration":280,"passed_time":48.15219853,"remaining_time":123.2079386},
{"learn":[0.1393042378],"iteration":281,"passed_time":48.31712692,"remaining_time":123.0202026},
{"learn":[0.1389098466],"iteration":282,"passed_time":48.46794406,"remaining_time":122.7968759},
{"learn":[0.1386117276],"iteration":283,"passed_time":48.63851144,"remaining_time":122.6238528},
{"learn":[0.1381845583],"iteration":284,"passed_time":48.78862898,"remaining_time":122.3995429},
{"learn":[0.1376207961],"iteration":285,"passed_time":49.06306165,"remaining_time":122.486105},
{"learn":[0.1373054664],"iteration":286,"passed_time":49.27073509,"remaining_time":122.4043001},
{"learn":[0.1368565126],"iteration":287,"passed_time":49.42334033,"remaining_time":122.1854803},
{"learn":[0.1365737805],"iteration":288,"passed_time":49.56836056,"remaining_time":121.948458},
{"learn":[0.1362056406],"iteration":289,"passed_time":49.73921438,"remaining_time":121.775318},
{"learn":[0.1359469388],"iteration":290,"passed_time":49.90551154,"remaining_time":121.5910917},
{"learn":[0.1357187143],"iteration":291,"passed_time":50.08632372,"remaining_time":121.4421822},
{"learn":[0.1350617704],"iteration":292,"passed_time":50.27184017,"remaining_time":121.3044061},
{"learn":[0.1347173187],"iteration":293,"passed_time":50.44547047,"remaining_time":121.1377624},
{"learn":[0.1344442388],"iteration":294,"passed_time":50.65866817,"remaining_time":121.0656307},
{"learn":[0.134088281],"iteration":295,"passed_time":50.83017178,"remaining_time":120.8933815},
{"learn":[0.1338140441],"iteration":296,"passed_time":51.04308369,"remaining_time":120.819151},
{"learn":[0.1335063663],"iteration":297,"passed_time":51.2037317,"remaining_time":120.6208713},
{"learn":[0.1332349946],"iteration":298,"passed_time":51.37359426,"remaining_time":120.4444468},
{"learn":[0.1328905703],"iteration":299,"passed_time":51.55147421,"remaining_time":120.2867732},
{"learn":[0.1326376038],"iteration":300,"passed_time":51.70733212,"remaining_time":120.0778244},
{"learn":[0.1322676963],"iteration":301,"passed_time":51.87086192,"remaining_time":119.886959},
{"learn":[0.1319876825],"iteration":302,"passed_time":52.03263652,"remaining_time":119.6922365},
{"learn":[0.1313409903],"iteration":303,"passed_time":52.19338852,"remaining_time":119.4953895},
{"learn":[0.1310093549],"iteration":304,"passed_time":52.36950376,"remaining_time":119.3337873},
{"learn":[0.1307541378],"iteration":305,"passed_time":52.62619366,"remaining_time":119.3548314},
{"learn":[0.1304462991],"iteration":306,"passed_time":52.77253589,"remaining_time":119.1249751},
{"learn":[0.1301389532],"iteration":307,"passed_time":52.94278747,"remaining_time":118.9493796},
{"learn":[0.1296719872],"iteration":308,"passed_time":53.10974249,"remaining_time":118.7664468},
{"learn":[0.1293869686],"iteration":309,"passed_time":53.27950312,"remaining_time":118.5898618},
{"learn":[0.1289016611],"iteration":310,"passed_time":53.71502991,"remaining_time":119.0021081},
{"learn":[0.1287158957],"iteration":311,"passed_time":54.01480153,"remaining_time":119.1095624},
{"learn":[0.1283957819],"iteration":312,"passed_time":54.26108256,"remaining_time":119.0970087},
{"learn":[0.1281170893],"iteration":313,"passed_time":54.52345791,"remaining_time":119.1181278},
{"learn":[0.1278255183],"iteration":314,"passed_time":54.76835423,"remaining_time":119.099437},
{"learn":[0.1275425557],"iteration":315,"passed_time":55.00596662,"remaining_time":119.063548},
{"learn":[0.1273697567],"iteration":316,"passed_time":55.23265044,"remaining_time":119.0028399},
{"learn":[0.1271251719],"iteration":317,"passed_time":55.47820313,"remaining_time":118.9815551},
{"learn":[0.1267511983],"iteration":318,"passed_time":55.7178218,"remaining_time":118.9461964},
{"learn":[0.1265083686],"iteration":319,"passed_time":55.95145011,"remaining_time":118.8968315},
{"learn":[0.1262657902],"iteration":320,"passed_time":56.24302895,"remaining_time":118.9688992},
{"learn":[0.1261247051],"iteration":321,"passed_time":56.47762121,"remaining_time":118.9187179},
{"learn":[0.1259001123],"iteration":322,"passed_time":56.68894219,"remaining_time":118.8186188},
{"learn":[0.1256421293],"iteration":323,"passed_time":56.92233842,"remaining_time":118.7638913},
{"learn":[0.1254051825],"iteration":324,"passed_time":57.15733445,"remaining_time":118.7113869},
{"learn":[0.1252123466],"iteration":325,"passed_time":57.35696867,"remaining_time":118.584653},
{"learn":[0.1247978197],"iteration":326,"passed_time":57.60724984,"remaining_time":118.5617099},
{"learn":[0.1244806889],"iteration":327,"passed_time":57.82274316,"remaining_time":118.4661079},
{"learn":[0.1241308859],"iteration":328,"passed_time":58.06276967,"remaining_time":118.4198129},
{"learn":[0.1238916502],"iteration":329,"passed_time":58.28773025,"remaining_time":118.3417554},
{"learn":[0.1235180818],"iteration":330,"passed_time":58.51390516,"remaining_time":118.2652645},
{"learn":[0.123289248],"iteration":331,"passed_time":58.73333147,"remaining_time":118.1742934},
{"learn":[0.1230605692],"iteration":332,"passed_time":59.03833242,"remaining_time":118.2539571},
{"learn":[0.1227487064],"iteration":333,"passed_time":59.31870452,"remaining_time":118.2822072},
{"learn":[0.122476413],"iteration":334,"passed_time":59.53711348,"remaining_time":118.1856133},
{"learn":[0.1221465796],"iteration":335,"passed_time":59.7476311,"remaining_time":118.0726996},
{"learn":[0.122004124],"iteration":336,"passed_time":59.96499742,"remaining_time":117.9726804},
{"learn":[0.1217939528],"iteration":337,"passed_time":60.19750508,"remaining_time":117.9016224},
{"learn":[0.1216254942],"iteration":338,"passed_time":60.40749345,"remaining_time":117.7857026},
{"learn":[0.1212068385],"iteration":339,"passed_time":60.61757707,"remaining_time":117.6694143},
{"learn":[0.1209849713],"iteration":340,"passed_time":60.84708966,"remaining_time":117.5901234},
{"learn":[0.1205505506],"iteration":341,"passed_time":61.10964974,"remaining_time":117.5735366},
{"learn":[0.1202286381],"iteration":342,"passed_time":61.31412324,"remaining_time":117.4442535},
{"learn":[0.119911947],"iteration":343,"passed_time":61.5420394,"remaining_time":117.3592379},
{"learn":[0.11972654],"iteration":344,"passed_time":61.77978876,"remaining_time":117.2920627},
{"learn":[0.1194210379],"iteration":345,"passed_time":62.00220001,"remaining_time":117.1949099},
{"learn":[0.1191479658],"iteration":346,"passed_time":62.22431247,"remaining_time":117.0964727},
{"learn":[0.1190111593],"iteration":347,"passed_time":62.44457567,"remaining_time":116.9938602},
{"learn":[0.1186421429],"iteration":348,"passed_time":62.64095784,"remaining_time":116.8460274},
{"learn":[0.1184318794],"iteration":349,"passed_time":62.874288,"remaining_time":116.7665349},
{"learn":[0.1181227882],"iteration":350,"passed_time":63.12293858,"remaining_time":116.7144933},
{"learn":[0.1177929308],"iteration":351,"passed_time":63.34430047,"remaining_time":116.6110986},
{"learn":[0.1175104253],"iteration":352,"passed_time":63.55943965,"remaining_time":116.4956302},
{"learn":[0.1173072307],"iteration":353,"passed_time":63.78685287,"remaining_time":116.401997},
{"learn":[0.1170378036],"iteration":354,"passed_time":64.00605919,"remaining_time":116.2926991},
{"learn":[0.1167934828],"iteration":355,"passed_time":64.25234849,"remaining_time":116.2317765},
{"learn":[0.1166071853],"iteration":356,"passed_time":64.45856304,"remaining_time":116.097636},
{"learn":[0.1164057238],"iteration":357,"passed_time":64.67058906,"remaining_time":115.9735145},
{"learn":[0.1160746296],"iteration":358,"passed_time":64.91904239,"remaining_time":115.9139448},
{"learn":[0.1155054722],"iteration":359,"passed_time":65.15940449,"remaining_time":115.8389413},
{"learn":[0.1150479719],"iteration":360,"passed_time":65.37009872,"remaining_time":115.7105072},
{"learn":[0.1147592814],"iteration":361,"passed_time":65.57516609,"remaining_time":115.5717016},
{"learn":[0.1145067545],"iteration":362,"passed_time":65.81830784,"remaining_time":115.4993446},
{"learn":[0.1142930449],"iteration":363,"passed_time":66.0671828,"remaining_time":115.4360666},
{"learn":[0.1140210283],"iteration":364,"passed_time":66.27331872,"remaining_time":115.2974175},
{"learn":[0.1138253066],"iteration":365,"passed_time":66.48436211,"remaining_time":115.1669005},
{"learn":[0.1136219329],"iteration":366,"passed_time":66.69978735,"remaining_time":115.0435024},
{"learn":[0.1133848276],"iteration":367,"passed_time":67.04853484,"remaining_time":115.1485707},
{"learn":[0.113121793],"iteration":368,"passed_time":67.26078183,"remaining_time":115.0177597},
{"learn":[0.1128799077],"iteration":369,"passed_time":67.46001755,"remaining_time":114.8643542},
{"learn":[0.1126343213],"iteration":370,"passed_time":67.66971573,"remaining_time":114.7284399},
{"learn":[0.1124217285],"iteration":371,"passed_time":67.88566732,"remaining_time":114.6026857},
{"learn":[0.112122682],"iteration":372,"passed_time":68.14826911,"remaining_time":114.5548652},
{"learn":[0.1118826024],"iteration":373,"passed_time":68.34529001,"remaining_time":114.3961271},
{"learn":[0.1117130421],"iteration":374,"passed_time":68.54771358,"remaining_time":114.2461893},
{"learn":[0.1114318696],"iteration":375,"passed_time":68.78216414,"remaining_time":114.1491235},
{"learn":[0.1111973979],"iteration":376,"passed_time":69.00692113,"remaining_time":114.03531},
{"learn":[0.1110035238],"iteration":377,"passed_time":69.22916329,"remaining_time":113.9167713},
{"learn":[0.1106722155],"iteration":378,"passed_time":69.45979461,"remaining_time":113.8114313},
{"learn":[0.1105114429],"iteration":379,"passed_time":69.6774147,"remaining_time":113.6842029},
{"learn":[0.110357633],"iteration":380,"passed_time":69.91116405,"remaining_time":113.5827048},
{"learn":[0.1101418471],"iteration":381,"passed_time":70.17737738,"remaining_time":113.5330346},
{"learn":[0.1099164252],"iteration":382,"passed_time":70.37861887,"remaining_time":113.3775662},
{"learn":[0.109525277],"iteration":383,"passed_time":70.59361679,"remaining_time":113.2439269},
{"learn":[0.1093350354],"iteration":384,"passed_time":70.83677883,"remaining_time":113.1548545},
{"learn":[0.1091426401],"iteration":385,"passed_time":71.06370219,"remaining_time":113.0391532},
{"learn":[0.1089721703],"iteration":386,"passed_time":71.27449775,"remaining_time":112.8973311},
{"learn":[0.1087746958],"iteration":387,"passed_time":71.49085355,"remaining_time":112.7639236},
{"learn":[0.1084964663],"iteration":388,"passed_time":71.71048416,"remaining_time":112.6352335},
{"learn":[0.1082507723],"iteration":389,"passed_time":71.9225556,"remaining_time":112.4942536},
{"learn":[0.1080391753],"iteration":390,"passed_time":72.16916715,"remaining_time":112.4067079},
{"learn":[0.1078669842],"iteration":391,"passed_time":72.35914326,"remaining_time":112.2305079},
{"learn":[0.1076496125],"iteration":392,"passed_time":72.55396678,"remaining_time":112.0617248},
{"learn":[0.1075738296],"iteration":393,"passed_time":72.78514092,"remaining_time":111.9487193},
{"learn":[0.107255768],"iteration":394,"passed_time":73.02495848,"remaining_time":111.8483541},
{"learn":[0.1070591696],"iteration":395,"passed_time":73.2513205,"remaining_time":111.7267616},
{"learn":[0.1068512766],"iteration":396,"passed_time":73.45768015,"remaining_time":111.5742598},
{"learn":[0.1067283899],"iteration":397,"passed_time":73.67156184,"remaining_time":111.4328649},
{"learn":[0.1065413904],"iteration":398,"passed_time":73.88678027,"remaining_time":111.2931202},
{"learn":[0.1062806482],"iteration":399,"passed_time":74.13879575,"remaining_time":111.2081936},
{"learn":[0.1058816536],"iteration":400,"passed_time":74.35000812,"remaining_time":111.0614834},
{"learn":[0.1057753993],"iteration":401,"passed_time":74.5487872,"remaining_time":110.8959571},
{"learn":[0.105512444],"iteration":402,"passed_time":74.78645829,"remaining_time":110.7878799},
{"learn":[0.1053458886],"iteration":403,"passed_time":75.04857697,"remaining_time":110.7152274},
{"learn":[0.105141148],"iteration":404,"passed_time":75.25200134,"remaining_time":110.5554094},
{"learn":[0.1049343449],"iteration":405,"passed_time":75.46485298,"remaining_time":110.4091691},
{"learn":[0.1046806083],"iteration":406,"passed_time":75.68652197,"remaining_time":110.2754485},
{"learn":[0.104382084],"iteration":407,"passed_time":75.99409314,"remaining_time":110.2659391},
{"learn":[0.104163473],"iteration":408,"passed_time":76.23064975,"remaining_time":110.152357},
{"learn":[0.10396439],"iteration":409,"passed_time":76.46273832,"remaining_time":110.0317454},
{"learn":[0.1037419593],"iteration":410,"passed_time":76.66381022,"remaining_time":109.8661417},
{"learn":[0.1035496114],"iteration":411,"passed_time":76.86405586,"remaining_time":109.6991865},
{"learn":[0.10336303],"iteration":412,"passed_time":77.11479115,"remaining_time":109.6038315},
{"learn":[0.1031187151],"iteration":413,"passed_time":77.3085932,"remaining_time":109.4271392},
{"learn":[0.1027934034],"iteration":414,"passed_time":77.51348476,"remaining_time":109.2659966},
{"learn":[0.1025586544],"iteration":415,"passed_time":77.75812252,"remaining_time":109.1604412},
{"learn":[0.1024151983],"iteration":416,"passed_time":77.99305895,"remaining_time":109.0406556},
{"learn":[0.1021465414],"iteration":417,"passed_time":78.2167453,"remaining_time":108.9046549},
{"learn":[0.1020460066],"iteration":418,"passed_time":78.43114959,"remaining_time":108.7553649},
{"learn":[0.1018659088],"iteration":419,"passed_time":78.62694072,"remaining_time":108.580061},
{"learn":[0.1016507238],"iteration":420,"passed_time":78.84292733,"remaining_time":108.4324345},
{"learn":[0.101432552],"iteration":421,"passed_time":79.11265803,"remaining_time":108.3580956},
{"learn":[0.1012864683],"iteration":422,"passed_time":79.32122168,"remaining_time":108.1993969},
{"learn":[0.1011336833],"iteration":423,"passed_time":79.52390022,"remaining_time":108.0324682},
{"learn":[0.1010007466],"iteration":424,"passed_time":79.75005705,"remaining_time":107.897136},
{"learn":[0.1006561863],"iteration":425,"passed_time":79.98920452,"remaining_time":107.7788812},
{"learn":[0.1004149042],"iteration":426,"passed_time":80.20687338,"remaining_time":107.6312376},
{"learn":[0.1001859584],"iteration":427,"passed_time":80.41125254,"remaining_time":107.4655057},
{"learn":[0.09994983389],"iteration":428,"passed_time":80.62261098,"remaining_time":107.3088832},
{"learn":[0.09973202803],"iteration":429,"passed_time":80.83841448,"remaining_time":107.1578983},
{"learn":[0.09952244743],"iteration":430,"passed_time":81.10306796,"remaining_time":107.0711036},
{"learn":[0.0992832698],"iteration":431,"passed_time":81.28989073,"remaining_time":106.8811526},
{"learn":[0.09915302968],"iteration":432,"passed_time":81.50194887,"remaining_time":106.724261},
{"learn":[0.09909249843],"iteration":433,"passed_time":81.72959851,"remaining_time":106.5874487},
{"learn":[0.0988385291],"iteration":434,"passed_time":81.96778755,"remaining_time":106.463908},
{"learn":[0.09857076757],"iteration":435,"passed_time":82.19834412,"remaining_time":106.3299681},
{"learn":[0.09837555637],"iteration":436,"passed_time":82.41275769,"remaining_time":106.1747885},
{"learn":[0.0982807974],"iteration":437,"passed_time":82.62382681,"remaining_time":106.0150472},
{"learn":[0.09803461647],"iteration":438,"passed_time":82.84087315,"remaining_time":105.8627103},
{"learn":[0.09787839446],"iteration":439,"passed_time":83.08310044,"remaining_time":105.7421278},
{"learn":[0.09761235601],"iteration":440,"passed_time":83.31094776,"remaining_time":105.602766},
{"learn":[0.09736323235],"iteration":441,"passed_time":83.52142847,"remaining_time":105.4410794},
{"learn":[0.09708230768],"iteration":442,"passed_time":83.73237583,"remaining_time":105.2797592},
{"learn":[0.09685137817],"iteration":443,"passed_time":83.99337523,"remaining_time":105.1808933},
{"learn":[0.09671688639],"iteration":444,"passed_time":84.21469653,"remaining_time":105.0318125},
{"learn":[0.09638901612],"iteration":445,"passed_time":84.41145184,"remaining_time":104.8518931},
{"learn":[0.09616795521],"iteration":446,"passed_time":84.63919635,"remaining_time":104.7102362},
{"learn":[0.096044344],"iteration":447,"passed_time":84.84230785,"remaining_time":104.5378436},
{"learn":[0.09584859306],"iteration":448,"passed_time":85.08822274,"remaining_time":104.4178413},
{"learn":[0.09569322865],"iteration":449,"passed_time":85.30453736,"remaining_time":104.2611012},
{"learn":[0.09554763903],"iteration":450,"passed_time":85.49537804,"remaining_time":104.0730877},
{"learn":[0.09545689241],"iteration":451,"passed_time":85.69159602,"remaining_time":103.891581},
{"learn":[0.09534661777],"iteration":452,"passed_time":85.92654359,"remaining_time":103.7567756},
{"learn":[0.09519981299],"iteration":453,"passed_time":86.16808483,"remaining_time":103.6294588},
{"learn":[0.09504210545],"iteration":454,"passed_time":86.36433852,"remaining_time":103.4473945},
{"learn":[0.09485068353],"iteration":455,"passed_time":86.58945401,"remaining_time":103.2996995},
{"learn":[0.09455636377],"iteration":456,"passed_time":86.81921597,"remaining_time":103.1571866},
{"learn":[0.09437795965],"iteration":457,"passed_time":87.06697886,"remaining_time":103.0355951},
{"learn":[0.09422061286],"iteration":458,"passed_time":87.29832249,"remaining_time":102.8941012},
{"learn":[0.094001849],"iteration":459,"passed_time":87.50458783,"remaining_time":102.722777},
{"learn":[0.09374099883],"iteration":460,"passed_time":87.7143496,"remaining_time":102.5553892},
{"learn":[0.09352891186],"iteration":461,"passed_time":87.96188309,"remaining_time":102.4318033},
{"learn":[0.09328056124],"iteration":462,"passed_time":88.19759726,"remaining_time":102.2939735},
{"learn":[0.09310780877],"iteration":463,"passed_time":88.40231224,"remaining_time":102.1199124},
{"learn":[0.0929237399],"iteration":464,"passed_time":88.61582692,"remaining_time":101.9558439},
{"learn":[0.09276947277],"iteration":465,"passed_time":88.85157577,"remaining_time":101.8170418},
{"learn":[0.0924997213],"iteration":466,"passed_time":89.13555454,"remaining_time":101.7328706},
{"learn":[0.09235129892],"iteration":467,"passed_time":89.36677557,"remaining_time":101.5878731},
{"learn":[0.09222472347],"iteration":468,"passed_time":89.57028185,"remaining_time":101.4111293},
{"learn":[0.09203913875],"iteration":469,"passed_time":89.78117348,"remaining_time":101.2425999},
{"learn":[0.09181813935],"iteration":470,"passed_time":90.06129165,"remaining_time":101.1516418},
{"learn":[0.09164281817],"iteration":471,"passed_time":90.26167593,"remaining_time":100.9706883},
{"learn":[0.091518355],"iteration":472,"passed_time":90.47815605,"remaining_time":100.8075861},
{"learn":[0.09136687393],"iteration":473,"passed_time":90.70553779,"remaining_time":100.6563563},
{"learn":[0.09121017039],"iteration":474,"passed_time":90.92830851,"remaining_time":100.4997094},
{"learn":[0.09099821277],"iteration":475,"passed_time":91.16125994,"remaining_time":100.353992},
{"learn":[0.09085750772],"iteration":476,"passed_time":91.37868911,"remaining_time":100.1908897},
{"learn":[0.09063332594],"iteration":477,"passed_time":91.60990956,"remaining_time":100.0426209},
{"learn":[0.09049638438],"iteration":478,"passed_time":91.82509579,"remaining_time":99.87656557},
{"learn":[0.09038742311],"iteration":479,"passed_time":92.07084282,"remaining_time":99.74341305},
{"learn":[0.09016971648],"iteration":480,"passed_time":92.29143623,"remaining_time":99.58265156},
{"learn":[0.09000932409],"iteration":481,"passed_time":92.49573428,"remaining_time":99.40412937},
{"learn":[0.08991292695],"iteration":482,"passed_time":92.70912331,"remaining_time":99.23523137},
{"learn":[0.08977675206],"iteration":483,"passed_time":92.94203782,"remaining_time":99.08696594},
{"learn":[0.08959157353],"iteration":484,"passed_time":93.16836583,"remaining_time":98.93135753},
{"learn":[0.0894476459],"iteration":485,"passed_time":93.37305563,"remaining_time":98.75257324},
{"learn":[0.0893427463],"iteration":486,"passed_time":93.58757885,"remaining_time":98.58404097},
{"learn":[0.08923331507],"iteration":487,"passed_time":93.79602874,"remaining_time":98.40894819},
{"learn":[0.08911373411],"iteration":488,"passed_time":94.04334416,"remaining_time":98.27433306},
{"learn":[0.08901395462],"iteration":489,"passed_time":94.25216751,"remaining_time":98.09919476},
{"learn":[0.08882024345],"iteration":490,"passed_time":94.46209121,"remaining_time":97.92505994},
{"learn":[0.08869814236],"iteration":491,"passed_time":94.67156893,"remaining_time":97.75031914},
{"learn":[0.08856457057],"iteration":492,"passed_time":94.90407877,"remaining_time":97.5991236},
{"learn":[0.08844937137],"iteration":493,"passed_time":95.12709369,"remaining_time":97.4378733},
{"learn":[0.0882923359],"iteration":494,"passed_time":95.33571154,"remaining_time":97.26168551},
{"learn":[0.08810102598],"iteration":495,"passed_time":95.56406221,"remaining_time":97.10541805},
{"learn":[0.08793203548],"iteration":496,"passed_time":95.76887866,"remaining_time":96.92504219},
{"learn":[0.08785037396],"iteration":497,"passed_time":96.00978767,"remaining_time":96.78095062},
{"learn":[0.08767921773],"iteration":498,"passed_time":96.24576552,"remaining_time":96.63152009},
{"learn":[0.08759197111],"iteration":499,"passed_time":96.46224165,"remaining_time":96.46224165},
{"learn":[0.08737499785],"iteration":500,"passed_time":96.67589004,"remaining_time":96.28995835},
{"learn":[0.08721451373],"iteration":501,"passed_time":96.90653118,"remaining_time":96.13436758},
{"learn":[0.08708681982],"iteration":502,"passed_time":97.13695423,"remaining_time":95.97826293},
{"learn":[0.08692975047],"iteration":503,"passed_time":97.3459144,"remaining_time":95.80074115},
{"learn":[0.08682014811],"iteration":504,"passed_time":97.57063008,"remaining_time":95.63853839},
{"learn":[0.08666440239],"iteration":505,"passed_time":97.79780267,"remaining_time":95.47848719},
{"learn":[0.08650838906],"iteration":506,"passed_time":98.05303621,"remaining_time":95.3454573},
{"learn":[0.08636982785],"iteration":507,"passed_time":98.27127466,"remaining_time":95.17611641},
{"learn":[0.08616381955],"iteration":508,"passed_time":98.48272852,"remaining_time":95.00003871},
{"learn":[0.08598517574],"iteration":509,"passed_time":98.70546181,"remaining_time":94.83465938},
{"learn":[0.08577007733],"iteration":510,"passed_time":98.95025326,"remaining_time":94.69016408},
{"learn":[0.08560815766],"iteration":511,"passed_time":99.24895153,"remaining_time":94.59665693},
{"learn":[0.08538506411],"iteration":512,"passed_time":99.54690578,"remaining_time":94.5016435},
{"learn":[0.08524166131],"iteration":513,"passed_time":99.81538364,"remaining_time":94.37796974},
{"learn":[0.08509055916],"iteration":514,"passed_time":100.4744805,"remaining_time":94.62159818},
{"learn":[0.08490784739],"iteration":515,"passed_time":100.6739732,"remaining_time":94.43062599},
{"learn":[0.08476584086],"iteration":516,"passed_time":100.835566,"remaining_time":94.20421354},
{"learn":[0.08463922223],"iteration":517,"passed_time":101.0518305,"remaining_time":94.02892338},
{"learn":[0.08448491009],"iteration":518,"passed_time":101.2410835,"remaining_time":93.82844156},
{"learn":[0.08431992321],"iteration":519,"passed_time":101.4517108,"remaining_time":93.64773303},
{"learn":[0.08421764517],"iteration":520,"passed_time":101.6170007,"remaining_time":93.42522709},
{"learn":[0.08417749343],"iteration":521,"passed_time":102.4904231,"remaining_time":93.85138358},
{"learn":[0.08404701817],"iteration":522,"passed_time":102.7251488,"remaining_time":93.69004968},
{"learn":[0.08383020031],"iteration":523,"passed_time":102.9610529,"remaining_time":93.52950607},
{"learn":[0.08367752314],"iteration":524,"passed_time":103.1752577,"remaining_time":93.34904271},
{"learn":[0.08352725089],"iteration":525,"passed_time":103.3982911,"remaining_time":93.17640682},
{"learn":[0.08339505454],"iteration":526,"passed_time":103.6060606,"remaining_time":92.98987983},
{"learn":[0.08324012425],"iteration":527,"passed_time":103.8161432,"remaining_time":92.80534017},
{"learn":[0.08311924238],"iteration":528,"passed_time":104.0270058,"remaining_time":92.62139837},
{"learn":[0.08293241332],"iteration":529,"passed_time":104.2252066,"remaining_time":92.4261266},
{"learn":[0.08268430254],"iteration":530,"passed_time":104.4576848,"remaining_time":92.26111898},
{"learn":[0.08251659784],"iteration":531,"passed_time":104.6595319,"remaining_time":92.06891151},
{"learn":[0.08232387857],"iteration":532,"passed_time":104.8874653,"remaining_time":91.89952401},
{"learn":[0.08205796262],"iteration":533,"passed_time":105.168663,"remaining_time":91.77639876},
{"learn":[0.08193166357],"iteration":534,"passed_time":105.3586377,"remaining_time":91.57339539},
{"learn":[0.08185825498],"iteration":535,"passed_time":105.5749709,"remaining_time":91.39325843},
{"learn":[0.08172229791],"iteration":536,"passed_time":105.7638089,"remaining_time":91.1892803},
{"learn":[0.08160297884],"iteration":537,"passed_time":105.9672251,"remaining_time":90.99787729},
{"learn":[0.08145947879],"iteration":538,"passed_time":106.1690396,"remaining_time":90.8050598},
{"learn":[0.0813278951],"iteration":539,"passed_time":106.3562031,"remaining_time":90.59972861},
{"learn":[0.08117081562],"iteration":540,"passed_time":106.5465144,"remaining_time":90.39713513},
{"learn":[0.08103241248],"iteration":541,"passed_time":106.7523306,"remaining_time":90.20768897},
{"learn":[0.08091702943],"iteration":542,"passed_time":106.9567606,"remaining_time":90.01701583},
{"learn":[0.08077059427],"iteration":543,"passed_time":107.1457877,"remaining_time":89.81338085},
{"learn":[0.08059816132],"iteration":544,"passed_time":107.3603888,"remaining_time":89.63115029},
{"learn":[0.08044921622],"iteration":545,"passed_time":107.5540713,"remaining_time":89.43140724},
{"learn":[0.08030454711],"iteration":546,"passed_time":107.7601303,"remaining_time":89.24193603},
{"learn":[0.08018712608],"iteration":547,"passed_time":107.9707886,"remaining_time":89.05619791},
{"learn":[0.07998275945],"iteration":548,"passed_time":108.1651663,"remaining_time":88.85699451},
{"learn":[0.07988585351],"iteration":549,"passed_time":108.3712668,"remaining_time":88.66740014},
{"learn":[0.07976730427],"iteration":550,"passed_time":108.5655211,"remaining_time":88.46809255},
{"learn":[0.07964783474],"iteration":551,"passed_time":108.7757536,"remaining_time":88.28177104},
{"learn":[0.07954848021],"iteration":552,"passed_time":108.9908285,"remaining_time":88.09927731},
{"learn":[0.07943249915],"iteration":553,"passed_time":109.2011548,"remaining_time":87.91284302},
{"learn":[0.07926607814],"iteration":554,"passed_time":109.3984097,"remaining_time":87.71584198},
{"learn":[0.07915869448],"iteration":555,"passed_time":109.6000254,"remaining_time":87.52232244},
{"learn":[0.07902423748],"iteration":556,"passed_time":109.8167256,"remaining_time":87.34077095},
{"learn":[0.07889096997],"iteration":557,"passed_time":110.0245274,"remaining_time":87.15204497},
{"learn":[0.07876050375],"iteration":558,"passed_time":110.2085725,"remaining_time":86.94450893},
{"learn":[0.0786204589],"iteration":559,"passed_time":110.4143587,"remaining_time":86.75413901},
{"learn":[0.07843711622],"iteration":560,"passed_time":110.6096272,"remaining_time":86.55548368},
{"learn":[0.07831455356],"iteration":561,"passed_time":110.8072747,"remaining_time":86.3586945},
{"learn":[0.07815116156],"iteration":562,"passed_time":111.0246288,"remaining_time":86.17719853},
{"learn":[0.07804081465],"iteration":563,"passed_time":111.2042694,"remaining_time":85.96642104},
{"learn":[0.07791484974],"iteration":564,"passed_time":111.3900066,"remaining_time":85.76044755},
{"learn":[0.07777814576],"iteration":565,"passed_time":111.5956546,"remaining_time":85.56981287},
{"learn":[0.07770908941],"iteration":566,"passed_time":111.7835834,"remaining_time":85.36559365},
{"learn":[0.0776179114],"iteration":567,"passed_time":111.9900302,"remaining_time":85.17551595},
{"learn":[0.0774571416],"iteration":568,"passed_time":112.1778366,"remaining_time":84.97126108},
{"learn":[0.07730967412],"iteration":569,"passed_time":112.3686825,"remaining_time":84.76935701},
{"learn":[0.07716547591],"iteration":570,"passed_time":112.5761258,"remaining_time":84.5799614},
{"learn":[0.0769969385],"iteration":571,"passed_time":112.7685147,"remaining_time":84.37923825},
{"learn":[0.07689634978],"iteration":572,"passed_time":113.010945,"remaining_time":84.21583509},
{"learn":[0.0768007931],"iteration":573,"passed_time":113.2262367,"remaining_time":84.03201543},
{"learn":[0.07671457133],"iteration":574,"passed_time":113.4080239,"remaining_time":83.823322},
{"learn":[0.07659555292],"iteration":575,"passed_time":113.6105468,"remaining_time":83.62998585},
{"learn":[0.07644515637],"iteration":576,"passed_time":113.8163569,"remaining_time":83.43902767},
{"learn":[0.07634188539],"iteration":577,"passed_time":114.0079385,"remaining_time":83.23762981},
{"learn":[0.07620760253],"iteration":578,"passed_time":114.2040383,"remaining_time":83.03955113},
{"learn":[0.07606149468],"iteration":579,"passed_time":114.4131809,"remaining_time":82.85092413},
{"learn":[0.07599155065],"iteration":580,"passed_time":114.604401,"remaining_time":82.64930121},
{"learn":[0.0758676604],"iteration":581,"passed_time":114.8189518,"remaining_time":82.46447055},
{"learn":[0.07570228459],"iteration":582,"passed_time":115.0348282,"remaining_time":82.28048603},
{"learn":[0.07560147779],"iteration":583,"passed_time":115.2165161,"remaining_time":82.07203885},
{"learn":[0.07545090622],"iteration":584,"passed_time":115.4205338,"remaining_time":81.87952396},
{"learn":[0.07532089382],"iteration":585,"passed_time":115.634544,"remaining_time":81.69402935},
{"learn":[0.07516042847],"iteration":586,"passed_time":115.8296441,"remaining_time":81.49513288},
{"learn":[0.07500961889],"iteration":587,"passed_time":116.0330737,"remaining_time":81.30208569},
{"learn":[0.07487879329],"iteration":588,"passed_time":116.2308105,"remaining_time":81.10503073},
{"learn":[0.07474154273],"iteration":589,"passed_time":116.4273248,"remaining_time":80.907124},
{"learn":[0.07466682959],"iteration":590,"passed_time":116.609711,"remaining_time":80.69944469},
{"learn":[0.07457762374],"iteration":591,"passed_time":116.8000369,"remaining_time":80.49732275},
{"learn":[0.07444638997],"iteration":592,"passed_time":117.000511,"remaining_time":80.30220567},
{"learn":[0.07420687569],"iteration":593,"passed_time":117.1882538,"remaining_time":80.09836879},
{"learn":[0.07407481042],"iteration":594,"passed_time":117.3795471,"remaining_time":79.89700267},
{"learn":[0.07393237099],"iteration":595,"passed_time":117.5717962,"remaining_time":79.69631821},
{"learn":[0.07385067606],"iteration":596,"passed_time":117.7748739,"remaining_time":79.50297181},
{"learn":[0.07368773262],"iteration":597,"passed_time":117.9750886,"remaining_time":79.30766824},
{"learn":[0.07349995941],"iteration":598,"passed_time":118.1608232,"remaining_time":79.10265463},
{"learn":[0.07339894279],"iteration":599,"passed_time":118.365394,"remaining_time":78.91026266},
{"learn":[0.07328287729],"iteration":600,"passed_time":118.5596485,"remaining_time":78.71098128},
{"learn":[0.07315235076],"iteration":601,"passed_time":118.7557201,"remaining_time":78.51291792},
{"learn":[0.07306721134],"iteration":602,"passed_time":118.9646826,"remaining_time":78.32334826},
{"learn":[0.07295807566],"iteration":603,"passed_time":119.1300938,"remaining_time":78.10516082},
{"learn":[0.07284406229],"iteration":604,"passed_time":119.3285716,"remaining_time":77.9087368},
{"learn":[0.07275913866],"iteration":605,"passed_time":119.5280307,"remaining_time":77.71294402},
{"learn":[0.07267656421],"iteration":606,"passed_time":119.7126714,"remaining_time":77.50754505},
{"learn":[0.07252588262],"iteration":607,"passed_time":119.9323506,"remaining_time":77.32480502},
{"learn":[0.07247231273],"iteration":608,"passed_time":120.1238427,"remaining_time":77.12384645},
{"learn":[0.07237176174],"iteration":609,"passed_time":120.3214881,"remaining_time":76.92685307},
{"learn":[0.0722586318],"iteration":610,"passed_time":120.5046872,"remaining_time":76.72066009},
{"learn":[0.07214037544],"iteration":611,"passed_time":120.6971521,"remaining_time":76.52041668},
{"learn":[0.07203442307],"iteration":612,"passed_time":120.9169327,"remaining_time":76.33744364},
{"learn":[0.07192046161],"iteration":613,"passed_time":121.1063858,"remaining_time":76.13528491},
{"learn":[0.07180570183],"iteration":614,"passed_time":121.2865564,"remaining_time":75.92735644},
{"learn":[0.07164001923],"iteration":615,"passed_time":121.4897071,"remaining_time":75.7338434},
{"learn":[0.07148643538],"iteration":616,"passed_time":121.6852631,"remaining_time":75.5355847},
{"learn":[0.07141321823],"iteration":617,"passed_time":121.8989931,"remaining_time":75.34856856},
{"learn":[0.07132109329],"iteration":618,"passed_time":122.1134156,"remaining_time":75.16189229},
{"learn":[0.07121354957],"iteration":619,"passed_time":122.2874053,"remaining_time":74.95034518},
{"learn":[0.07111758612],"iteration":620,"passed_time":122.471265,"remaining_time":74.7449427},
{"learn":[0.07097684786],"iteration":621,"passed_time":122.6852617,"remaining_time":74.55792429},
{"learn":[0.07087765689],"iteration":622,"passed_time":122.8859997,"remaining_time":74.36279598},
{"learn":[0.07072066607],"iteration":623,"passed_time":123.0928007,"remaining_time":74.17130299},
{"learn":[0.07064642017],"iteration":624,"passed_time":123.2719792,"remaining_time":73.96318749},
{"learn":[0.07054734801],"iteration":625,"passed_time":123.4658813,"remaining_time":73.76396104},
{"learn":[0.07039704463],"iteration":626,"passed_time":123.6732917,"remaining_time":73.57278758},
{"learn":[0.07030560542],"iteration":627,"passed_time":123.8666266,"remaining_time":73.3732247},
{"learn":[0.07011835347],"iteration":628,"passed_time":124.0948038,"remaining_time":73.19423244},
{"learn":[0.07003571407],"iteration":629,"passed_time":124.2682786,"remaining_time":72.98295728},
{"learn":[0.06995383286],"iteration":630,"passed_time":124.4654738,"remaining_time":72.78567328},
{"learn":[0.06980081845],"iteration":631,"passed_time":124.6655705,"remaining_time":72.59007904},
{"learn":[0.06964814639],"iteration":632,"passed_time":124.8702949,"remaining_time":72.39715357},
{"learn":[0.069542039],"iteration":633,"passed_time":125.0770052,"remaining_time":72.20533737},
{"learn":[0.06945444427],"iteration":634,"passed_time":125.2473562,"remaining_time":71.99257483},
{"learn":[0.0692794806],"iteration":635,"passed_time":125.4343498,"remaining_time":71.78947063},
{"learn":[0.06917874521],"iteration":636,"passed_time":125.6398311,"remaining_time":71.5969524},
{"learn":[0.06909770643],"iteration":637,"passed_time":125.8329659,"remaining_time":71.39738816},
{"learn":[0.06898500499],"iteration":638,"passed_time":126.0431723,"remaining_time":71.2074886},
{"learn":[0.06895065124],"iteration":639,"passed_time":126.2343476,"remaining_time":71.00682053},
{"learn":[0.06886794099],"iteration":640,"passed_time":126.4237573,"remaining_time":70.80519322},
{"learn":[0.06869879797],"iteration":641,"passed_time":126.6270068,"remaining_time":70.61132157},
{"learn":[0.06859650676],"iteration":642,"passed_time":126.8225897,"remaining_time":70.41316409},
{"learn":[0.06850175629],"iteration":643,"passed_time":127.0412252,"remaining_time":70.22775803},
{"learn":[0.06841917799],"iteration":644,"passed_time":127.2169923,"remaining_time":70.01865469},
{"learn":[0.0683050278],"iteration":645,"passed_time":127.4024651,"remaining_time":69.81497312},
{"learn":[0.06814152614],"iteration":646,"passed_time":127.6030632,"remaining_time":69.61960018},
{"learn":[0.0680193835],"iteration":647,"passed_time":127.7958479,"remaining_time":69.41996677},
{"learn":[0.06792099468],"iteration":648,"passed_time":128.0121982,"remaining_time":69.23309947},
{"learn":[0.06779081896],"iteration":649,"passed_time":128.2237308,"remaining_time":69.04354736},
{"learn":[0.06763218357],"iteration":650,"passed_time":128.412594,"remaining_time":68.84177466},
{"learn":[0.06749864942],"iteration":651,"passed_time":128.5965849,"remaining_time":68.63744102},
{"learn":[0.06742611594],"iteration":652,"passed_time":128.7916578,"remaining_time":68.43905859},
{"learn":[0.06728843572],"iteration":653,"passed_time":128.99615,"remaining_time":68.24566955},
{"learn":[0.0671874798],"iteration":654,"passed_time":129.1855534,"remaining_time":68.04429913},
{"learn":[0.06709097032],"iteration":655,"passed_time":129.4023492,"remaining_time":67.85732944},
{"learn":[0.06699643301],"iteration":656,"passed_time":129.5911111,"remaining_time":67.65563336},
{"learn":[0.06694258849],"iteration":657,"passed_time":129.7939259,"remaining_time":67.46128066},
{"learn":[0.06684062539],"iteration":658,"passed_time":130.0196117,"remaining_time":67.27873686},
{"learn":[0.06675113694],"iteration":659,"passed_time":130.2025037,"remaining_time":67.07401708},
{"learn":[0.06662683751],"iteration":660,"passed_time":130.3915705,"remaining_time":66.87253009},
{"learn":[0.06650517621],"iteration":661,"passed_time":130.5851251,"remaining_time":66.67337205},
{"learn":[0.06635781608],"iteration":662,"passed_time":130.7847513,"remaining_time":66.47731702},
{"learn":[0.06621285706],"iteration":663,"passed_time":131.0015744,"remaining_time":66.28995333},
{"learn":[0.06613605288],"iteration":664,"passed_time":131.1756855,"remaining_time":66.08098443},
{"learn":[0.06603746618],"iteration":665,"passed_time":131.3933303,"remaining_time":65.89395244},
{"learn":[0.0659825075],"iteration":666,"passed_time":131.643774,"remaining_time":65.72320352},
{"learn":[0.06587448488],"iteration":667,"passed_time":131.8329102,"remaining_time":65.52174579},
{"learn":[0.06583032733],"iteration":668,"passed_time":132.0554865,"remaining_time":65.33687002},
{"learn":[0.06576001302],"iteration":669,"passed_time":132.2274394,"remaining_time":65.12694776},
{"learn":[0.06567754016],"iteration":670,"passed_time":132.4298217,"remaining_time":64.93205864},
{"learn":[0.06559764483],"iteration":671,"passed_time":132.6222405,"remaining_time":64.73228404},
{"learn":[0.06550902618],"iteration":672,"passed_time":132.8144091,"remaining_time":64.53240979},
{"learn":[0.06543021214],"iteration":673,"passed_time":133.0332091,"remaining_time":64.3454394},
{"learn":[0.06536454642],"iteration":674,"passed_time":133.2105472,"remaining_time":64.13841161},
{"learn":[0.0652725433],"iteration":675,"passed_time":133.393762,"remaining_time":63.93428829},
{"learn":[0.06515260872],"iteration":676,"passed_time":133.6100861,"remaining_time":63.74602333},
{"learn":[0.06502994332],"iteration":677,"passed_time":133.80828,"remaining_time":63.54906511},
{"learn":[0.06493621997],"iteration":678,"passed_time":134.0512307,"remaining_time":63.37326223},
{"learn":[0.06482929971],"iteration":679,"passed_time":134.2353218,"remaining_time":63.16956319},
{"learn":[0.0646608208],"iteration":680,"passed_time":134.4438856,"remaining_time":62.97738549},
{"learn":[0.06455047004],"iteration":681,"passed_time":134.6358597,"remaining_time":62.77742432},
{"learn":[0.06437801323],"iteration":682,"passed_time":134.8425198,"remaining_time":62.58430273},
{"learn":[0.06429541615],"iteration":683,"passed_time":135.0535911,"remaining_time":62.39317953},
{"learn":[0.06414166506],"iteration":684,"passed_time":135.2387239,"remaining_time":62.19007012},
{"learn":[0.06398551772],"iteration":685,"passed_time":135.4331027,"remaining_time":61.99124525},
{"learn":[0.06384416873],"iteration":686,"passed_time":135.6238213,"remaining_time":61.79076577},
{"learn":[0.06376124375],"iteration":687,"passed_time":135.8414316,"remaining_time":61.60250968},
{"learn":[0.06369412346],"iteration":688,"passed_time":136.0576823,"remaining_time":61.41355472},
{"learn":[0.06363331318],"iteration":689,"passed_time":136.270558,"remaining_time":61.22300434},
{"learn":[0.06345227098],"iteration":690,"passed_time":136.4699296,"remaining_time":61.02635059},
{"learn":[0.06334297539],"iteration":691,"passed_time":136.6806096,"remaining_time":60.83472219},
{"learn":[0.06324698762],"iteration":692,"passed_time":136.88853,"remaining_time":60.64181633},
{"learn":[0.06315009333],"iteration":693,"passed_time":137.0947904,"remaining_time":60.44813525},
{"learn":[0.06300007603],"iteration":694,"passed_time":137.2931774,"remaining_time":60.25096274},
{"learn":[0.06295787654],"iteration":695,"passed_time":137.4823585,"remaining_time":60.04976579},
{"learn":[0.06292024101],"iteration":696,"passed_time":137.6868321,"remaining_time":59.85525124},
{"learn":[0.06270704731],"iteration":697,"passed_time":137.9197049,"remaining_time":59.67299551},
{"learn":[0.06258822057],"iteration":698,"passed_time":138.1208314,"remaining_time":59.47692452},
{"learn":[0.06254118759],"iteration":699,"passed_time":138.3162866,"remaining_time":59.27840852},
{"learn":[0.062445199],"iteration":700,"passed_time":138.5252953,"remaining_time":59.0856823},
{"learn":[0.06236980743],"iteration":701,"passed_time":138.7260548,"remaining_time":58.88940787},
{"learn":[0.06229681597],"iteration":702,"passed_time":138.929164,"remaining_time":58.69411339},
{"learn":[0.06221216825],"iteration":703,"passed_time":139.1146082,"remaining_time":58.49136937},
{"learn":[0.06212621381],"iteration":704,"passed_time":139.2977159,"remaining_time":58.28769671},
{"learn":[0.06204031327],"iteration":705,"passed_time":139.474777,"remaining_time":58.08156435},
{"learn":[0.06193640439],"iteration":706,"passed_time":139.6739327,"remaining_time":57.88467084},
{"learn":[0.06172753638],"iteration":707,"passed_time":139.8891696,"remaining_time":57.69440329},
{"learn":[0.06166837534],"iteration":708,"passed_time":140.0948286,"remaining_time":57.50013416},
{"learn":[0.06157261953],"iteration":709,"passed_time":140.2639563,"remaining_time":57.29091174},
{"learn":[0.06153822252],"iteration":710,"passed_time":140.4709798,"remaining_time":57.09720558},
{"learn":[0.06144558234],"iteration":711,"passed_time":140.6597342,"remaining_time":56.89607225},
{"learn":[0.06136582188],"iteration":712,"passed_time":140.8653559,"remaining_time":56.70176317},
{"learn":[0.06127808559],"iteration":713,"passed_time":141.085399,"remaining_time":56.51319903},
{"learn":[0.06118292389],"iteration":714,"passed_time":141.2691138,"remaining_time":56.31006636},
{"learn":[0.06112347905],"iteration":715,"passed_time":141.4509295,"remaining_time":56.10623463},
{"learn":[0.06099344046],"iteration":716,"passed_time":141.6461293,"remaining_time":55.90774698},
{"learn":[0.0609149064],"iteration":717,"passed_time":141.8670981,"remaining_time":55.71938952},
{"learn":[0.06083315365],"iteration":718,"passed_time":142.0737292,"remaining_time":55.52533785},
{"learn":[0.06072318065],"iteration":719,"passed_time":142.2543343,"remaining_time":55.32112999},
{"learn":[0.06060205331],"iteration":720,"passed_time":142.4373801,"remaining_time":55.11793211},
{"learn":[0.06049231448],"iteration":721,"passed_time":142.6364835,"remaining_time":54.92097288},
{"learn":[0.06037389807],"iteration":722,"passed_time":142.8302704,"remaining_time":54.72197082},
{"learn":[0.06022216736],"iteration":723,"passed_time":143.0369903,"remaining_time":54.52791342},
{"learn":[0.06015942017],"iteration":724,"passed_time":143.2311713,"remaining_time":54.32906498},
{"learn":[0.06006671045],"iteration":725,"passed_time":143.4092421,"remaining_time":54.12414923},
{"learn":[0.05994465302],"iteration":726,"passed_time":143.6194876,"remaining_time":53.93138942},
{"learn":[0.05984738194],"iteration":727,"passed_time":143.8178041,"remaining_time":53.73412461},
{"learn":[0.05977048187],"iteration":728,"passed_time":144.0331746,"remaining_time":53.54319661},
{"learn":[0.05968613661],"iteration":729,"passed_time":144.2296714,"remaining_time":53.34522094},
{"learn":[0.05958086958],"iteration":730,"passed_time":144.4170174,"remaining_time":53.14388191},
{"learn":[0.05952362652],"iteration":731,"passed_time":144.6150377,"remaining_time":52.94648922},
{"learn":[0.05945747116],"iteration":732,"passed_time":144.8102235,"remaining_time":52.7480623},
{"learn":[0.05937922117],"iteration":733,"passed_time":145.0235722,"remaining_time":52.55622645},
{"learn":[0.05928778336],"iteration":734,"passed_time":145.2022643,"remaining_time":52.35183677},
{"learn":[0.05925443584],"iteration":735,"passed_time":145.3954997,"remaining_time":52.1527336},
{"learn":[0.05916755167],"iteration":736,"passed_time":145.5838388,"remaining_time":51.95189905},
{"learn":[0.05909893591],"iteration":737,"passed_time":145.7773841,"remaining_time":51.75294666},
{"learn":[0.0590003427],"iteration":738,"passed_time":145.985816,"remaining_time":51.55926654},
{"learn":[0.05890176235],"iteration":739,"passed_time":146.1757811,"remaining_time":51.35905823},
{"learn":[0.0588064716],"iteration":740,"passed_time":146.8410207,"remaining_time":51.32499915},
{"learn":[0.05871198044],"iteration":741,"passed_time":147.1359097,"remaining_time":51.16046455},
{"learn":[0.05862423365],"iteration":742,"passed_time":147.32257,"remaining_time":50.95814332},
{"learn":[0.0585596454],"iteration":743,"passed_time":147.4644701,"remaining_time":50.74046282},
{"learn":[0.05848273385],"iteration":744,"passed_time":147.643359,"remaining_time":50.53564636},
{"learn":[0.05843101157],"iteration":745,"passed_time":148.2934955,"remaining_time":50.491351},
{"learn":[0.05833499922],"iteration":746,"passed_time":148.5022283,"remaining_time":50.29593541},
{"learn":[0.05825797185],"iteration":747,"passed_time":148.7100023,"remaining_time":50.10016119},
{"learn":[0.05819197306],"iteration":748,"passed_time":148.926774,"remaining_time":49.9073702},
{"learn":[0.05810584999],"iteration":749,"passed_time":149.134405,"remaining_time":49.71146833},
{"learn":[0.05805363741],"iteration":750,"passed_time":149.350677,"remaining_time":49.51840022},
{"learn":[0.057924628],"iteration":751,"passed_time":149.5574169,"remaining_time":49.32212685},
{"learn":[0.05780900218],"iteration":752,"passed_time":149.7795371,"remaining_time":49.13087074},
{"learn":[0.05768858608],"iteration":753,"passed_time":149.9856509,"remaining_time":48.9343105},
{"learn":[0.05761686443],"iteration":754,"passed_time":150.1852406,"remaining_time":48.73560788},
{"learn":[0.05753195183],"iteration":755,"passed_time":150.385252,"remaining_time":48.537039},
{"learn":[0.05739660827],"iteration":756,"passed_time":150.5887494,"remaining_time":48.33958533},
{"learn":[0.05732494241],"iteration":757,"passed_time":150.7765132,"remaining_time":48.13709261},
{"learn":[0.05725806729],"iteration":758,"passed_time":150.9688468,"remaining_time":47.93608968},
{"learn":[0.05718992712],"iteration":759,"passed_time":151.1626525,"remaining_time":47.73557448},
{"learn":[0.05710988853],"iteration":760,"passed_time":151.3631288,"remaining_time":47.53717186},
{"learn":[0.0570331757],"iteration":761,"passed_time":151.5555571,"remaining_time":47.33625013},
{"learn":[0.05698379171],"iteration":762,"passed_time":151.7435837,"remaining_time":47.13398341},
{"learn":[0.05692345368],"iteration":763,"passed_time":151.9534533,"remaining_time":46.93850129},
{"learn":[0.05683094182],"iteration":764,"passed_time":152.1298967,"remaining_time":46.73271337},
{"learn":[0.05675979044],"iteration":765,"passed_time":152.3292983,"remaining_time":46.53401541},
{"learn":[0.05670425847],"iteration":766,"passed_time":152.5316663,"remaining_time":46.33621675},
{"learn":[0.05667919222],"iteration":767,"passed_time":152.7197929,"remaining_time":46.13410411},
{"learn":[0.05656317921],"iteration":768,"passed_time":152.938773,"remaining_time":45.94129593},
{"learn":[0.05652423342],"iteration":769,"passed_time":153.1305422,"remaining_time":45.74029184},
{"learn":[0.05646694562],"iteration":770,"passed_time":153.3298513,"remaining_time":45.54155116},
{"learn":[0.05638240587],"iteration":771,"passed_time":153.5285156,"remaining_time":45.34261859},
{"learn":[0.05627349227],"iteration":772,"passed_time":153.7391561,"remaining_time":45.14720367},
{"learn":[0.05622194327],"iteration":773,"passed_time":153.9325982,"remaining_time":44.94672764},
{"learn":[0.05613702243],"iteration":774,"passed_time":154.1168312,"remaining_time":44.74359615},
{"learn":[0.05602883379],"iteration":775,"passed_time":154.3154143,"remaining_time":44.54465568},
{"learn":[0.055937453],"iteration":776,"passed_time":154.5200332,"remaining_time":44.34744839},
{"learn":[0.05585964041],"iteration":777,"passed_time":154.7187035,"remaining_time":44.14852465},
{"learn":[0.0557813137],"iteration":778,"passed_time":154.9165938,"remaining_time":43.94938026},
{"learn":[0.05570658246],"iteration":779,"passed_time":155.0937594,"remaining_time":43.74439367},
{"learn":[0.05564299931],"iteration":780,"passed_time":155.2912977,"remaining_time":43.54519104},
{"learn":[0.05557138473],"iteration":781,"passed_time":155.4829354,"remaining_time":43.34434771},
{"learn":[0.05545168956],"iteration":782,"passed_time":155.6860269,"remaining_time":43.14670221},
{"learn":[0.05531899264],"iteration":783,"passed_time":155.9038539,"remaining_time":42.9531026},
{"learn":[0.05526030926],"iteration":784,"passed_time":156.0795232,"remaining_time":42.74789488},
{"learn":[0.05519974956],"iteration":785,"passed_time":156.2791516,"remaining_time":42.54928555},
{"learn":[0.05514196985],"iteration":786,"passed_time":156.4794567,"remaining_time":42.35085678},
{"learn":[0.05504398715],"iteration":787,"passed_time":156.6856711,"remaining_time":42.15401305},
{"learn":[0.05495066752],"iteration":788,"passed_time":156.8958947,"remaining_time":41.95821773},
{"learn":[0.05488754769],"iteration":789,"passed_time":157.0857659,"remaining_time":41.75697574},
{"learn":[0.05478846469],"iteration":790,"passed_time":157.2866443,"remaining_time":41.55867087},
{"learn":[0.05470410866],"iteration":791,"passed_time":157.5011513,"remaining_time":41.36393873},
{"learn":[0.05464869746],"iteration":792,"passed_time":157.687794,"remaining_time":41.16188317},
{"learn":[0.05459139786],"iteration":793,"passed_time":157.895144,"remaining_time":40.96523886},
{"learn":[0.05454231073],"iteration":794,"passed_time":158.0818474,"remaining_time":40.76324367},
{"learn":[0.05452371124],"iteration":795,"passed_time":158.2672069,"remaining_time":40.56094248},
{"learn":[0.05445863497],"iteration":796,"passed_time":158.4585093,"remaining_time":40.36019748},
{"learn":[0.05439212846],"iteration":797,"passed_time":158.6571514,"remaining_time":40.16133408},
{"learn":[0.05431524038],"iteration":798,"passed_time":158.8701055,"remaining_time":39.9660716},
{"learn":[0.05426474745],"iteration":799,"passed_time":159.0558665,"remaining_time":39.76396662},
{"learn":[0.0541642015],"iteration":800,"passed_time":159.236228,"remaining_time":39.560561},
{"learn":[0.05412004389],"iteration":801,"passed_time":159.4242746,"remaining_time":39.35911018},
{"learn":[0.05406768384],"iteration":802,"passed_time":159.6239307,"remaining_time":39.16054091},
{"learn":[0.05401262236],"iteration":803,"passed_time":159.817669,"remaining_time":38.96052628},
{"learn":[0.05394608758],"iteration":804,"passed_time":160.0195748,"remaining_time":38.76250571},
{"learn":[0.05386684004],"iteration":805,"passed_time":160.2032818,"remaining_time":38.56009513},
{"learn":[0.05374500746],"iteration":806,"passed_time":160.4111449,"remaining_time":38.36350802},
{"learn":[0.05366908243],"iteration":807,"passed_time":160.6046275,"remaining_time":38.16347584},
{"learn":[0.05360482128],"iteration":808,"passed_time":160.7996859,"remaining_time":37.9638319},
{"learn":[0.05351263847],"iteration":809,"passed_time":160.9996321,"remaining_time":37.76534581},
{"learn":[0.05345674478],"iteration":810,"passed_time":161.1857039,"remaining_time":37.56362274},
{"learn":[0.05342056186],"iteration":811,"passed_time":161.3801122,"remaining_time":37.36386834},
{"learn":[0.05335178522],"iteration":812,"passed_time":161.5673852,"remaining_time":37.16248588},
{"learn":[0.05327787479],"iteration":813,"passed_time":161.7677555,"remaining_time":36.96413087},
{"learn":[0.05319447788],"iteration":814,"passed_time":161.9676159,"remaining_time":36.76565513},
{"learn":[0.05315934326],"iteration":815,"passed_time":162.1494449,"remaining_time":36.56311012},
{"learn":[0.05311721553],"iteration":816,"passed_time":162.3413821,"remaining_time":36.36287996},
{"learn":[0.0530466515],"iteration":817,"passed_time":162.5329374,"remaining_time":36.1625851},
{"learn":[0.05296184413],"iteration":818,"passed_time":162.7185231,"remaining_time":35.96099228},
{"learn":[0.05288858671],"iteration":819,"passed_time":162.9250408,"remaining_time":35.76403335},
{"learn":[0.05281177501],"iteration":820,"passed_time":163.089314,"remaining_time":35.55784068},
{"learn":[0.05271471134],"iteration":821,"passed_time":163.2771311,"remaining_time":35.35684835},
{"learn":[0.05269287573],"iteration":822,"passed_time":163.4624031,"remaining_time":35.15534064},
{"learn":[0.05262023489],"iteration":823,"passed_time":163.6594724,"remaining_time":34.95639216},
{"learn":[0.05254803638],"iteration":824,"passed_time":163.8561102,"remaining_time":34.75735671},
{"learn":[0.05249705107],"iteration":825,"passed_time":164.0627826,"remaining_time":34.5604409},
{"learn":[0.05245993217],"iteration":826,"passed_time":164.2405063,"remaining_time":34.3574457},
{"learn":[0.05239918132],"iteration":827,"passed_time":164.4309165,"remaining_time":34.15714691},
{"learn":[0.05232643469],"iteration":828,"passed_time":164.6380295,"remaining_time":33.96031731},
{"learn":[0.05225186928],"iteration":829,"passed_time":164.8467697,"remaining_time":33.76379621},
{"learn":[0.05216962489],"iteration":830,"passed_time":165.042318,"remaining_time":33.56456286},
{"learn":[0.05211720508],"iteration":831,"passed_time":165.228041,"remaining_time":33.36335442},
{"learn":[0.05205389878],"iteration":832,"passed_time":165.4229147,"remaining_time":33.16401772},
{"learn":[0.0519862747],"iteration":833,"passed_time":165.6097251,"remaining_time":32.96308678},
{"learn":[0.05188325123],"iteration":834,"passed_time":165.8115964,"remaining_time":32.76516575},
{"learn":[0.05182699044],"iteration":835,"passed_time":166.0097399,"remaining_time":32.56650401},
{"learn":[0.0517945928],"iteration":836,"passed_time":166.1768501,"remaining_time":32.36179997},
{"learn":[0.05171601426],"iteration":837,"passed_time":166.3764203,"remaining_time":32.16346073},
{"learn":[0.05164489388],"iteration":838,"passed_time":166.5728305,"remaining_time":31.96451217},
{"learn":[0.05154812098],"iteration":839,"passed_time":166.7725458,"remaining_time":31.7661992},
{"learn":[0.0514808136],"iteration":840,"passed_time":166.9834368,"remaining_time":31.56999579},
{"learn":[0.05142153629],"iteration":841,"passed_time":167.1676427,"remaining_time":31.36875006},
{"learn":[0.05134842909],"iteration":842,"passed_time":167.364863,"remaining_time":31.16996856},
{"learn":[0.05125311205],"iteration":843,"passed_time":167.5689974,"remaining_time":30.97246871},
{"learn":[0.05121453814],"iteration":844,"passed_time":167.7716418,"remaining_time":30.77467986},
{"learn":[0.05116212529],"iteration":845,"passed_time":167.9845123,"remaining_time":30.57874101},
{"learn":[0.05110045582],"iteration":846,"passed_time":168.1711349,"remaining_time":30.37802083},
{"learn":[0.05103572669],"iteration":847,"passed_time":168.3530326,"remaining_time":30.17648698},
{"learn":[0.05097452974],"iteration":848,"passed_time":168.5483029,"remaining_time":29.97737778},
{"learn":[0.05093089521],"iteration":849,"passed_time":168.7367889,"remaining_time":29.7770804},
{"learn":[0.05086025277],"iteration":850,"passed_time":168.9506505,"remaining_time":29.58125373},
{"learn":[0.05081127102],"iteration":851,"passed_time":169.1373729,"remaining_time":29.38067041},
{"learn":[0.05073403847],"iteration":852,"passed_time":169.3404285,"remaining_time":29.18293434},
{"learn":[0.05068362705],"iteration":853,"passed_time":169.5261412,"remaining_time":28.98222087},
{"learn":[0.05063848136],"iteration":854,"passed_time":169.7136315,"remaining_time":28.78184395},
{"learn":[0.05056308704],"iteration":855,"passed_time":169.9206804,"remaining_time":28.58478736},
{"learn":[0.05047046673],"iteration":856,"passed_time":170.1076872,"remaining_time":28.38436321},
{"learn":[0.0504065805],"iteration":857,"passed_time":170.2942512,"remaining_time":28.18389705},
{"learn":[0.05034138327],"iteration":858,"passed_time":170.4953584,"remaining_time":27.98585045},
{"learn":[0.05028890614],"iteration":859,"passed_time":170.6822699,"remaining_time":27.78548579},
{"learn":[0.05021656705],"iteration":860,"passed_time":170.8849472,"remaining_time":27.58769764},
{"learn":[0.05015910784],"iteration":861,"passed_time":171.0721934,"remaining_time":27.38742772},
{"learn":[0.05011670206],"iteration":862,"passed_time":171.304249,"remaining_time":27.1943014},
{"learn":[0.05007161443],"iteration":863,"passed_time":171.526806,"remaining_time":26.99958984},
{"learn":[0.04998117102],"iteration":864,"passed_time":171.7412092,"remaining_time":26.80354133},
{"learn":[0.04987829628],"iteration":865,"passed_time":171.9578836,"remaining_time":26.60780185},
{"learn":[0.04983876147],"iteration":866,"passed_time":172.1416003,"remaining_time":26.40695829},
{"learn":[0.04978025977],"iteration":867,"passed_time":172.3400804,"remaining_time":26.20839932},
{"learn":[0.04971884433],"iteration":868,"passed_time":172.5450542,"remaining_time":26.01081945},
{"learn":[0.04969812974],"iteration":869,"passed_time":172.743888,"remaining_time":25.8123051},
{"learn":[0.04966889168],"iteration":870,"passed_time":172.9454874,"remaining_time":25.61419962},
{"learn":[0.0496057442],"iteration":871,"passed_time":173.1248746,"remaining_time":25.41282564},
{"learn":[0.04949729321],"iteration":872,"passed_time":173.3169143,"remaining_time":25.21334262},
{"learn":[0.04944462263],"iteration":873,"passed_time":173.5066221,"remaining_time":25.01354049},
{"learn":[0.04940301225],"iteration":874,"passed_time":173.7199037,"remaining_time":24.8171291},
{"learn":[0.04933541968],"iteration":875,"passed_time":174.1061439,"remaining_time":24.64516192},
{"learn":[0.04925757627],"iteration":876,"passed_time":174.570378,"remaining_time":24.4836448},
{"learn":[0.04916775545],"iteration":877,"passed_time":175.0353388,"remaining_time":24.3215391},
{"learn":[0.04904102605],"iteration":878,"passed_time":175.3539367,"remaining_time":24.13859652},
{"learn":[0.04898760678],"iteration":879,"passed_time":175.7361874,"remaining_time":23.96402556},
{"learn":[0.04888708136],"iteration":880,"passed_time":176.2378985,"remaining_time":23.80511909},
{"learn":[0.04881082035],"iteration":881,"passed_time":176.7651812,"remaining_time":23.64885644},
{"learn":[0.04873639545],"iteration":882,"passed_time":177.0165199,"remaining_time":23.45519006},
{"learn":[0.04869011293],"iteration":883,"passed_time":177.2962244,"remaining_time":23.26511542},
{"learn":[0.04862893358],"iteration":884,"passed_time":177.5361868,"remaining_time":23.06967398},
{"learn":[0.04859240241],"iteration":885,"passed_time":177.7631877,"remaining_time":22.87246433},
{"learn":[0.04853648765],"iteration":886,"passed_time":177.9955918,"remaining_time":22.67587584},
{"learn":[0.04850242406],"iteration":887,"passed_time":178.2792063,"remaining_time":22.48566565},
{"learn":[0.04840880304],"iteration":888,"passed_time":178.5006889,"remaining_time":22.28748759},
{"learn":[0.04833098412],"iteration":889,"passed_time":178.7453709,"remaining_time":22.09212449},
{"learn":[0.04824995501],"iteration":890,"passed_time":178.9803212,"remaining_time":21.89546017},
{"learn":[0.04820328255],"iteration":891,"passed_time":179.1992674,"remaining_time":21.69677229},
{"learn":[0.04808042918],"iteration":892,"passed_time":179.4374601,"remaining_time":21.50034516},
{"learn":[0.04799993229],"iteration":893,"passed_time":179.6935016,"remaining_time":21.3059409},
{"learn":[0.04794343996],"iteration":894,"passed_time":179.9174618,"remaining_time":21.10763518},
{"learn":[0.04789344348],"iteration":895,"passed_time":180.1079977,"remaining_time":20.90539259},
{"learn":[0.04782396531],"iteration":896,"passed_time":180.2974914,"remaining_time":20.70305643},
{"learn":[0.04777009704],"iteration":897,"passed_time":180.4932049,"remaining_time":20.50145535},
{"learn":[0.04771508343],"iteration":898,"passed_time":180.6817211,"remaining_time":20.29905877},
{"learn":[0.04766078884],"iteration":899,"passed_time":180.8765002,"remaining_time":20.09738891},
{"learn":[0.04760892817],"iteration":900,"passed_time":181.0712617,"remaining_time":19.89573242},
{"learn":[0.04755172718],"iteration":901,"passed_time":181.2701151,"remaining_time":19.69453579},
{"learn":[0.04746721506],"iteration":902,"passed_time":181.4769459,"remaining_time":19.49420128},
{"learn":[0.04740319301],"iteration":903,"passed_time":181.6777009,"remaining_time":19.29320718},
{"learn":[0.04734862833],"iteration":904,"passed_time":181.882187,"remaining_time":19.09260527},
{"learn":[0.04731640474],"iteration":905,"passed_time":182.0766329,"remaining_time":18.89095309},
{"learn":[0.04725759319],"iteration":906,"passed_time":182.2676386,"remaining_time":18.68896405},
{"learn":[0.04720230978],"iteration":907,"passed_time":182.4630153,"remaining_time":18.48744207},
{"learn":[0.0470880689],"iteration":908,"passed_time":182.666994,"remaining_time":18.28679477},
{"learn":[0.04702759904],"iteration":909,"passed_time":182.8685537,"remaining_time":18.08590092},
{"learn":[0.046999415],"iteration":910,"passed_time":183.0458403,"remaining_time":17.88263424},
{"learn":[0.04694984527],"iteration":911,"passed_time":183.2456673,"remaining_time":17.68159947},
{"learn":[0.04690872145],"iteration":912,"passed_time":183.4357062,"remaining_time":17.47963465},
{"learn":[0.04685386257],"iteration":913,"passed_time":183.6413285,"remaining_time":17.2791622},
{"learn":[0.0468079503],"iteration":914,"passed_time":183.8487583,"remaining_time":17.0788464},
{"learn":[0.0467600535],"iteration":915,"passed_time":184.0442765,"remaining_time":16.87742273},
{"learn":[0.04671763386],"iteration":916,"passed_time":184.2320585,"remaining_time":16.67531173},
{"learn":[0.04663234302],"iteration":917,"passed_time":184.4420051,"remaining_time":16.47521179},
{"learn":[0.0465751262],"iteration":918,"passed_time":184.6302517,"remaining_time":16.27317778},
{"learn":[0.04653446688],"iteration":919,"passed_time":184.8334826,"remaining_time":16.07247675},
{"learn":[0.04647255227],"iteration":920,"passed_time":185.031399,"remaining_time":15.87131436},
{"learn":[0.04638627203],"iteration":921,"passed_time":185.2158795,"remaining_time":15.66902235},
{"learn":[0.04631420266],"iteration":922,"passed_time":185.4080463,"remaining_time":15.46741015},
{"learn":[0.04626350868],"iteration":923,"passed_time":185.6138155,"remaining_time":15.26693721},
{"learn":[0.0462101438],"iteration":924,"passed_time":185.8172193,"remaining_time":15.06626102},
{"learn":[0.04616209068],"iteration":925,"passed_time":186.0127074,"remaining_time":14.86494638},
{"learn":[0.04612900369],"iteration":926,"passed_time":186.1803378,"remaining_time":14.66145055},
{"learn":[0.04606997693],"iteration":927,"passed_time":186.3648364,"remaining_time":14.45934075},
{"learn":[0.04601559197],"iteration":928,"passed_time":186.55888,"remaining_time":14.25799836},
{"learn":[0.04596930199],"iteration":929,"passed_time":186.7532772,"remaining_time":14.05669829},
{"learn":[0.04588303507],"iteration":930,"passed_time":186.9533399,"remaining_time":13.85583292},
{"learn":[0.04581443167],"iteration":931,"passed_time":187.1342957,"remaining_time":13.65357523},
{"learn":[0.04576609409],"iteration":932,"passed_time":187.3300259,"remaining_time":13.45242416},
{"learn":[0.04569221923],"iteration":933,"passed_time":187.5271633,"remaining_time":13.25138413},
{"learn":[0.04562988242],"iteration":934,"passed_time":187.7281113,"remaining_time":13.05061737},
{"learn":[0.04558208712],"iteration":935,"passed_time":187.9288181,"remaining_time":12.84983371},
{"learn":[0.04553553977],"iteration":936,"passed_time":188.1054214,"remaining_time":12.64742962},
{"learn":[0.04549092952],"iteration":937,"passed_time":188.2932216,"remaining_time":12.44582061},
{"learn":[0.04541381081],"iteration":938,"passed_time":188.4886298,"remaining_time":12.24473527},
{"learn":[0.04537387085],"iteration":939,"passed_time":188.6859564,"remaining_time":12.04378445},
{"learn":[0.04533226424],"iteration":940,"passed_time":188.8902006,"remaining_time":11.84327506},
{"learn":[0.04528042367],"iteration":941,"passed_time":189.0598756,"remaining_time":11.64062928},
{"learn":[0.04526092022],"iteration":942,"passed_time":189.2432574,"remaining_time":11.43888194},
{"learn":[0.04518505837],"iteration":943,"passed_time":189.4535674,"remaining_time":11.23877095},
{"learn":[0.04511957356],"iteration":944,"passed_time":189.6684579,"remaining_time":11.03890495},
{"learn":[0.04506192429],"iteration":945,"passed_time":189.8717596,"remaining_time":10.83834568},
{"learn":[0.04502589465],"iteration":946,"passed_time":190.0403128,"remaining_time":10.63583588},
{"learn":[0.04499415618],"iteration":947,"passed_time":190.2305821,"remaining_time":10.43458889},
{"learn":[0.04495209375],"iteration":948,"passed_time":190.4127355,"remaining_time":10.23292888},
{"learn":[0.04489879288],"iteration":949,"passed_time":190.6034132,"remaining_time":10.03175859},
{"learn":[0.0448492407],"iteration":950,"passed_time":190.7994236,"remaining_time":9.83088513},
{"learn":[0.0447831818],"iteration":951,"passed_time":190.9995275,"remaining_time":9.63022828},
{"learn":[0.04475999835],"iteration":952,"passed_time":191.1724999,"remaining_time":9.42823452},
{"learn":[0.04471656989],"iteration":953,"passed_time":191.3706778,"remaining_time":9.22751696},
{"learn":[0.04466420746],"iteration":954,"passed_time":191.5721706,"remaining_time":9.026960917},
{"learn":[0.04459991956],"iteration":955,"passed_time":191.7712198,"remaining_time":8.826290451},
{"learn":[0.04454150621],"iteration":956,"passed_time":191.9735908,"remaining_time":8.625772626},
{"learn":[0.04449682029],"iteration":957,"passed_time":192.1519739,"remaining_time":8.424199273},
{"learn":[0.04444800113],"iteration":958,"passed_time":192.3540876,"remaining_time":8.223688836},
{"learn":[0.04437154966],"iteration":959,"passed_time":192.5600894,"remaining_time":8.023337057},
{"learn":[0.04432963785],"iteration":960,"passed_time":192.7572509,"remaining_time":7.822614762},
{"learn":[0.04425661645],"iteration":961,"passed_time":192.9632048,"remaining_time":7.622247174},
{"learn":[0.04421251397],"iteration":962,"passed_time":193.135827,"remaining_time":7.420587331},
{"learn":[0.04416036254],"iteration":963,"passed_time":193.331627,"remaining_time":7.219853289},
{"learn":[0.04411742591],"iteration":964,"passed_time":193.5169282,"remaining_time":7.018748693},
{"learn":[0.04407431912],"iteration":965,"passed_time":193.7168364,"remaining_time":6.818190931},
{"learn":[0.04403336557],"iteration":966,"passed_time":193.9249881,"remaining_time":6.617915831},
{"learn":[0.04399841555],"iteration":967,"passed_time":194.1063602,"remaining_time":6.416739181},
{"learn":[0.04394876105],"iteration":968,"passed_time":194.2933536,"remaining_time":6.215783242},
{"learn":[0.04389207878],"iteration":969,"passed_time":194.4856018,"remaining_time":6.015018611},
{"learn":[0.04383018607],"iteration":970,"passed_time":194.6796779,"remaining_time":5.814326116},
{"learn":[0.04376600011],"iteration":971,"passed_time":194.883301,"remaining_time":5.613922252},
{"learn":[0.04368365713],"iteration":972,"passed_time":195.067481,"remaining_time":5.412972237},
{"learn":[0.04364478709],"iteration":973,"passed_time":195.2569961,"remaining_time":5.212199075},
{"learn":[0.04358537998],"iteration":974,"passed_time":195.445558,"remaining_time":5.011424563},
{"learn":[0.04352120383],"iteration":975,"passed_time":195.6444126,"remaining_time":4.810928179},
{"learn":[0.04348777095],"iteration":976,"passed_time":195.8502892,"remaining_time":4.610600462},
{"learn":[0.04343339231],"iteration":977,"passed_time":196.0374831,"remaining_time":4.409841133},
{"learn":[0.04338704034],"iteration":978,"passed_time":196.237746,"remaining_time":4.209389853},
{"learn":[0.0433404374],"iteration":979,"passed_time":196.4353275,"remaining_time":4.008884235},
{"learn":[0.04328345442],"iteration":980,"passed_time":196.6373339,"remaining_time":3.808470279},
{"learn":[0.04322678266],"iteration":981,"passed_time":196.8420643,"remaining_time":3.608103012},
{"learn":[0.04318524117],"iteration":982,"passed_time":197.015798,"remaining_time":3.40719081},
{"learn":[0.04313768178],"iteration":983,"passed_time":197.208203,"remaining_time":3.206637448},
{"learn":[0.04307832818],"iteration":984,"passed_time":197.4075864,"remaining_time":3.006206899},
{"learn":[0.04301725816],"iteration":985,"passed_time":197.6006089,"remaining_time":2.805688159},
{"learn":[0.04296873644],"iteration":986,"passed_time":197.8144568,"remaining_time":2.605458904},
{"learn":[0.04294437148],"iteration":987,"passed_time":198.0019923,"remaining_time":2.404882498},
{"learn":[0.0429050558],"iteration":988,"passed_time":198.1848026,"remaining_time":2.204279907},
{"learn":[0.0428327961],"iteration":989,"passed_time":198.3831131,"remaining_time":2.003869829},
{"learn":[0.04279850009],"iteration":990,"passed_time":198.5808789,"remaining_time":1.803459042},
{"learn":[0.0426893545],"iteration":991,"passed_time":198.7970881,"remaining_time":1.603202324},
{"learn":[0.04264034601],"iteration":992,"passed_time":198.9851107,"remaining_time":1.402714778},
{"learn":[0.04258358776],"iteration":993,"passed_time":199.1686171,"remaining_time":1.202225053},
{"learn":[0.04252671295],"iteration":994,"passed_time":199.3643291,"remaining_time":1.0018308},
{"learn":[0.04247069598],"iteration":995,"passed_time":199.5637507,"remaining_time":0.8014608461},
{"learn":[0.04244971177],"iteration":996,"passed_time":199.7561298,"remaining_time":0.6010716042},
{"learn":[0.04234955735],"iteration":997,"passed_time":199.9656805,"remaining_time":0.4007328267},
{"learn":[0.0423112446],"iteration":998,"passed_time":200.1361756,"remaining_time":0.2003365122},
{"learn":[0.04227080837],"iteration":999,"passed_time":200.3357968,"remaining_time":0}
]}