{
"meta":{"test_sets":[],"test_metrics":[],"learn_metrics":[{"best_value":"Min","name":"RMSE"}],"launch_mode":"Train","parameters":"","iteration_count":1000,"learn_sets":["learn"],"name":"experiment"},
"iterations":[
{"learn":[351873.2456],"iteration":0,"passed_time":0.05542762763,"remaining_time":55.3722},
{"learn":[335478.8134],"iteration":1,"passed_time":0.05789614563,"remaining_time":28.89017667},
{"learn":[319815.0097],"iteration":2,"passed_time":0.06021365489,"remaining_time":20.01100464},
{"learn":[305463.7288],"iteration":3,"passed_time":0.06227431593,"remaining_time":15.50630467},
{"learn":[291705.8772],"iteration":4,"passed_time":0.06445344217,"remaining_time":12.82623499},
{"learn":[279027.5497],"iteration":5,"passed_time":0.06710284565,"remaining_time":11.11670476},
{"learn":[267219.8038],"iteration":6,"passed_time":0.0705665463,"remaining_time":10.01036864},
{"learn":[255938.1363],"iteration":7,"passed_time":0.07348079846,"remaining_time":9.111619009},
{"learn":[245562.3525],"iteration":8,"passed_time":0.07591206431,"remaining_time":8.358761748},
{"learn":[236152.6084],"iteration":9,"passed_time":0.07838324913,"remaining_time":7.759941664},
{"learn":[226951.7416],"iteration":10,"passed_time":0.08041999212,"remaining_time":7.230488383},
{"learn":[218501.8868],"iteration":11,"passed_time":0.08252244725,"remaining_time":6.794348157},
{"learn":[210575.8965],"iteration":12,"passed_time":0.08451677112,"remaining_time":6.416773315},
{"learn":[203678.0686],"iteration":13,"passed_time":0.08659322474,"remaining_time":6.098637114},
{"learn":[196855.0977],"iteration":14,"passed_time":0.08855558842,"remaining_time":5.815150306},
{"learn":[190540.0725],"iteration":15,"passed_time":0.09059108134,"remaining_time":5.571351502},
{"learn":[184259.847],"iteration":16,"passed_time":0.09274374771,"remaining_time":5.362770824},
{"learn":[178857.8374],"iteration":17,"passed_time":0.09458789621,"remaining_time":5.160295227},
{"learn":[173408.3045],"iteration":18,"passed_time":0.09654946818,"remaining_time":4.985001489},
{"learn":[168243.2736],"iteration":19,"passed_time":0.09875547098,"remaining_time":4.839018078},
{"learn":[163765.3559],"iteration":20,"passed_time":0.1010123517,"remaining_time":4.709099635},
{"learn":[159282.427],"iteration":21,"passed_time":0.1030994726,"remaining_time":4.583240192},
{"learn":[155461.2346],"iteration":22,"passed_time":0.1054403999,"remaining_time":4.478924813},
{"learn":[151877.6814],"iteration":23,"passed_time":0.1075678565,"remaining_time":4.374426164},
{"learn":[148434.4087],"iteration":24,"passed_time":0.1100175401,"remaining_time":4.290684062},
{"learn":[145231.2338],"iteration":25,"passed_time":0.1121736233,"remaining_time":4.202196504},
{"learn":[142497.3989],"iteration":26,"passed_time":0.1140979848,"remaining_time":4.111753303},
{"learn":[139703.1233],"iteration":27,"passed_time":0.116340948,"remaining_time":4.038692911},
{"learn":[137223.2043],"iteration":28,"passed_time":0.118313604,"remaining_time":3.961465844},
{"learn":[134953.2765],"iteration":29,"passed_time":0.1201793787,"remaining_time":3.885799913},
{"learn":[132708.7184],"iteration":30,"passed_time":0.1220586959,"remaining_time":3.815318593},
{"learn":[130948.1414],"iteration":31,"passed_time":0.1240445193,"remaining_time":3.752346709},
{"learn":[129120.64],"iteration":32,"passed_time":0.1259572135,"remaining_time":3.690928043},
{"learn":[127441.8944],"iteration":33,"passed_time":0.1280527515,"remaining_time":3.638204646},
{"learn":[125828.594],"iteration":34,"passed_time":0.1303603852,"remaining_time":3.594222049},
{"learn":[124076.9863],"iteration":35,"passed_time":0.1325059262,"remaining_time":3.548214245},
{"learn":[122710.2707],"iteration":36,"passed_time":0.1346205487,"remaining_time":3.503772658},
{"learn":[121378.9716],"iteration":37,"passed_time":0.137619139,"remaining_time":3.483937152},
{"learn":[120282.2063],"iteration":38,"passed_time":0.1397436788,"remaining_time":3.443427572},
{"learn":[119203.283],"iteration":39,"passed_time":0.1417679211,"remaining_time":3.402430105},
{"learn":[118098.5725],"iteration":40,"passed_time":0.1441679768,"remaining_time":3.372124139},
{"learn":[117166.9307],"iteration":41,"passed_time":0.1462491807,"remaining_time":3.335874168},
{"learn":[116100.5277],"iteration":42,"passed_time":0.148378804,"remaining_time":3.302291057},
{"learn":[115301.5236],"iteration":43,"passed_time":0.1502049515,"remaining_time":3.263543946},
{"learn":[114516.1263],"iteration":44,"passed_time":0.1520090143,"remaining_time":3.225969082},
{"learn":[113787.5302],"iteration":45,"passed_time":0.1537795336,"remaining_time":3.189253805},
{"learn":[113039.2265],"iteration":46,"passed_time":0.1557179375,"remaining_time":3.157429669},
{"learn":[112338.2379],"iteration":47,"passed_time":0.157578337,"remaining_time":3.125303683},
{"learn":[111775.2335],"iteration":48,"passed_time":0.1596459151,"remaining_time":3.098433984},
{"learn":[110917.4165],"iteration":49,"passed_time":0.1615297742,"remaining_time":3.06906571},
{"learn":[110408.1378],"iteration":50,"passed_time":0.1637484444,"remaining_time":3.047005367},
{"learn":[109895.055],"iteration":51,"passed_time":0.1660365353,"remaining_time":3.026973759},
{"learn":[109443.6386],"iteration":52,"passed_time":0.1680420265,"remaining_time":3.002562246},
{"learn":[108989.3993],"iteration":53,"passed_time":0.1702318617,"remaining_time":2.982210021},
{"learn":[108591.2975],"iteration":54,"passed_time":0.1723337334,"remaining_time":2.961006874},
{"learn":[108087.2606],"iteration":55,"passed_time":0.174818544,"remaining_time":2.946941171},
{"learn":[107629.4539],"iteration":56,"passed_time":0.1766723181,"remaining_time":2.922842034},
{"learn":[107303.238],"iteration":57,"passed_time":0.1785722615,"remaining_time":2.900259833},
{"learn":[106981.4395],"iteration":58,"passed_time":0.1803329468,"remaining_time":2.876157677},
{"learn":[106643.5588],"iteration":59,"passed_time":0.1821462185,"remaining_time":2.85362409},
{"learn":[106344.3143],"iteration":60,"passed_time":0.1838196488,"remaining_time":2.829617217},
{"learn":[105950.4447],"iteration":61,"passed_time":0.1856944241,"remaining_time":2.809376932},
{"learn":[105706.8475],"iteration":62,"passed_time":0.1875727829,"remaining_time":2.789772977},
{"learn":[105455.6417],"iteration":63,"passed_time":0.1900605103,"remaining_time":2.779634964},
{"learn":[104791.7095],"iteration":64,"passed_time":0.1921501314,"remaining_time":2.764005736},
{"learn":[104464.5856],"iteration":65,"passed_time":0.1941524557,"remaining_time":2.747551419},
{"learn":[104161.9805],"iteration":66,"passed_time":0.195981395,"remaining_time":2.729114053},
{"learn":[103929.6875],"iteration":67,"passed_time":0.1980432645,"remaining_time":2.714357683},
{"learn":[103566.5633],"iteration":68,"passed_time":0.2000182122,"remaining_time":2.698796457},
{"learn":[103348.3525],"iteration":69,"passed_time":0.2018674443,"remaining_time":2.681953189},
{"learn":[103148.4023],"iteration":70,"passed_time":0.2038250577,"remaining_time":2.666950403},
{"learn":[102873.1029],"iteration":71,"passed_time":0.2058723847,"remaining_time":2.653466291},
{"learn":[102523.513],"iteration":72,"passed_time":0.2078334983,"remaining_time":2.639200725},
{"learn":[102323.0226],"iteration":73,"passed_time":0.2097298581,"remaining_time":2.624457414},
{"learn":[102124.8375],"iteration":74,"passed_time":0.2120618682,"remaining_time":2.615429708},
{"learn":[101844.9187],"iteration":75,"passed_time":0.2143281662,"remaining_time":2.605779284},
{"learn":[101639.8684],"iteration":76,"passed_time":0.2161469799,"remaining_time":2.590956655},
{"learn":[101511.2944],"iteration":77,"passed_time":0.2179308749,"remaining_time":2.576054701},
{"learn":[101267.8472],"iteration":78,"passed_time":0.2198326934,"remaining_time":2.562859628},
{"learn":[100984.6166],"iteration":79,"passed_time":0.2217251364,"remaining_time":2.549839068},
{"learn":[100855.7511],"iteration":80,"passed_time":0.2234507363,"remaining_time":2.535200329},
{"learn":[100539.4059],"iteration":81,"passed_time":0.2251401675,"remaining_time":2.520471632},
{"learn":[100294.8599],"iteration":82,"passed_time":0.2269617314,"remaining_time":2.50751696},
{"learn":[100005.2359],"iteration":83,"passed_time":0.2291681092,"remaining_time":2.499023667},
{"learn":[99895.2688],"iteration":84,"passed_time":0.231149474,"remaining_time":2.488256102},
{"learn":[99669.78651],"iteration":85,"passed_time":0.2333501431,"remaining_time":2.480023614},
{"learn":[99270.03854],"iteration":86,"passed_time":0.235315507,"remaining_time":2.469460435},
{"learn":[99145.57623],"iteration":87,"passed_time":0.2372477023,"remaining_time":2.458748914},
{"learn":[98863.8446],"iteration":88,"passed_time":0.2396683842,"remaining_time":2.453234809},
{"learn":[98661.90494],"iteration":89,"passed_time":0.2415478264,"remaining_time":2.442316911},
{"learn":[98534.91843],"iteration":90,"passed_time":0.2433222625,"remaining_time":2.430548754},
{"learn":[98421.79481],"iteration":91,"passed_time":0.2453690061,"remaining_time":2.421685408},
{"learn":[98115.01479],"iteration":92,"passed_time":0.2472181549,"remaining_time":2.411041575},
{"learn":[97831.82909],"iteration":93,"passed_time":0.2490430939,"remaining_time":2.400351522},
{"learn":[97628.30516],"iteration":94,"passed_time":0.2507959455,"remaining_time":2.389161375},
{"learn":[97492.82169],"iteration":95,"passed_time":0.252681763,"remaining_time":2.379419935},
{"learn":[97296.34366],"iteration":96,"passed_time":0.2544430734,"remaining_time":2.368681395},
{"learn":[97099.2049],"iteration":97,"passed_time":0.2562026753,"remaining_time":2.358110338},
{"learn":[96824.55512],"iteration":98,"passed_time":0.2580407402,"remaining_time":2.348431383},
{"learn":[96645.03024],"iteration":99,"passed_time":0.2600645241,"remaining_time":2.340580717},
{"learn":[96486.75789],"iteration":100,"passed_time":0.2620064282,"remaining_time":2.332116623},
{"learn":[96416.13611],"iteration":101,"passed_time":0.2641199257,"remaining_time":2.32529111},
{"learn":[96173.31001],"iteration":102,"passed_time":0.2660443288,"remaining_time":2.31691032},
{"learn":[96007.50463],"iteration":103,"passed_time":0.2677895549,"remaining_time":2.307110012},
{"learn":[95841.06158],"iteration":104,"passed_time":0.2695399063,"remaining_time":2.29750682},
{"learn":[95779.6336],"iteration":105,"passed_time":0.2712997583,"remaining_time":2.288131923},
{"learn":[95652.45344],"iteration":106,"passed_time":0.273464217,"remaining_time":2.282276129},
{"learn":[95545.33809],"iteration":107,"passed_time":0.2754344144,"remaining_time":2.274884238},
{"learn":[95414.18617],"iteration":108,"passed_time":0.2773559008,"remaining_time":2.267193647},
{"learn":[95271.97899],"iteration":109,"passed_time":0.2792368014,"remaining_time":2.259279575},
{"learn":[95122.43905],"iteration":110,"passed_time":0.2813014627,"remaining_time":2.252945949},
{"learn":[94942.32475],"iteration":111,"passed_time":0.2832047813,"remaining_time":2.245409337},
{"learn":[94892.97439],"iteration":112,"passed_time":0.2851194338,"remaining_time":2.238061397},
{"learn":[94760.66114],"iteration":113,"passed_time":0.2868329914,"remaining_time":2.229245881},
{"learn":[94573.13414],"iteration":114,"passed_time":0.2885555912,"remaining_time":2.220623463},
{"learn":[94479.61188],"iteration":115,"passed_time":0.290237647,"remaining_time":2.211811034},
{"learn":[94375.72875],"iteration":116,"passed_time":0.2922152616,"remaining_time":2.205351077},
{"learn":[94299.71858],"iteration":117,"passed_time":0.294322092,"remaining_time":2.199932925},
{"learn":[94171.15675],"iteration":118,"passed_time":0.2964673412,"remaining_time":2.194854854},
{"learn":[93909.08502],"iteration":119,"passed_time":0.2985055843,"remaining_time":2.189040952},
{"learn":[93837.97085],"iteration":120,"passed_time":0.300445905,"remaining_time":2.182578104},
{"learn":[93747.18198],"iteration":121,"passed_time":0.3025248171,"remaining_time":2.177186799},
{"learn":[93465.45785],"iteration":122,"passed_time":0.304593687,"remaining_time":2.171777752},
{"learn":[93400.05397],"iteration":123,"passed_time":0.3067223103,"remaining_time":2.166844708},
{"learn":[93296.74061],"iteration":124,"passed_time":0.3084279091,"remaining_time":2.158995364},
{"learn":[93136.15905],"iteration":125,"passed_time":0.3101715935,"remaining_time":2.15150772},
{"learn":[93044.96862],"iteration":126,"passed_time":0.3121159561,"remaining_time":2.145489997},
{"learn":[93004.11977],"iteration":127,"passed_time":0.3139626047,"remaining_time":2.138870245},
{"learn":[92963.54421],"iteration":128,"passed_time":0.3156777874,"remaining_time":2.131436844},
{"learn":[92905.20605],"iteration":129,"passed_time":0.3176452764,"remaining_time":2.125779927},
{"learn":[92819.18638],"iteration":130,"passed_time":0.319599473,"remaining_time":2.12009116},
{"learn":[92695.67109],"iteration":131,"passed_time":0.3216798851,"remaining_time":2.115288942},
{"learn":[92610.36354],"iteration":132,"passed_time":0.3233496069,"remaining_time":2.107850445},
{"learn":[92486.12142],"iteration":133,"passed_time":0.3251515446,"remaining_time":2.10135252},
{"learn":[92401.74544],"iteration":134,"passed_time":0.3271136999,"remaining_time":2.095950744},
{"learn":[92274.21832],"iteration":135,"passed_time":0.329082439,"remaining_time":2.090641377},
{"learn":[92208.20109],"iteration":136,"passed_time":0.331188061,"remaining_time":2.086243041},
{"learn":[92096.90816],"iteration":137,"passed_time":0.3331494246,"remaining_time":2.080976841},
{"learn":[91998.91928],"iteration":138,"passed_time":0.335181959,"remaining_time":2.076199041},
{"learn":[91928.8599],"iteration":139,"passed_time":0.3372001176,"remaining_time":2.071372151},
{"learn":[91898.51761],"iteration":140,"passed_time":0.3393373247,"remaining_time":2.067310368},
{"learn":[91850.87025],"iteration":141,"passed_time":0.3410562993,"remaining_time":2.060748625},
{"learn":[91800.81919],"iteration":142,"passed_time":0.3428137761,"remaining_time":2.054485358},
{"learn":[91700.17068],"iteration":143,"passed_time":0.3445745448,"remaining_time":2.048304238},
{"learn":[91633.09134],"iteration":144,"passed_time":0.3465036149,"remaining_time":2.043176488},
{"learn":[91574.88248],"iteration":145,"passed_time":0.348277676,"remaining_time":2.037185858},
{"learn":[91548.84288],"iteration":146,"passed_time":0.3503509211,"remaining_time":2.032988678},
{"learn":[91491.81726],"iteration":147,"passed_time":0.3520867716,"remaining_time":2.026877902},
{"learn":[91433.68719],"iteration":148,"passed_time":0.3539278783,"remaining_time":2.02142701},
{"learn":[91378.4309],"iteration":149,"passed_time":0.3556410609,"remaining_time":2.015299345},
{"learn":[91342.32655],"iteration":150,"passed_time":0.35749621,"remaining_time":2.01002836},
{"learn":[91285.32573],"iteration":151,"passed_time":0.3595454121,"remaining_time":2.00588493},
{"learn":[91226.37895],"iteration":152,"passed_time":0.3615823634,"remaining_time":2.001701057},
{"learn":[91036.0842],"iteration":153,"passed_time":0.363606064,"remaining_time":1.997472273},
{"learn":[90967.95011],"iteration":154,"passed_time":0.36549484,"remaining_time":1.992536386},
{"learn":[90883.10524],"iteration":155,"passed_time":0.3676157546,"remaining_time":1.988895493},
{"learn":[90725.76719],"iteration":156,"passed_time":0.3700113517,"remaining_time":1.98674885},
{"learn":[90663.57153],"iteration":157,"passed_time":0.3719251709,"remaining_time":1.982031607},
{"learn":[90547.10378],"iteration":158,"passed_time":0.3737064407,"remaining_time":1.976648533},
{"learn":[90488.11048],"iteration":159,"passed_time":0.3755069617,"remaining_time":1.971411549},
{"learn":[90367.84903],"iteration":160,"passed_time":0.3773336925,"remaining_time":1.966353839},
{"learn":[90300.74829],"iteration":161,"passed_time":0.3790664596,"remaining_time":1.960849958},
{"learn":[90246.43472],"iteration":162,"passed_time":0.3818975403,"remaining_time":1.961032155},
{"learn":[90164.66296],"iteration":163,"passed_time":0.3836849771,"remaining_time":1.955857566},
{"learn":[90083.75978],"iteration":164,"passed_time":0.385507166,"remaining_time":1.950899901},
{"learn":[90004.59716],"iteration":165,"passed_time":0.3871612202,"remaining_time":1.945135287},
{"learn":[89961.58273],"iteration":166,"passed_time":0.3890821231,"remaining_time":1.94075095},
{"learn":[89918.28185],"iteration":167,"passed_time":0.3910984483,"remaining_time":1.936868506},
{"learn":[89865.16431],"iteration":168,"passed_time":0.3932466561,"remaining_time":1.933656634},
{"learn":[89802.66815],"iteration":169,"passed_time":0.395460576,"remaining_time":1.930778106},
{"learn":[89754.96064],"iteration":170,"passed_time":0.3975404465,"remaining_time":1.927257486},
{"learn":[89698.30371],"iteration":171,"passed_time":0.3995298534,"remaining_time":1.923318131},
{"learn":[89666.75641],"iteration":172,"passed_time":0.4013409166,"remaining_time":1.918548775},
{"learn":[89570.75167],"iteration":173,"passed_time":0.4032846126,"remaining_time":1.914443046},
{"learn":[89516.34769],"iteration":174,"passed_time":0.405070466,"remaining_time":1.909617911},
{"learn":[89467.08704],"iteration":175,"passed_time":0.4067505217,"remaining_time":1.904331988},
{"learn":[89384.4286],"iteration":176,"passed_time":0.4085189991,"remaining_time":1.899497945},
{"learn":[89315.68997],"iteration":177,"passed_time":0.4103518553,"remaining_time":1.894995646},
{"learn":[89278.5825],"iteration":178,"passed_time":0.4125925684,"remaining_time":1.892393847},
{"learn":[89241.95826],"iteration":179,"passed_time":0.4148246978,"remaining_time":1.889756956},
{"learn":[89176.92056],"iteration":180,"passed_time":0.4166178433,"remaining_time":1.885138197},
{"learn":[89112.8001],"iteration":181,"passed_time":0.4183216087,"remaining_time":1.880148769},
{"learn":[88992.85953],"iteration":182,"passed_time":0.4203083071,"remaining_time":1.876458398},
{"learn":[88922.25417],"iteration":183,"passed_time":0.4223625511,"remaining_time":1.873086096},
{"learn":[88861.10418],"iteration":184,"passed_time":0.424363667,"remaining_time":1.869493993},
{"learn":[88834.71407],"iteration":185,"passed_time":0.4265303342,"remaining_time":1.866643506},
{"learn":[88757.31961],"iteration":186,"passed_time":0.4289937269,"remaining_time":1.865090374},
{"learn":[88672.74033],"iteration":187,"passed_time":0.4309218386,"remaining_time":1.861215601},
{"learn":[88642.11285],"iteration":188,"passed_time":0.4330437115,"remaining_time":1.858192857},
{"learn":[88598.6159],"iteration":189,"passed_time":0.4354269746,"remaining_time":1.856293944},
{"learn":[88503.44921],"iteration":190,"passed_time":0.4373513361,"remaining_time":1.852446235},
{"learn":[88442.30165],"iteration":191,"passed_time":0.4391538572,"remaining_time":1.848105816},
{"learn":[88386.34674],"iteration":192,"passed_time":0.4408588309,"remaining_time":1.843383816},
{"learn":[88282.12377],"iteration":193,"passed_time":0.4425946815,"remaining_time":1.838821202},
{"learn":[88195.19286],"iteration":194,"passed_time":0.44426707,"remaining_time":1.834025597},
{"learn":[88157.25483],"iteration":195,"passed_time":0.4459745856,"remaining_time":1.829405953},
{"learn":[88121.45084],"iteration":196,"passed_time":0.4476709756,"remaining_time":1.824770525},
{"learn":[88031.38309],"iteration":197,"passed_time":0.4494434532,"remaining_time":1.820472977},
{"learn":[87986.8025],"iteration":198,"passed_time":0.4513111448,"remaining_time":1.816584055},
{"learn":[87953.94397],"iteration":199,"passed_time":0.4529826999,"remaining_time":1.8119308},
{"learn":[87920.44624],"iteration":200,"passed_time":0.4548641423,"remaining_time":1.808141541},
{"learn":[87863.9935],"iteration":201,"passed_time":0.4567618772,"remaining_time":1.804435535},
{"learn":[87810.11634],"iteration":202,"passed_time":0.4590239666,"remaining_time":1.802177839},
{"learn":[87776.61226],"iteration":203,"passed_time":0.4608713236,"remaining_time":1.798301831},
{"learn":[87711.87505],"iteration":204,"passed_time":0.4628637307,"remaining_time":1.795008126},
{"learn":[87690.69588],"iteration":205,"passed_time":0.4646565846,"remaining_time":1.790957904},
{"learn":[87638.92506],"iteration":206,"passed_time":0.4665685286,"remaining_time":1.787385716},
{"learn":[87607.21746],"iteration":207,"passed_time":0.4692261826,"remaining_time":1.786668926},
{"learn":[87556.42677],"iteration":208,"passed_time":0.4712620505,"remaining_time":1.783580297},
{"learn":[87525.16662],"iteration":209,"passed_time":0.4730682802,"remaining_time":1.779637816},
{"learn":[87481.89961],"iteration":210,"passed_time":0.4750743131,"remaining_time":1.776462716},
{"learn":[87423.65796],"iteration":211,"passed_time":0.4767444098,"remaining_time":1.772049976},
{"learn":[87386.73062],"iteration":212,"passed_time":0.4784667596,"remaining_time":1.767856055},
{"learn":[87331.10133],"iteration":213,"passed_time":0.4800579768,"remaining_time":1.763203597},
{"learn":[87268.14091],"iteration":214,"passed_time":0.4817527416,"remaining_time":1.758957684},
{"learn":[87221.42497],"iteration":215,"passed_time":0.4836150162,"remaining_time":1.755343392},
{"learn":[87193.89958],"iteration":216,"passed_time":0.4854794575,"remaining_time":1.751753066},
{"learn":[87133.98365],"iteration":217,"passed_time":0.4874785316,"remaining_time":1.748661522},
{"learn":[87086.21434],"iteration":218,"passed_time":0.4893951843,"remaining_time":1.745286023},
{"learn":[87011.35555],"iteration":219,"passed_time":0.4916401894,"remaining_time":1.743087944},
{"learn":[86949.74534],"iteration":220,"passed_time":0.4939144878,"remaining_time":1.740992697},
{"learn":[86912.26071],"iteration":221,"passed_time":0.4957488024,"remaining_time":1.737353911},
{"learn":[86879.2118],"iteration":222,"passed_time":0.4977857538,"remaining_time":1.734437357},
{"learn":[86842.84778],"iteration":223,"passed_time":0.4996935726,"remaining_time":1.731081305},
{"learn":[86785.02041],"iteration":224,"passed_time":0.5016256429,"remaining_time":1.727821659},
{"learn":[86741.61659],"iteration":225,"passed_time":0.5034025791,"remaining_time":1.724042461},
{"learn":[86717.5205],"iteration":226,"passed_time":0.5051165534,"remaining_time":1.720066501},
{"learn":[86650.76303],"iteration":227,"passed_time":0.5069437009,"remaining_time":1.716493584},
{"learn":[86621.61809],"iteration":228,"passed_time":0.5086783431,"remaining_time":1.712624465},
{"learn":[86568.33383],"iteration":229,"passed_time":0.5103301055,"remaining_time":1.70849644},
{"learn":[86488.51797],"iteration":230,"passed_time":0.5121237927,"remaining_time":1.704862323},
{"learn":[86457.88849],"iteration":231,"passed_time":0.5138763109,"remaining_time":1.701107788},
{"learn":[86414.91378],"iteration":232,"passed_time":0.5156299541,"remaining_time":1.697374141},
{"learn":[86353.93486],"iteration":233,"passed_time":0.5174356421,"remaining_time":1.693827786},
{"learn":[86324.67374],"iteration":234,"passed_time":0.519338919,"remaining_time":1.690613928},
{"learn":[86280.84867],"iteration":235,"passed_time":0.5213317428,"remaining_time":1.687701066},
{"learn":[86226.96617],"iteration":236,"passed_time":0.523492743,"remaining_time":1.685337396},
{"learn":[86205.20596],"iteration":237,"passed_time":0.525553029,"remaining_time":1.682652975},
{"learn":[86175.53666],"iteration":238,"passed_time":0.5275018502,"remaining_time":1.679618862},
{"learn":[86123.49837],"iteration":239,"passed_time":0.5294523382,"remaining_time":1.676599071},
{"learn":[86075.4593],"iteration":240,"passed_time":0.5312919865,"remaining_time":1.673239078},
{"learn":[86050.37412],"iteration":241,"passed_time":0.5334412776,"remaining_time":1.670861523},
{"learn":[86013.17489],"iteration":242,"passed_time":0.535225881,"remaining_time":1.667349761},
{"learn":[85934.44561],"iteration":243,"passed_time":0.5371363667,"remaining_time":1.664242185},
{"learn":[85903.93682],"iteration":244,"passed_time":0.538982432,"remaining_time":1.660945862},
{"learn":[85882.66436],"iteration":245,"passed_time":0.5409255029,"remaining_time":1.657958655},
{"learn":[85860.15391],"iteration":246,"passed_time":0.542585349,"remaining_time":1.654116469},
{"learn":[85839.64419],"iteration":247,"passed_time":0.5443272416,"remaining_time":1.650540668},
{"learn":[85795.43644],"iteration":248,"passed_time":0.5460297152,"remaining_time":1.646860707},
{"learn":[85776.94196],"iteration":249,"passed_time":0.5476789358,"remaining_time":1.643036807},
{"learn":[85750.43377],"iteration":250,"passed_time":0.5495215008,"remaining_time":1.639807188},
{"learn":[85713.16874],"iteration":251,"passed_time":0.5513578572,"remaining_time":1.636570148},
{"learn":[85686.35733],"iteration":252,"passed_time":0.5532548421,"remaining_time":1.63352319},
{"learn":[85648.54058],"iteration":253,"passed_time":0.5554439273,"remaining_time":1.631343188},
{"learn":[85634.30108],"iteration":254,"passed_time":0.5574956295,"remaining_time":1.628761741},
{"learn":[85613.61142],"iteration":255,"passed_time":0.5594461591,"remaining_time":1.6258904},
{"learn":[85562.79096],"iteration":256,"passed_time":0.5613415606,"remaining_time":1.622866846},
{"learn":[85553.86368],"iteration":257,"passed_time":0.5632041685,"remaining_time":1.619757725},
{"learn":[85521.61772],"iteration":258,"passed_time":0.5651556565,"remaining_time":1.616912515},
{"learn":[85481.89638],"iteration":259,"passed_time":0.5675711715,"remaining_time":1.615394873},
{"learn":[85457.86144],"iteration":260,"passed_time":0.5693981523,"remaining_time":1.612203964},
{"learn":[85445.19],"iteration":261,"passed_time":0.571153879,"remaining_time":1.608822758},
{"learn":[85401.20443],"iteration":262,"passed_time":0.573057406,"remaining_time":1.605868092},
{"learn":[85379.43872],"iteration":263,"passed_time":0.5748939707,"remaining_time":1.602734706},
{"learn":[85361.67834],"iteration":264,"passed_time":0.576636405,"remaining_time":1.599350029},
{"learn":[85311.11069],"iteration":265,"passed_time":0.5783035432,"remaining_time":1.595769927},
{"learn":[85292.81015],"iteration":266,"passed_time":0.5802142789,"remaining_time":1.592872908},
{"learn":[85267.57234],"iteration":267,"passed_time":0.5820420514,"remaining_time":1.589756648},
{"learn":[85210.50904],"iteration":268,"passed_time":0.5837073979,"remaining_time":1.586208579},
{"learn":[85174.16221],"iteration":269,"passed_time":0.5855631304,"remaining_time":1.583189204},
{"learn":[85156.51128],"iteration":270,"passed_time":0.5876454594,"remaining_time":1.58078797},
{"learn":[85103.1221],"iteration":271,"passed_time":0.5895602786,"remaining_time":1.577940746},
{"learn":[85055.57098],"iteration":272,"passed_time":0.5913453404,"remaining_time":1.574754808},
{"learn":[85044.62055],"iteration":273,"passed_time":0.5932979952,"remaining_time":1.572023155},
{"learn":[85029.80339],"iteration":274,"passed_time":0.5954964975,"remaining_time":1.569945312},
{"learn":[85013.31867],"iteration":275,"passed_time":0.597299102,"remaining_time":1.566828079},
{"learn":[84973.53584],"iteration":276,"passed_time":0.599360388,"remaining_time":1.564395525},
{"learn":[84928.58627],"iteration":277,"passed_time":0.6013504617,"remaining_time":1.561780695},
{"learn":[84913.48384],"iteration":278,"passed_time":0.6031304814,"remaining_time":1.558627517},
{"learn":[84865.56106],"iteration":279,"passed_time":0.6049105012,"remaining_time":1.555484146},
{"learn":[84831.65514],"iteration":280,"passed_time":0.6065590967,"remaining_time":1.552014201},
{"learn":[84788.97023],"iteration":281,"passed_time":0.6083048229,"remaining_time":1.548804478},
{"learn":[84770.10779],"iteration":282,"passed_time":0.6099174163,"remaining_time":1.5452678},
{"learn":[84740.09971],"iteration":283,"passed_time":0.6117148121,"remaining_time":1.542210583},
{"learn":[84701.12778],"iteration":284,"passed_time":0.6134096186,"remaining_time":1.538904833},
{"learn":[84663.5524],"iteration":285,"passed_time":0.6151000915,"remaining_time":1.535599529},
{"learn":[84640.99046],"iteration":286,"passed_time":0.6168429425,"remaining_time":1.532435603},
{"learn":[84604.99693],"iteration":287,"passed_time":0.6187015502,"remaining_time":1.529567721},
{"learn":[84552.34326],"iteration":288,"passed_time":0.6204753196,"remaining_time":1.526498105},
{"learn":[84497.19503],"iteration":289,"passed_time":0.6225474813,"remaining_time":1.524167971},
{"learn":[84460.56374],"iteration":290,"passed_time":0.6242168697,"remaining_time":1.520858284},
{"learn":[84442.15222],"iteration":291,"passed_time":0.6259899724,"remaining_time":1.517811303},
{"learn":[84423.08404],"iteration":292,"passed_time":0.6281609315,"remaining_time":1.515733033},
{"learn":[84391.62051],"iteration":293,"passed_time":0.6301515051,"remaining_time":1.513220961},
{"learn":[84367.86173],"iteration":294,"passed_time":0.6322273337,"remaining_time":1.51091617},
{"learn":[84345.70691],"iteration":295,"passed_time":0.6341859888,"remaining_time":1.508334244},
{"learn":[84291.99797],"iteration":296,"passed_time":0.6359863431,"remaining_time":1.505381816},
{"learn":[84278.24064],"iteration":297,"passed_time":0.6376336886,"remaining_time":1.502076676},
{"learn":[84250.10492],"iteration":298,"passed_time":0.6393285368,"remaining_time":1.498893994},
{"learn":[84225.00582],"iteration":299,"passed_time":0.6410938474,"remaining_time":1.495885644},
{"learn":[84178.05983],"iteration":300,"passed_time":0.6427415261,"remaining_time":1.492612381},
{"learn":[84159.11046],"iteration":301,"passed_time":0.6446663877,"remaining_time":1.489990525},
{"learn":[84125.31551],"iteration":302,"passed_time":0.6468845161,"remaining_time":1.48804788},
{"learn":[84112.56342],"iteration":303,"passed_time":0.6486742865,"remaining_time":1.485122709},
{"learn":[84099.63809],"iteration":304,"passed_time":0.6503251738,"remaining_time":1.481888511},
{"learn":[84066.96915],"iteration":305,"passed_time":0.6519265999,"remaining_time":1.478552485},
{"learn":[84048.14272],"iteration":306,"passed_time":0.65359678,"remaining_time":1.475382959},
{"learn":[84021.71353],"iteration":307,"passed_time":0.6553429228,"remaining_time":1.47239384},
{"learn":[83960.19657],"iteration":308,"passed_time":0.6571734872,"remaining_time":1.469601552},
{"learn":[83923.65996],"iteration":309,"passed_time":0.6589945094,"remaining_time":1.466794231},
{"learn":[83914.83619],"iteration":310,"passed_time":0.6607252763,"remaining_time":1.463793297},
{"learn":[83906.81621],"iteration":311,"passed_time":0.6622889085,"remaining_time":1.460431952},
{"learn":[83849.31608],"iteration":312,"passed_time":0.6642450635,"remaining_time":1.457943638},
{"learn":[83832.68706],"iteration":313,"passed_time":0.6664626087,"remaining_time":1.456029776},
{"learn":[83796.47875],"iteration":314,"passed_time":0.6687495745,"remaining_time":1.454264948},
{"learn":[83771.53281],"iteration":315,"passed_time":0.6705390948,"remaining_time":1.451420066},
{"learn":[83724.56712],"iteration":316,"passed_time":0.6722953215,"remaining_time":1.448510109},
{"learn":[83720.26381],"iteration":317,"passed_time":0.6739520425,"remaining_time":1.445394003},
{"learn":[83679.72616],"iteration":318,"passed_time":0.6756474741,"remaining_time":1.442369686},
{"learn":[83662.47518],"iteration":319,"passed_time":0.6774319525,"remaining_time":1.439542899},
{"learn":[83624.66818],"iteration":320,"passed_time":0.6792585583,"remaining_time":1.436811717},
{"learn":[83572.33435],"iteration":321,"passed_time":0.681083414,"remaining_time":1.434082468},
{"learn":[83529.66235],"iteration":322,"passed_time":0.6828480579,"remaining_time":1.431232617},
{"learn":[83528.37861],"iteration":323,"passed_time":0.6849880985,"remaining_time":1.429172699},
{"learn":[83484.90119],"iteration":324,"passed_time":0.6870623853,"remaining_time":1.426975723},
{"learn":[83447.2724],"iteration":325,"passed_time":0.6893607685,"remaining_time":1.425242816},
{"learn":[83397.86625],"iteration":326,"passed_time":0.6914268882,"remaining_time":1.423028427},
{"learn":[83370.6776],"iteration":327,"passed_time":0.693546261,"remaining_time":1.420924047},
{"learn":[83357.62929],"iteration":328,"passed_time":0.6954985824,"remaining_time":1.418478872},
{"learn":[83328.88274],"iteration":329,"passed_time":0.697533617,"remaining_time":1.416204616},
{"learn":[83319.37953],"iteration":330,"passed_time":0.6992644672,"remaining_time":1.413317005},
{"learn":[83308.92936],"iteration":331,"passed_time":0.7010013178,"remaining_time":1.410448435},
{"learn":[83268.82499],"iteration":332,"passed_time":0.7028657175,"remaining_time":1.407842143},
{"learn":[83255.00182],"iteration":333,"passed_time":0.7046369868,"remaining_time":1.40505459},
{"learn":[83234.52785],"iteration":334,"passed_time":0.7062268706,"remaining_time":1.401913042},
{"learn":[83209.03606],"iteration":335,"passed_time":0.7078701324,"remaining_time":1.398886214},
{"learn":[83159.98823],"iteration":336,"passed_time":0.7096254008,"remaining_time":1.396087955},
{"learn":[83127.87886],"iteration":337,"passed_time":0.7112809967,"remaining_time":1.39310065},
{"learn":[83085.48151],"iteration":338,"passed_time":0.7131288121,"remaining_time":1.390496002},
{"learn":[83060.58785],"iteration":339,"passed_time":0.7150256719,"remaining_time":1.38799101},
{"learn":[83051.08977],"iteration":340,"passed_time":0.7169263654,"remaining_time":1.385496994},
{"learn":[83019.02758],"iteration":341,"passed_time":0.7191254511,"remaining_time":1.383580546},
{"learn":[82996.53087],"iteration":342,"passed_time":0.7212870763,"remaining_time":1.381590697},
{"learn":[82982.26598],"iteration":343,"passed_time":0.7233314031,"remaining_time":1.379376164},
{"learn":[82974.62419],"iteration":344,"passed_time":0.7251154648,"remaining_time":1.376668491},
{"learn":[82953.27256],"iteration":345,"passed_time":0.7270804953,"remaining_time":1.374308219},
{"learn":[82942.56357],"iteration":346,"passed_time":0.7289781052,"remaining_time":1.371823351},
{"learn":[82921.02065],"iteration":347,"passed_time":0.7307087471,"remaining_time":1.369029032},
{"learn":[82900.68167],"iteration":348,"passed_time":0.7324515564,"remaining_time":1.366263505},
{"learn":[82882.88543],"iteration":349,"passed_time":0.734078484,"remaining_time":1.363288613},
{"learn":[82850.88439],"iteration":350,"passed_time":0.7357531227,"remaining_time":1.36040962},
{"learn":[82807.56726],"iteration":351,"passed_time":0.7374161357,"remaining_time":1.357516068},
{"learn":[82792.77911],"iteration":352,"passed_time":0.7390721066,"remaining_time":1.354616581},
{"learn":[82750.38926],"iteration":353,"passed_time":0.7407195354,"remaining_time":1.351708531},
{"learn":[82738.22512],"iteration":354,"passed_time":0.742375048,"remaining_time":1.34882227},
{"learn":[82710.85556],"iteration":355,"passed_time":0.7442096959,"remaining_time":1.346266978},
{"learn":[82674.72817],"iteration":356,"passed_time":0.746081596,"remaining_time":1.343782819},
{"learn":[82664.24424],"iteration":357,"passed_time":0.7478855755,"remaining_time":1.341180278},
{"learn":[82629.6268],"iteration":358,"passed_time":0.7496945137,"remaining_time":1.33859104},
{"learn":[82608.72054],"iteration":359,"passed_time":0.7514824089,"remaining_time":1.335968727},
{"learn":[82577.31763],"iteration":360,"passed_time":0.7533481003,"remaining_time":1.333488743},
{"learn":[82564.06413],"iteration":361,"passed_time":0.7551352455,"remaining_time":1.33087372},
{"learn":[82554.97722],"iteration":362,"passed_time":0.756916182,"remaining_time":1.328252364},
{"learn":[82525.52072],"iteration":363,"passed_time":0.75869416,"remaining_time":1.325630455},
{"learn":[82509.44445],"iteration":364,"passed_time":0.7603102536,"remaining_time":1.322731537},
{"learn":[82480.83019],"iteration":365,"passed_time":0.7622897017,"remaining_time":1.320469046},
{"learn":[82478.4617],"iteration":366,"passed_time":0.76436128,"remaining_time":1.318367003},
{"learn":[82450.28775],"iteration":367,"passed_time":0.7664574431,"remaining_time":1.316307348},
{"learn":[82427.08016],"iteration":368,"passed_time":0.7682645478,"remaining_time":1.313753197},
{"learn":[82403.94137],"iteration":369,"passed_time":0.7699056429,"remaining_time":1.310920419},
{"learn":[82363.16605],"iteration":370,"passed_time":0.7716053246,"remaining_time":1.308193394},
{"learn":[82339.7077],"iteration":371,"passed_time":0.7733137986,"remaining_time":1.305486735},
{"learn":[82310.6002],"iteration":372,"passed_time":0.7749984795,"remaining_time":1.302745433},
{"learn":[82288.3832],"iteration":373,"passed_time":0.7773501575,"remaining_time":1.301126199},
{"learn":[82263.81319],"iteration":374,"passed_time":0.7793475232,"remaining_time":1.298912539},
{"learn":[82242.8936],"iteration":375,"passed_time":0.7811014998,"remaining_time":1.296296106},
{"learn":[82223.13147],"iteration":376,"passed_time":0.7829460233,"remaining_time":1.293833879},
{"learn":[82208.10696],"iteration":377,"passed_time":0.7850038925,"remaining_time":1.291725982},
{"learn":[82200.25506],"iteration":378,"passed_time":0.7871192234,"remaining_time":1.289712501},
{"learn":[82184.86637],"iteration":379,"passed_time":0.7890660028,"remaining_time":1.287423478},
{"learn":[82156.06632],"iteration":380,"passed_time":0.7911361227,"remaining_time":1.28533664},
{"learn":[82117.45679],"iteration":381,"passed_time":0.793119321,"remaining_time":1.283109268},
{"learn":[82091.789],"iteration":382,"passed_time":0.7952403605,"remaining_time":1.281105228},
{"learn":[82065.01518],"iteration":383,"passed_time":0.7972648111,"remaining_time":1.278945635},
{"learn":[82052.40282],"iteration":384,"passed_time":0.7991453784,"remaining_time":1.276556903},
{"learn":[82019.68084],"iteration":385,"passed_time":0.8011797462,"remaining_time":1.274415451},
{"learn":[81995.86987],"iteration":386,"passed_time":0.8032168226,"remaining_time":1.272278843},
{"learn":[81975.82234],"iteration":387,"passed_time":0.8051492679,"remaining_time":1.269977711},
{"learn":[81946.30846],"iteration":388,"passed_time":0.8069369131,"remaining_time":1.267451038},
{"learn":[81938.27783],"iteration":389,"passed_time":0.8086406368,"remaining_time":1.264796893},
{"learn":[81911.22903],"iteration":390,"passed_time":0.8103908215,"remaining_time":1.262219975},
{"learn":[81908.24977],"iteration":391,"passed_time":0.8120684187,"remaining_time":1.25953469},
{"learn":[81881.68981],"iteration":392,"passed_time":0.8138241454,"remaining_time":1.256975207},
{"learn":[81865.58811],"iteration":393,"passed_time":0.8163152064,"remaining_time":1.2555508},
{"learn":[81823.55412],"iteration":394,"passed_time":0.8184054525,"remaining_time":1.253507085},
{"learn":[81787.98],"iteration":395,"passed_time":0.8203882757,"remaining_time":1.251299289},
{"learn":[81770.4256],"iteration":396,"passed_time":0.8223503477,"remaining_time":1.249061107},
{"learn":[81751.38657],"iteration":397,"passed_time":0.8243837571,"remaining_time":1.246932216},
{"learn":[81722.1806],"iteration":398,"passed_time":0.8263180775,"remaining_time":1.244654548},
{"learn":[81714.88731],"iteration":399,"passed_time":0.8281775186,"remaining_time":1.242266278},
{"learn":[81691.09039],"iteration":400,"passed_time":0.8300701699,"remaining_time":1.239930254},
{"learn":[81665.01493],"iteration":401,"passed_time":0.8320527847,"remaining_time":1.237730262},
{"learn":[81632.69971],"iteration":402,"passed_time":0.8337768846,"remaining_time":1.235148387},
{"learn":[81608.48269],"iteration":403,"passed_time":0.8356049905,"remaining_time":1.232724194},
{"learn":[81592.25744],"iteration":404,"passed_time":0.8373751347,"remaining_time":1.230217791},
{"learn":[81564.28094],"iteration":405,"passed_time":0.8392025739,"remaining_time":1.22779884},
{"learn":[81533.06999],"iteration":406,"passed_time":0.8410862664,"remaining_time":1.225464757},
{"learn":[81511.35593],"iteration":407,"passed_time":0.8429189142,"remaining_time":1.223058817},
{"learn":[81502.39599],"iteration":408,"passed_time":0.84509029,"remaining_time":1.221145138},
{"learn":[81468.48122],"iteration":409,"passed_time":0.8468753934,"remaining_time":1.218674347},
{"learn":[81438.07043],"iteration":410,"passed_time":0.8489081362,"remaining_time":1.216561782},
{"learn":[81418.27064],"iteration":411,"passed_time":0.8509820063,"remaining_time":1.2145083},
{"learn":[81397.73866],"iteration":412,"passed_time":0.8529007008,"remaining_time":1.212234168},
{"learn":[81351.39725],"iteration":413,"passed_time":0.8548103114,"remaining_time":1.209948895},
{"learn":[81331.02064],"iteration":414,"passed_time":0.8568545549,"remaining_time":1.207855216},
{"learn":[81309.95193],"iteration":415,"passed_time":0.8587697075,"remaining_time":1.205580551},
{"learn":[81307.40949],"iteration":416,"passed_time":0.8610592984,"remaining_time":1.203831106},
{"learn":[81268.23439],"iteration":417,"passed_time":0.8629838683,"remaining_time":1.201570841},
{"learn":[81242.18943],"iteration":418,"passed_time":0.8648432677,"remaining_time":1.19922181},
{"learn":[81231.21602],"iteration":419,"passed_time":0.8666403718,"remaining_time":1.196789085},
{"learn":[81223.16843],"iteration":420,"passed_time":0.8683888897,"remaining_time":1.194292559},
{"learn":[81206.03269],"iteration":421,"passed_time":0.870057403,"remaining_time":1.191689998},
{"learn":[81186.54541],"iteration":422,"passed_time":0.8716958313,"remaining_time":1.189050815},
{"learn":[81182.4193],"iteration":423,"passed_time":0.8732494213,"remaining_time":1.186301101},
{"learn":[81176.5876],"iteration":424,"passed_time":0.874889183,"remaining_time":1.1836736},
{"learn":[81129.8673],"iteration":425,"passed_time":0.8765441955,"remaining_time":1.181071287},
{"learn":[81129.63812],"iteration":426,"passed_time":0.8776598851,"remaining_time":1.177749682},
{"learn":[81105.09992],"iteration":427,"passed_time":0.8794701567,"remaining_time":1.175366658},
{"learn":[81094.44527],"iteration":428,"passed_time":0.8814666057,"remaining_time":1.173234107},
{"learn":[81054.81962],"iteration":429,"passed_time":0.883607313,"remaining_time":1.171293415},
{"learn":[81051.42035],"iteration":430,"passed_time":0.8858252748,"remaining_time":1.169453785},
{"learn":[81026.28014],"iteration":431,"passed_time":0.8877291768,"remaining_time":1.167199473},
{"learn":[81015.5556],"iteration":432,"passed_time":0.8896625805,"remaining_time":1.164985411},
{"learn":[80992.09311],"iteration":433,"passed_time":0.8915520649,"remaining_time":1.162715366},
{"learn":[80977.01387],"iteration":434,"passed_time":0.8939954148,"remaining_time":1.161166458},
{"learn":[80973.72054],"iteration":435,"passed_time":0.8958570643,"remaining_time":1.158860973},
{"learn":[80955.73766],"iteration":436,"passed_time":0.8977220057,"remaining_time":1.15656176},
{"learn":[80953.10338],"iteration":437,"passed_time":0.89960849,"remaining_time":1.154292172},
{"learn":[80950.26066],"iteration":438,"passed_time":0.9013903015,"remaining_time":1.151890568},
{"learn":[80933.55973],"iteration":439,"passed_time":0.903089525,"remaining_time":1.149386668},
{"learn":[80926.26905],"iteration":440,"passed_time":0.9047547881,"remaining_time":1.146843371},
{"learn":[80898.90013],"iteration":441,"passed_time":0.9065750602,"remaining_time":1.144499737},
{"learn":[80893.70106],"iteration":442,"passed_time":0.9082348647,"remaining_time":1.141956703},
{"learn":[80872.24617],"iteration":443,"passed_time":0.9100972226,"remaining_time":1.139671297},
{"learn":[80842.77926],"iteration":444,"passed_time":0.912089963,"remaining_time":1.137550403},
{"learn":[80822.12932],"iteration":445,"passed_time":0.9140752864,"remaining_time":1.135420871},
{"learn":[80821.3875],"iteration":446,"passed_time":0.9162794141,"remaining_time":1.133562676},
{"learn":[80794.58491],"iteration":447,"passed_time":0.9182994894,"remaining_time":1.131476157},
{"learn":[80754.11151],"iteration":448,"passed_time":0.9204299878,"remaining_time":1.129525442},
{"learn":[80736.44021],"iteration":449,"passed_time":0.9225340681,"remaining_time":1.127541639},
{"learn":[80736.27679],"iteration":450,"passed_time":0.9238438939,"remaining_time":1.124590461},
{"learn":[80718.85886],"iteration":451,"passed_time":0.9256734583,"remaining_time":1.122276671},
{"learn":[80695.74527],"iteration":452,"passed_time":0.9275726099,"remaining_time":1.120049046},
{"learn":[80680.57258],"iteration":453,"passed_time":0.9293685473,"remaining_time":1.117698738},
{"learn":[80674.86039],"iteration":454,"passed_time":0.9310934389,"remaining_time":1.115265767},
{"learn":[80661.33598],"iteration":455,"passed_time":0.9329641723,"remaining_time":1.11300989},
{"learn":[80660.89443],"iteration":456,"passed_time":0.9346531451,"remaining_time":1.110539733},
{"learn":[80656.23185],"iteration":457,"passed_time":0.9362952819,"remaining_time":1.108017561},
{"learn":[80640.68646],"iteration":458,"passed_time":0.9380756767,"remaining_time":1.105662181},
{"learn":[80614.17009],"iteration":459,"passed_time":0.9398942821,"remaining_time":1.103354157},
{"learn":[80583.37357],"iteration":460,"passed_time":0.9417365138,"remaining_time":1.101075881},
{"learn":[80561.80372],"iteration":461,"passed_time":0.9435051579,"remaining_time":1.098713799},
{"learn":[80549.56831],"iteration":462,"passed_time":0.9454297278,"remaining_time":1.096535127},
{"learn":[80544.3381],"iteration":463,"passed_time":0.9473000861,"remaining_time":1.094294927},
{"learn":[80535.72465],"iteration":464,"passed_time":0.9494428769,"remaining_time":1.092369762},
{"learn":[80526.7903],"iteration":465,"passed_time":0.9513824893,"remaining_time":1.090210835},
{"learn":[80495.19656],"iteration":466,"passed_time":0.9537395425,"remaining_time":1.088529285},
{"learn":[80474.04094],"iteration":467,"passed_time":0.9554001803,"remaining_time":1.086053196},
{"learn":[80458.79334],"iteration":468,"passed_time":0.9571106544,"remaining_time":1.08363701},
{"learn":[80452.02705],"iteration":469,"passed_time":0.9591614399,"remaining_time":1.081607581},
{"learn":[80451.77766],"iteration":470,"passed_time":0.9607961596,"remaining_time":1.079110761},
{"learn":[80421.9989],"iteration":471,"passed_time":0.962754148,"remaining_time":1.076979216},
{"learn":[80402.8709],"iteration":472,"passed_time":0.9645445434,"remaining_time":1.074661679},
{"learn":[80376.82646],"iteration":473,"passed_time":0.9663074789,"remaining_time":1.072315894},
{"learn":[80353.17812],"iteration":474,"passed_time":0.9681620863,"remaining_time":1.070073885},
{"learn":[80325.38375],"iteration":475,"passed_time":0.9698860612,"remaining_time":1.067689698},
{"learn":[80317.33405],"iteration":476,"passed_time":0.9714921542,"remaining_time":1.065179029},
{"learn":[80299.25999],"iteration":477,"passed_time":0.9730971222,"remaining_time":1.062670916},
{"learn":[80267.87075],"iteration":478,"passed_time":0.9747620937,"remaining_time":1.060231839},
{"learn":[80253.2199],"iteration":479,"passed_time":0.976442691,"remaining_time":1.057812915},
{"learn":[80230.89659],"iteration":480,"passed_time":0.9781162463,"remaining_time":1.055389463},
{"learn":[80215.0131],"iteration":481,"passed_time":0.9801126536,"remaining_time":1.053316088},
{"learn":[80201.80284],"iteration":482,"passed_time":0.9822683202,"remaining_time":1.051413502},
{"learn":[80193.2317],"iteration":483,"passed_time":0.9842132662,"remaining_time":1.049285218},
{"learn":[80169.14195],"iteration":484,"passed_time":0.9861347525,"remaining_time":1.047132778},
{"learn":[80137.44102],"iteration":485,"passed_time":0.988156953,"remaining_time":1.045087806},
{"learn":[80126.85094],"iteration":486,"passed_time":0.9902485325,"remaining_time":1.043116011},
{"learn":[80109.29298],"iteration":487,"passed_time":0.9925275812,"remaining_time":1.041340413},
{"learn":[80093.84612],"iteration":488,"passed_time":0.9947954209,"remaining_time":1.039551043},
{"learn":[80068.49919],"iteration":489,"passed_time":0.9965974419,"remaining_time":1.037274889},
{"learn":[80055.68729],"iteration":490,"passed_time":0.998514053,"remaining_time":1.035119456},
{"learn":[80039.16411],"iteration":491,"passed_time":1.00022361,"remaining_time":1.032751207},
{"learn":[80031.47691],"iteration":492,"passed_time":1.001857622,"remaining_time":1.03030794},
{"learn":[80016.21855],"iteration":493,"passed_time":1.003621682,"remaining_time":1.028001156},
{"learn":[79977.43326],"iteration":494,"passed_time":1.005459539,"remaining_time":1.025771853},
{"learn":[79963.04552],"iteration":495,"passed_time":1.007210473,"remaining_time":1.023455804},
{"learn":[79941.38205],"iteration":496,"passed_time":1.009120584,"remaining_time":1.021303126},
{"learn":[79916.2626],"iteration":497,"passed_time":1.011018277,"remaining_time":1.019138906},
{"learn":[79895.17947],"iteration":498,"passed_time":1.013026602,"remaining_time":1.017086829},
{"learn":[79873.75489],"iteration":499,"passed_time":1.015411157,"remaining_time":1.015411157},
{"learn":[79846.85186],"iteration":500,"passed_time":1.017504361,"remaining_time":1.013442468},
{"learn":[79827.83864],"iteration":501,"passed_time":1.019403305,"remaining_time":1.011280569},
{"learn":[79820.5336],"iteration":502,"passed_time":1.021424589,"remaining_time":1.009240597},
{"learn":[79799.07668],"iteration":503,"passed_time":1.023489666,"remaining_time":1.007243799},
{"learn":[79774.31114],"iteration":504,"passed_time":1.025248643,"remaining_time":1.00494669},
{"learn":[79740.8927],"iteration":505,"passed_time":1.027055456,"remaining_time":1.00269841},
{"learn":[79722.09695],"iteration":506,"passed_time":1.028806766,"remaining_time":1.000397901},
{"learn":[79703.38226],"iteration":507,"passed_time":1.03051199,"remaining_time":0.9980549194},
{"learn":[79689.74329],"iteration":508,"passed_time":1.032294218,"remaining_time":0.9957887252},
{"learn":[79679.30043],"iteration":509,"passed_time":1.034272583,"remaining_time":0.9937128737},
{"learn":[79663.69351],"iteration":510,"passed_time":1.036007808,"remaining_time":0.9914047324},
{"learn":[79644.31109],"iteration":511,"passed_time":1.037961588,"remaining_time":0.9893071387},
{"learn":[79640.46326],"iteration":512,"passed_time":1.039603267,"remaining_time":0.9869138223},
{"learn":[79626.69034],"iteration":513,"passed_time":1.041369286,"remaining_time":0.9846409977},
{"learn":[79626.33727],"iteration":514,"passed_time":1.043283813,"remaining_time":0.9825099988},
{"learn":[79614.19071],"iteration":515,"passed_time":1.0453646,"remaining_time":0.980535788},
{"learn":[79603.78885],"iteration":516,"passed_time":1.04728117,"remaining_time":0.9784077466},
{"learn":[79576.07053],"iteration":517,"passed_time":1.049332955,"remaining_time":0.9764063406},
{"learn":[79556.94798],"iteration":518,"passed_time":1.051229315,"remaining_time":0.9742606948},
{"learn":[79555.7329],"iteration":519,"passed_time":1.052956707,"remaining_time":0.9719600371},
{"learn":[79549.58766],"iteration":520,"passed_time":1.054840816,"remaining_time":0.9698056639},
{"learn":[79531.65726],"iteration":521,"passed_time":1.057150783,"remaining_time":0.968042288},
{"learn":[79511.58193],"iteration":522,"passed_time":1.059183359,"remaining_time":0.9660238286},
{"learn":[79490.68614],"iteration":523,"passed_time":1.060966463,"remaining_time":0.963778695},
{"learn":[79472.16895],"iteration":524,"passed_time":1.063072876,"remaining_time":0.9618278404},
{"learn":[79457.27126],"iteration":525,"passed_time":1.06553431,"remaining_time":0.9601963178},
{"learn":[79449.58996],"iteration":526,"passed_time":1.067252452,"remaining_time":0.9578945155},
{"learn":[79425.93025],"iteration":527,"passed_time":1.069027805,"remaining_time":0.9556460677},
{"learn":[79397.6927],"iteration":528,"passed_time":1.070697818,"remaining_time":0.9533056186},
{"learn":[79387.72541],"iteration":529,"passed_time":1.072567176,"remaining_time":0.9511444771},
{"learn":[79373.66105],"iteration":530,"passed_time":1.074625212,"remaining_time":0.9491510819},
{"learn":[79363.11775],"iteration":531,"passed_time":1.076842716,"remaining_time":0.9472977273},
{"learn":[79342.1432],"iteration":532,"passed_time":1.078943421,"remaining_time":0.9453406706},
{"learn":[79338.78377],"iteration":533,"passed_time":1.081322517,"remaining_time":0.9436260165},
{"learn":[79322.14859],"iteration":534,"passed_time":1.083260671,"remaining_time":0.9415256297},
{"learn":[79295.43495],"iteration":535,"passed_time":1.085513676,"remaining_time":0.9396984063},
{"learn":[79258.95117],"iteration":536,"passed_time":1.087511834,"remaining_time":0.9376498678},
{"learn":[79241.35977],"iteration":537,"passed_time":1.090176113,"remaining_time":0.9361735394},
{"learn":[79219.0041],"iteration":538,"passed_time":1.092214189,"remaining_time":0.9341572195},
{"learn":[79204.33029],"iteration":539,"passed_time":1.094051713,"remaining_time":0.9319699773},
{"learn":[79189.47329],"iteration":540,"passed_time":1.095916821,"remaining_time":0.9298074319},
{"learn":[79168.6752],"iteration":541,"passed_time":1.097634128,"remaining_time":0.92752109},
{"learn":[79120.67841],"iteration":542,"passed_time":1.099422232,"remaining_time":0.9252964273},
{"learn":[79102.7149],"iteration":543,"passed_time":1.101302508,"remaining_time":0.9231506313},
{"learn":[79094.88327],"iteration":544,"passed_time":1.103859656,"remaining_time":0.9215709052},
{"learn":[79071.66313],"iteration":545,"passed_time":1.105777558,"remaining_time":0.9194560651},
{"learn":[79041.80358],"iteration":546,"passed_time":1.107701045,"remaining_time":0.9173465692},
{"learn":[79032.49945],"iteration":547,"passed_time":1.109981052,"remaining_time":0.9155318166},
{"learn":[79031.10465],"iteration":548,"passed_time":1.113475379,"remaining_time":0.9147129255},
{"learn":[79014.13004],"iteration":549,"passed_time":1.118647221,"remaining_time":0.9152568169},
{"learn":[78999.48138],"iteration":550,"passed_time":1.122557906,"remaining_time":0.9147522679},
{"learn":[78997.86645],"iteration":551,"passed_time":1.12479391,"remaining_time":0.9128762169},
{"learn":[78984.75178],"iteration":552,"passed_time":1.128549836,"remaining_time":0.9122274443},
{"learn":[78958.70287],"iteration":553,"passed_time":1.131331164,"remaining_time":0.9107828503},
{"learn":[78940.9297],"iteration":554,"passed_time":1.133578419,"remaining_time":0.9089052188},
{"learn":[78935.35355],"iteration":555,"passed_time":1.136734394,"remaining_time":0.9077519257},
{"learn":[78928.8517],"iteration":556,"passed_time":1.138795221,"remaining_time":0.9057204363},
{"learn":[78906.92604],"iteration":557,"passed_time":1.140769127,"remaining_time":0.9036199897},
{"learn":[78892.37651],"iteration":558,"passed_time":1.142791786,"remaining_time":0.9015584574},
{"learn":[78863.81734],"iteration":559,"passed_time":1.14532735,"remaining_time":0.8999000604},
{"learn":[78862.33281],"iteration":560,"passed_time":1.14767261,"remaining_time":0.8980896186},
{"learn":[78862.2344],"iteration":561,"passed_time":1.14931233,"remaining_time":0.8957274035},
{"learn":[78853.64261],"iteration":562,"passed_time":1.151244526,"remaining_time":0.893594774},
{"learn":[78844.62083],"iteration":563,"passed_time":1.15442496,"remaining_time":0.892427806},
{"learn":[78819.94335],"iteration":564,"passed_time":1.156690383,"remaining_time":0.8905492329},
{"learn":[78817.91868],"iteration":565,"passed_time":1.158350312,"remaining_time":0.8882050099},
{"learn":[78814.51999],"iteration":566,"passed_time":1.16031776,"remaining_time":0.8860980422},
{"learn":[78790.49726],"iteration":567,"passed_time":1.162199619,"remaining_time":0.8839264706},
{"learn":[78790.23527],"iteration":568,"passed_time":1.163842089,"remaining_time":0.8815745875},
{"learn":[78789.9291],"iteration":569,"passed_time":1.165423472,"remaining_time":0.8791791106},
{"learn":[78771.1645],"iteration":570,"passed_time":1.16708286,"remaining_time":0.8768450909},
{"learn":[78766.17095],"iteration":571,"passed_time":1.168623991,"remaining_time":0.8744249442},
{"learn":[78752.64472],"iteration":572,"passed_time":1.170721696,"remaining_time":0.8724226249},
{"learn":[78745.72397],"iteration":573,"passed_time":1.172758814,"remaining_time":0.8703750081},
{"learn":[78745.35092],"iteration":574,"passed_time":1.174851227,"remaining_time":0.8683682979},
{"learn":[78722.06686],"iteration":575,"passed_time":1.176993809,"remaining_time":0.8663982206},
{"learn":[78720.69936],"iteration":576,"passed_time":1.178870459,"remaining_time":0.8642325899},
{"learn":[78707.91218],"iteration":577,"passed_time":1.181022209,"remaining_time":0.8622688101},
{"learn":[78697.63211],"iteration":578,"passed_time":1.183046368,"remaining_time":0.8602116079},
{"learn":[78686.12419],"iteration":579,"passed_time":1.185126614,"remaining_time":0.858195134},
{"learn":[78678.39212],"iteration":580,"passed_time":1.187621091,"remaining_time":0.8564771726},
{"learn":[78651.58442],"iteration":581,"passed_time":1.18966846,"remaining_time":0.8544354232},
{"learn":[78638.51757],"iteration":582,"passed_time":1.191527109,"remaining_time":0.85225867},
{"learn":[78612.98719],"iteration":583,"passed_time":1.193651941,"remaining_time":0.8502726153},
{"learn":[78598.89621],"iteration":584,"passed_time":1.195554176,"remaining_time":0.8481281761},
{"learn":[78581.22982],"iteration":585,"passed_time":1.197413367,"remaining_time":0.8459541535},
{"learn":[78558.81451],"iteration":586,"passed_time":1.199237931,"remaining_time":0.8437568408},
{"learn":[78550.83491],"iteration":587,"passed_time":1.201124707,"remaining_time":0.8416043865},
{"learn":[78532.8849],"iteration":588,"passed_time":1.202872475,"remaining_time":0.8393558356},
{"learn":[78526.74529],"iteration":589,"passed_time":1.204665704,"remaining_time":0.8371405738},
{"learn":[78500.11261],"iteration":590,"passed_time":1.206620734,"remaining_time":0.8350387142},
{"learn":[78482.06419],"iteration":591,"passed_time":1.208825653,"remaining_time":0.8331095718},
{"learn":[78467.4359],"iteration":592,"passed_time":1.210793559,"remaining_time":0.831016827},
{"learn":[78456.26428],"iteration":593,"passed_time":1.213009354,"remaining_time":0.8290939354},
{"learn":[78445.01324],"iteration":594,"passed_time":1.215044138,"remaining_time":0.8270468505},
{"learn":[78423.92044],"iteration":595,"passed_time":1.21708784,"remaining_time":0.8250058513},
{"learn":[78398.87502],"iteration":596,"passed_time":1.219255549,"remaining_time":0.8230485532},
{"learn":[78392.84631],"iteration":597,"passed_time":1.221157076,"remaining_time":0.8209116129},
{"learn":[78381.34493],"iteration":598,"passed_time":1.223108189,"remaining_time":0.818808654},
{"learn":[78380.07619],"iteration":599,"passed_time":1.224803412,"remaining_time":0.816535608},
{"learn":[78358.71321],"iteration":600,"passed_time":1.226541013,"remaining_time":0.8142926191},
{"learn":[78349.12969],"iteration":601,"passed_time":1.228275155,"remaining_time":0.8120490226},
{"learn":[78323.30948],"iteration":602,"passed_time":1.229950335,"remaining_time":0.809768297},
{"learn":[78308.10539],"iteration":603,"passed_time":1.231756065,"remaining_time":0.8075751683},
{"learn":[78295.1128],"iteration":604,"passed_time":1.233381284,"remaining_time":0.8052654664},
{"learn":[78276.55986],"iteration":605,"passed_time":1.235251601,"remaining_time":0.8031173773},
{"learn":[78253.66759],"iteration":606,"passed_time":1.237069831,"remaining_time":0.8009364804},
{"learn":[78229.58987],"iteration":607,"passed_time":1.238985734,"remaining_time":0.7988197493},
{"learn":[78210.5933],"iteration":608,"passed_time":1.24115961,"remaining_time":0.796869306},
{"learn":[78204.60678],"iteration":609,"passed_time":1.243108931,"remaining_time":0.7947745624},
{"learn":[78187.1023],"iteration":610,"passed_time":1.245199302,"remaining_time":0.7927700957},
{"learn":[78182.73562],"iteration":611,"passed_time":1.246980072,"remaining_time":0.7905690651},
{"learn":[78172.78726],"iteration":612,"passed_time":1.2489121,"remaining_time":0.7884648986},
{"learn":[78158.78863],"iteration":613,"passed_time":1.251577213,"remaining_time":0.7868221568},
{"learn":[78152.67204],"iteration":614,"passed_time":1.253541869,"remaining_time":0.7847375925},
{"learn":[78138.39851],"iteration":615,"passed_time":1.255434145,"remaining_time":0.7826082981},
{"learn":[78132.31396],"iteration":616,"passed_time":1.257172829,"remaining_time":0.7803844303},
{"learn":[78120.98087],"iteration":617,"passed_time":1.259099899,"remaining_time":0.7782785783},
{"learn":[78103.1776],"iteration":618,"passed_time":1.260765704,"remaining_time":0.7760124929},
{"learn":[78079.70716],"iteration":619,"passed_time":1.262536015,"remaining_time":0.7738123961},
{"learn":[78065.94164],"iteration":620,"passed_time":1.264286908,"remaining_time":0.7716018326},
{"learn":[78065.43752],"iteration":621,"passed_time":1.266008757,"remaining_time":0.769375097},
{"learn":[78061.84855],"iteration":622,"passed_time":1.267670187,"remaining_time":0.7671134198},
{"learn":[78058.09558],"iteration":623,"passed_time":1.269451582,"remaining_time":0.7649259532},
{"learn":[78043.84143],"iteration":624,"passed_time":1.271494159,"remaining_time":0.7628964951},
{"learn":[78031.77489],"iteration":625,"passed_time":1.273682952,"remaining_time":0.7609543515},
{"learn":[78020.57923],"iteration":626,"passed_time":1.276290395,"remaining_time":0.7592604741},
{"learn":[77994.19994],"iteration":627,"passed_time":1.278412559,"remaining_time":0.7572762294},
{"learn":[77992.4554],"iteration":628,"passed_time":1.280613312,"remaining_time":0.7553378994},
{"learn":[77980.20606],"iteration":629,"passed_time":1.282487837,"remaining_time":0.7532071424},
{"learn":[77969.67256],"iteration":630,"passed_time":1.284695382,"remaining_time":0.7512719427},
{"learn":[77963.15314],"iteration":631,"passed_time":1.286514904,"remaining_time":0.7491099439},
{"learn":[77958.1006],"iteration":632,"passed_time":1.288196376,"remaining_time":0.746868989},
{"learn":[77944.67818],"iteration":633,"passed_time":1.290247495,"remaining_time":0.7448431911},
{"learn":[77930.57535],"iteration":634,"passed_time":1.292097894,"remaining_time":0.742701939},
{"learn":[77912.34204],"iteration":635,"passed_time":1.293969919,"remaining_time":0.7405739788},
{"learn":[77908.42643],"iteration":636,"passed_time":1.29565935,"remaining_time":0.7383427694},
{"learn":[77906.1577],"iteration":637,"passed_time":1.297413618,"remaining_time":0.7361500468},
{"learn":[77892.3982],"iteration":638,"passed_time":1.299411443,"remaining_time":0.7340962922},
{"learn":[77876.16351],"iteration":639,"passed_time":1.301256216,"remaining_time":0.7319566215},
{"learn":[77868.55226],"iteration":640,"passed_time":1.302964523,"remaining_time":0.7297414413},
{"learn":[77864.06705],"iteration":641,"passed_time":1.304887385,"remaining_time":0.7276474824},
{"learn":[77851.64052],"iteration":642,"passed_time":1.306857457,"remaining_time":0.7255802678},
{"learn":[77843.70266],"iteration":643,"passed_time":1.308962871,"remaining_time":0.7235881708},
{"learn":[77830.39705],"iteration":644,"passed_time":1.310951986,"remaining_time":0.7215317133},
{"learn":[77813.28233],"iteration":645,"passed_time":1.312998313,"remaining_time":0.7195068154},
{"learn":[77788.87103],"iteration":646,"passed_time":1.315208441,"remaining_time":0.7175712205},
{"learn":[77779.54566],"iteration":647,"passed_time":1.317052423,"remaining_time":0.715435884},
{"learn":[77774.53412],"iteration":648,"passed_time":1.318946908,"remaining_time":0.7133287589},
{"learn":[77741.93325],"iteration":649,"passed_time":1.32072076,"remaining_time":0.7111573325},
{"learn":[77725.90777],"iteration":650,"passed_time":1.322561492,"remaining_time":0.7090229811},
{"learn":[77706.42193],"iteration":651,"passed_time":1.324444893,"remaining_time":0.7069123047},
{"learn":[77690.27839],"iteration":652,"passed_time":1.326096447,"remaining_time":0.7046791225},
{"learn":[77684.44481],"iteration":653,"passed_time":1.327692373,"remaining_time":0.7024182888},
{"learn":[77656.19983],"iteration":654,"passed_time":1.329510144,"remaining_time":0.7002763356},
{"learn":[77635.70261],"iteration":655,"passed_time":1.331302832,"remaining_time":0.6981222166},
{"learn":[77624.37294],"iteration":656,"passed_time":1.333072976,"remaining_time":0.6959574288},
{"learn":[77611.37714],"iteration":657,"passed_time":1.334917416,"remaining_time":0.6938324564},
{"learn":[77595.10087],"iteration":658,"passed_time":1.336819901,"remaining_time":0.6917383708},
{"learn":[77590.16295],"iteration":659,"passed_time":1.338878521,"remaining_time":0.6897252985},
{"learn":[77571.49565],"iteration":660,"passed_time":1.341072648,"remaining_time":0.6877815848},
{"learn":[77550.35768],"iteration":661,"passed_time":1.342913171,"remaining_time":0.6856565737},
{"learn":[77534.13944],"iteration":662,"passed_time":1.344923662,"remaining_time":0.6836188148},
{"learn":[77521.99021],"iteration":663,"passed_time":1.346847899,"remaining_time":0.681537491},
{"learn":[77509.71512],"iteration":664,"passed_time":1.349273998,"remaining_time":0.6797094575},
{"learn":[77496.68078],"iteration":665,"passed_time":1.351181858,"remaining_time":0.6776197307},
{"learn":[77480.65059],"iteration":666,"passed_time":1.352925626,"remaining_time":0.6754486258},
{"learn":[77464.72804],"iteration":667,"passed_time":1.35480861,"remaining_time":0.6733479918},
{"learn":[77451.3178],"iteration":668,"passed_time":1.356509417,"remaining_time":0.6711578729},
{"learn":[77436.43723],"iteration":669,"passed_time":1.358168513,"remaining_time":0.6689486706},
{"learn":[77412.9026],"iteration":670,"passed_time":1.359944658,"remaining_time":0.6667984983},
{"learn":[77402.18685],"iteration":671,"passed_time":1.361687759,"remaining_time":0.6646333107},
{"learn":[77390.34511],"iteration":672,"passed_time":1.363411275,"remaining_time":0.6624598617},
{"learn":[77367.94308],"iteration":673,"passed_time":1.365298176,"remaining_time":0.6603667736},
{"learn":[77361.17711],"iteration":674,"passed_time":1.367194786,"remaining_time":0.658278971},
{"learn":[77332.44184],"iteration":675,"passed_time":1.36953263,"remaining_time":0.656403213},
{"learn":[77318.76567],"iteration":676,"passed_time":1.37181947,"remaining_time":0.6545017562},
{"learn":[77315.78904],"iteration":677,"passed_time":1.37374029,"remaining_time":0.6524253295},
{"learn":[77311.37915],"iteration":678,"passed_time":1.375594523,"remaining_time":0.6503178818},
{"learn":[77292.734],"iteration":679,"passed_time":1.377297663,"remaining_time":0.6481400766},
{"learn":[77281.29598],"iteration":680,"passed_time":1.379343656,"remaining_time":0.6461242678},
{"learn":[77255.10747],"iteration":681,"passed_time":1.381288686,"remaining_time":0.6440612933},
{"learn":[77243.1042],"iteration":682,"passed_time":1.383071122,"remaining_time":0.6419232002},
{"learn":[77238.42254],"iteration":683,"passed_time":1.385187203,"remaining_time":0.6399402869},
{"learn":[77219.9406],"iteration":684,"passed_time":1.386908386,"remaining_time":0.6377753893},
{"learn":[77209.00564],"iteration":685,"passed_time":1.388858708,"remaining_time":0.6357166679},
{"learn":[77195.84315],"iteration":686,"passed_time":1.390757568,"remaining_time":0.6336348161},
{"learn":[77184.06375],"iteration":687,"passed_time":1.392698513,"remaining_time":0.6315725816},
{"learn":[77169.30971],"iteration":688,"passed_time":1.394539037,"remaining_time":0.6294653707},
{"learn":[77152.12656],"iteration":689,"passed_time":1.396213967,"remaining_time":0.6272845359},
{"learn":[77145.55133],"iteration":690,"passed_time":1.397879438,"remaining_time":0.6251009356},
{"learn":[77130.38675],"iteration":691,"passed_time":1.399656333,"remaining_time":0.6229684257},
{"learn":[77111.79897],"iteration":692,"passed_time":1.401761122,"remaining_time":0.6209821997},
{"learn":[77086.73349],"iteration":693,"passed_time":1.40406463,"remaining_time":0.6190832519},
{"learn":[77076.12874],"iteration":694,"passed_time":1.406292551,"remaining_time":0.6171499684},
{"learn":[77065.85543],"iteration":695,"passed_time":1.408304959,"remaining_time":0.6151217063},
{"learn":[77045.61661],"iteration":696,"passed_time":1.410265614,"remaining_time":0.6130709916},
{"learn":[77032.86495],"iteration":697,"passed_time":1.412623209,"remaining_time":0.6111922768},
{"learn":[77024.1835],"iteration":698,"passed_time":1.414946719,"remaining_time":0.6092975141},
{"learn":[77001.76565],"iteration":699,"passed_time":1.416940751,"remaining_time":0.6072603219},
{"learn":[76978.77881],"iteration":700,"passed_time":1.418749106,"remaining_time":0.6051440551},
{"learn":[76962.97941],"iteration":701,"passed_time":1.420734888,"remaining_time":0.6031039836},
{"learn":[76952.06801],"iteration":702,"passed_time":1.42244832,"remaining_time":0.6009490058},
{"learn":[76938.21908],"iteration":703,"passed_time":1.424119792,"remaining_time":0.5987776398},
{"learn":[76916.14313],"iteration":704,"passed_time":1.425822141,"remaining_time":0.596620612},
{"learn":[76895.33092],"iteration":705,"passed_time":1.427718042,"remaining_time":0.5945454736},
{"learn":[76879.80067],"iteration":706,"passed_time":1.429633486,"remaining_time":0.5924789413},
{"learn":[76867.82316],"iteration":707,"passed_time":1.431457009,"remaining_time":0.5903749245},
{"learn":[76849.7808],"iteration":708,"passed_time":1.433230445,"remaining_time":0.5882511416},
{"learn":[76827.25724],"iteration":709,"passed_time":1.435261771,"remaining_time":0.586233681},
{"learn":[76808.52298],"iteration":710,"passed_time":1.437960552,"remaining_time":0.5844874818},
{"learn":[76792.64738],"iteration":711,"passed_time":1.439788033,"remaining_time":0.5823861706},
{"learn":[76778.07877],"iteration":712,"passed_time":1.441653641,"remaining_time":0.5803009747},
{"learn":[76764.25624],"iteration":713,"passed_time":1.443749846,"remaining_time":0.5783087618},
{"learn":[76754.17225],"iteration":714,"passed_time":1.445541991,"remaining_time":0.5761950595},
{"learn":[76733.47398],"iteration":715,"passed_time":1.447872126,"remaining_time":0.5742956478},
{"learn":[76720.89847],"iteration":716,"passed_time":1.45003821,"remaining_time":0.5723302838},
{"learn":[76705.71882],"iteration":717,"passed_time":1.452021867,"remaining_time":0.5702927109},
{"learn":[76697.44328],"iteration":718,"passed_time":1.4537503,"remaining_time":0.5681555415},
{"learn":[76683.07506],"iteration":719,"passed_time":1.455466358,"remaining_time":0.5660146947},
{"learn":[76652.61527],"iteration":720,"passed_time":1.457277463,"remaining_time":0.563911806},
{"learn":[76642.53494],"iteration":721,"passed_time":1.459028356,"remaining_time":0.5617865415},
{"learn":[76631.92466],"iteration":722,"passed_time":1.461061682,"remaining_time":0.5597705199},
{"learn":[76605.3272],"iteration":723,"passed_time":1.462953542,"remaining_time":0.5577005214},
{"learn":[76590.91016],"iteration":724,"passed_time":1.464842609,"remaining_time":0.5556299553},
{"learn":[76569.11603],"iteration":725,"passed_time":1.46686056,"remaining_time":0.5536085308},
{"learn":[76552.64605],"iteration":726,"passed_time":1.468904303,"remaining_time":0.5515968015},
{"learn":[76539.95771],"iteration":727,"passed_time":1.470949588,"remaining_time":0.5495855604},
{"learn":[76529.15019],"iteration":728,"passed_time":1.473003207,"remaining_time":0.5475773239},
{"learn":[76524.25373],"iteration":729,"passed_time":1.474949903,"remaining_time":0.5455294163},
{"learn":[76524.15634],"iteration":730,"passed_time":1.476829137,"remaining_time":0.5434569602},
{"learn":[76509.31742],"iteration":731,"passed_time":1.478851921,"remaining_time":0.5414375885},
{"learn":[76502.00538],"iteration":732,"passed_time":1.480935375,"remaining_time":0.5394403071},
{"learn":[76486.83276],"iteration":733,"passed_time":1.482760606,"remaining_time":0.5373492113},
{"learn":[76478.86747],"iteration":734,"passed_time":1.484490123,"remaining_time":0.5352243299},
{"learn":[76462.87874],"iteration":735,"passed_time":1.486258017,"remaining_time":0.5331142886},
{"learn":[76449.67148],"iteration":736,"passed_time":1.488051287,"remaining_time":0.5310142314},
{"learn":[76439.78253],"iteration":737,"passed_time":1.489834599,"remaining_time":0.5289114701},
{"learn":[76425.85455],"iteration":738,"passed_time":1.492217195,"remaining_time":0.5270212286},
{"learn":[76424.84451],"iteration":739,"passed_time":1.493858415,"remaining_time":0.5248691729},
{"learn":[76422.87035],"iteration":740,"passed_time":1.495422839,"remaining_time":0.5226916537},
{"learn":[76417.80281],"iteration":741,"passed_time":1.497163732,"remaining_time":0.5205771466},
{"learn":[76387.54085],"iteration":742,"passed_time":1.498983462,"remaining_time":0.5184909149},
{"learn":[76363.48513],"iteration":743,"passed_time":1.501101668,"remaining_time":0.5165081009},
{"learn":[76350.64711],"iteration":744,"passed_time":1.503153537,"remaining_time":0.5145022174},
{"learn":[76332.75365],"iteration":745,"passed_time":1.505160653,"remaining_time":0.5124809731},
{"learn":[76322.57299],"iteration":746,"passed_time":1.507148269,"remaining_time":0.5104531619},
{"learn":[76314.87946],"iteration":747,"passed_time":1.509164052,"remaining_time":0.508434948},
{"learn":[76299.95438],"iteration":748,"passed_time":1.511439517,"remaining_time":0.5065037634},
{"learn":[76262.37575],"iteration":749,"passed_time":1.513605893,"remaining_time":0.5045352975},
{"learn":[76243.36948],"iteration":750,"passed_time":1.515470792,"remaining_time":0.5024663479},
{"learn":[76225.17403],"iteration":751,"passed_time":1.51738007,"remaining_time":0.5004125761},
{"learn":[76211.23847],"iteration":752,"passed_time":1.519580947,"remaining_time":0.4984548392},
{"learn":[76203.13886],"iteration":753,"passed_time":1.521302755,"remaining_time":0.4963401562},
{"learn":[76189.61839],"iteration":754,"passed_time":1.52288668,"remaining_time":0.4941817704},
{"learn":[76189.53174],"iteration":755,"passed_time":1.52454661,"remaining_time":0.4920494349},
{"learn":[76169.73083],"iteration":756,"passed_time":1.526470471,"remaining_time":0.4900030707},
{"learn":[76158.03612],"iteration":757,"passed_time":1.528264783,"remaining_time":0.4879156697},
{"learn":[76144.50681],"iteration":758,"passed_time":1.529989633,"remaining_time":0.485806985},
{"learn":[76139.5249],"iteration":759,"passed_time":1.531714858,"remaining_time":0.4836994289},
{"learn":[76109.78048],"iteration":760,"passed_time":1.533848357,"remaining_time":0.4817211003},
{"learn":[76090.44168],"iteration":761,"passed_time":1.535988981,"remaining_time":0.4797445898},
{"learn":[76079.57357],"iteration":762,"passed_time":1.537889633,"remaining_time":0.47769311},
{"learn":[76064.0572],"iteration":763,"passed_time":1.539815661,"remaining_time":0.4756498639},
{"learn":[76052.74369],"iteration":764,"passed_time":1.541941284,"remaining_time":0.4736682376},
{"learn":[76045.58121],"iteration":765,"passed_time":1.543942275,"remaining_time":0.4716481623},
{"learn":[76045.55243],"iteration":766,"passed_time":1.546341414,"remaining_time":0.4697490867},
{"learn":[76029.6512],"iteration":767,"passed_time":1.548262317,"remaining_time":0.4677042416},
{"learn":[76016.92388],"iteration":768,"passed_time":1.550017377,"remaining_time":0.4656099013},
{"learn":[76007.89788],"iteration":769,"passed_time":1.551870984,"remaining_time":0.4635458784},
{"learn":[75997.41504],"iteration":770,"passed_time":1.553662921,"remaining_time":0.4614640843},
{"learn":[75982.12813],"iteration":771,"passed_time":1.555452483,"remaining_time":0.4593823397},
{"learn":[75974.23392],"iteration":772,"passed_time":1.557245254,"remaining_time":0.4573022932},
{"learn":[75967.92114],"iteration":773,"passed_time":1.558978854,"remaining_time":0.455205712},
{"learn":[75955.12264],"iteration":774,"passed_time":1.560723039,"remaining_time":0.4531131403},
{"learn":[75942.73231],"iteration":775,"passed_time":1.56247689,"remaining_time":0.451024257},
{"learn":[75939.2676],"iteration":776,"passed_time":1.564297413,"remaining_time":0.4489553707},
{"learn":[75930.72703],"iteration":777,"passed_time":1.566400368,"remaining_time":0.4469677142},
{"learn":[75906.84519],"iteration":778,"passed_time":1.568704585,"remaining_time":0.445036859},
{"learn":[75900.31335],"iteration":779,"passed_time":1.570758912,"remaining_time":0.4430345649},
{"learn":[75888.427],"iteration":780,"passed_time":1.572610852,"remaining_time":0.4409753863},
{"learn":[75862.83639],"iteration":781,"passed_time":1.574489003,"remaining_time":0.4389240443},
{"learn":[75847.81898],"iteration":782,"passed_time":1.576378904,"remaining_time":0.4368764013},
{"learn":[75837.75778],"iteration":783,"passed_time":1.578403938,"remaining_time":0.4348663911},
{"learn":[75824.09689],"iteration":784,"passed_time":1.580322799,"remaining_time":0.4328272635},
{"learn":[75814.23209],"iteration":785,"passed_time":1.582159281,"remaining_time":0.4307660128},
{"learn":[75797.93091],"iteration":786,"passed_time":1.583975302,"remaining_time":0.428699796},
{"learn":[75788.24892],"iteration":787,"passed_time":1.585701903,"remaining_time":0.4266101565},
{"learn":[75784.20748],"iteration":788,"passed_time":1.587380041,"remaining_time":0.4245084775},
{"learn":[75766.02617],"iteration":789,"passed_time":1.589141268,"remaining_time":0.4224299574},
{"learn":[75751.52157],"iteration":790,"passed_time":1.590884786,"remaining_time":0.4203475604},
{"learn":[75736.58995],"iteration":791,"passed_time":1.592551049,"remaining_time":0.4182457301},
{"learn":[75726.09936],"iteration":792,"passed_time":1.594329986,"remaining_time":0.4161744099},
{"learn":[75722.54954],"iteration":793,"passed_time":1.596159383,"remaining_time":0.4141169181},
{"learn":[75707.25042],"iteration":794,"passed_time":1.598116288,"remaining_time":0.4120928794},
{"learn":[75696.4044],"iteration":795,"passed_time":1.600289206,"remaining_time":0.4101243694},
{"learn":[75686.76023],"iteration":796,"passed_time":1.602245611,"remaining_time":0.4081001995},
{"learn":[75686.70604],"iteration":797,"passed_time":1.604212433,"remaining_time":0.4060788365},
{"learn":[75679.53076],"iteration":798,"passed_time":1.606068624,"remaining_time":0.404029779},
{"learn":[75668.07102],"iteration":799,"passed_time":1.608058739,"remaining_time":0.4020146848},
{"learn":[75646.52732],"iteration":800,"passed_time":1.610419959,"remaining_time":0.4000918501},
{"learn":[75636.15203],"iteration":801,"passed_time":1.612628046,"remaining_time":0.398130116},
{"learn":[75625.95179],"iteration":802,"passed_time":1.614556907,"remaining_time":0.3960992662},
{"learn":[75612.39038],"iteration":803,"passed_time":1.616397847,"remaining_time":0.3940472364},
{"learn":[75597.38849],"iteration":804,"passed_time":1.618296457,"remaining_time":0.3920097009},
{"learn":[75588.13798],"iteration":805,"passed_time":1.620341701,"remaining_time":0.3900078039},
{"learn":[75574.51755],"iteration":806,"passed_time":1.62231369,"remaining_time":0.3879882803},
{"learn":[75562.99519],"iteration":807,"passed_time":1.624429354,"remaining_time":0.3860030149},
{"learn":[75546.95146],"iteration":808,"passed_time":1.626216333,"remaining_time":0.3839398264},
{"learn":[75534.61873],"iteration":809,"passed_time":1.628093692,"remaining_time":0.3818985203},
{"learn":[75521.6237],"iteration":810,"passed_time":1.629915547,"remaining_time":0.3798446836},
{"learn":[75513.05881],"iteration":811,"passed_time":1.632010127,"remaining_time":0.3778545614},
{"learn":[75508.59486],"iteration":812,"passed_time":1.634124916,"remaining_time":0.3758688306},
{"learn":[75508.57807],"iteration":813,"passed_time":1.63592027,"remaining_time":0.3738097914},
{"learn":[75489.59422],"iteration":814,"passed_time":1.637999515,"remaining_time":0.3718158409},
{"learn":[75480.2939],"iteration":815,"passed_time":1.640119305,"remaining_time":0.3698308237},
{"learn":[75462.63505],"iteration":816,"passed_time":1.642182299,"remaining_time":0.367832755},
{"learn":[75449.08728],"iteration":817,"passed_time":1.644506351,"remaining_time":0.365892611},
{"learn":[75423.84164],"iteration":818,"passed_time":1.646617348,"remaining_time":0.3639044444},
{"learn":[75410.93243],"iteration":819,"passed_time":1.64889198,"remaining_time":0.361951898},
{"learn":[75393.35847],"iteration":820,"passed_time":1.650659124,"remaining_time":0.359887921},
{"learn":[75389.22019],"iteration":821,"passed_time":1.652362389,"remaining_time":0.3578108337},
{"learn":[75372.98949],"iteration":822,"passed_time":1.65407453,"remaining_time":0.3557365636},
{"learn":[75358.78811],"iteration":823,"passed_time":1.655979224,"remaining_time":0.3537043002},
{"learn":[75345.93921],"iteration":824,"passed_time":1.657667655,"remaining_time":0.3516264722},
{"learn":[75345.88827],"iteration":825,"passed_time":1.659270414,"remaining_time":0.3495315401},
{"learn":[75336.98123],"iteration":826,"passed_time":1.661170524,"remaining_time":0.3475000009},
{"learn":[75317.02462],"iteration":827,"passed_time":1.663480492,"remaining_time":0.3455539185},
{"learn":[75308.17032],"iteration":828,"passed_time":1.665518151,"remaining_time":0.3435507888},
{"learn":[75308.12515],"iteration":829,"passed_time":1.667349716,"remaining_time":0.3415053635},
{"learn":[75293.52647],"iteration":830,"passed_time":1.669414627,"remaining_time":0.3395079085},
{"learn":[75276.28331],"iteration":831,"passed_time":1.671253942,"remaining_time":0.3374647383},
{"learn":[75265.3205],"iteration":832,"passed_time":1.673161136,"remaining_time":0.3354356659},
{"learn":[75251.98504],"iteration":833,"passed_time":1.675145959,"remaining_time":0.3334223372},
{"learn":[75243.33703],"iteration":834,"passed_time":1.677352754,"remaining_time":0.3314529393},
{"learn":[75226.70079],"iteration":835,"passed_time":1.678987223,"remaining_time":0.3293706993},
{"learn":[75215.41631],"iteration":836,"passed_time":1.680906668,"remaining_time":0.3273450261},
{"learn":[75211.55683],"iteration":837,"passed_time":1.68295262,"remaining_time":0.3253440625},
{"learn":[75208.87392],"iteration":838,"passed_time":1.684608549,"remaining_time":0.3232681482},
{"learn":[75196.19178],"iteration":839,"passed_time":1.686425863,"remaining_time":0.3212239738},
{"learn":[75184.32317],"iteration":840,"passed_time":1.688090834,"remaining_time":0.319151537},
{"learn":[75174.52083],"iteration":841,"passed_time":1.689820059,"remaining_time":0.3170921251},
{"learn":[75160.05189],"iteration":842,"passed_time":1.691543742,"remaining_time":0.3150324645},
{"learn":[75154.71866],"iteration":843,"passed_time":1.693479563,"remaining_time":0.3130128102},
{"learn":[75141.19223],"iteration":844,"passed_time":1.695494805,"remaining_time":0.3110079227},
{"learn":[75131.1979],"iteration":845,"passed_time":1.697804563,"remaining_time":0.3090566226},
{"learn":[75121.64667],"iteration":846,"passed_time":1.700004482,"remaining_time":0.307084635},
{"learn":[75109.11846],"iteration":847,"passed_time":1.702133272,"remaining_time":0.3050993602},
{"learn":[75095.23709],"iteration":848,"passed_time":1.70395567,"remaining_time":0.3030592534},
{"learn":[75091.44886],"iteration":849,"passed_time":1.705919325,"remaining_time":0.3010445868},
{"learn":[75090.38273],"iteration":850,"passed_time":1.708308589,"remaining_time":0.299104559},
{"learn":[75080.12608],"iteration":851,"passed_time":1.710360416,"remaining_time":0.2971048609},
{"learn":[75068.6251],"iteration":852,"passed_time":1.712106767,"remaining_time":0.2950523971},
{"learn":[75058.4419],"iteration":853,"passed_time":1.713843534,"remaining_time":0.2929990117},
{"learn":[75049.10495],"iteration":854,"passed_time":1.715564759,"remaining_time":0.290943731},
{"learn":[75039.813],"iteration":855,"passed_time":1.717482495,"remaining_time":0.2889222889},
{"learn":[75024.54531],"iteration":856,"passed_time":1.719305767,"remaining_time":0.2868853264},
{"learn":[75010.06612],"iteration":857,"passed_time":1.721230462,"remaining_time":0.2848656476},
{"learn":[75008.22242],"iteration":858,"passed_time":1.723090028,"remaining_time":0.2828354994},
{"learn":[74996.07387],"iteration":859,"passed_time":1.724895674,"remaining_time":0.2807969703},
{"learn":[74980.96473],"iteration":860,"passed_time":1.726606565,"remaining_time":0.2787436847},
{"learn":[74977.33553],"iteration":861,"passed_time":1.728514509,"remaining_time":0.2767227404},
{"learn":[74967.88882],"iteration":862,"passed_time":1.73053721,"remaining_time":0.2747202755},
{"learn":[74967.84989],"iteration":863,"passed_time":1.732554118,"remaining_time":0.2727168519},
{"learn":[74953.87414],"iteration":864,"passed_time":1.734560818,"remaining_time":0.2707118039},
{"learn":[74936.47733],"iteration":865,"passed_time":1.736510514,"remaining_time":0.2686979317},
{"learn":[74927.92234],"iteration":866,"passed_time":1.738485128,"remaining_time":0.2666880301},
{"learn":[74912.12076],"iteration":867,"passed_time":1.74047216,"remaining_time":0.2646800981},
{"learn":[74910.70196],"iteration":868,"passed_time":1.742700748,"remaining_time":0.2627086282},
{"learn":[74906.7348],"iteration":869,"passed_time":1.744445099,"remaining_time":0.2606642101},
{"learn":[74898.84231],"iteration":870,"passed_time":1.746486384,"remaining_time":0.2586644586},
{"learn":[74874.99768],"iteration":871,"passed_time":1.748285779,"remaining_time":0.2566291052},
{"learn":[74868.05152],"iteration":872,"passed_time":1.750046715,"remaining_time":0.2545886973},
{"learn":[74860.33755],"iteration":873,"passed_time":1.751965034,"remaining_time":0.2525716182},
{"learn":[74848.88889],"iteration":874,"passed_time":1.753953941,"remaining_time":0.2505648487},
{"learn":[74840.59783],"iteration":875,"passed_time":1.755874552,"remaining_time":0.2485484526},
{"learn":[74829.76461],"iteration":876,"passed_time":1.757788413,"remaining_time":0.2465313282},
{"learn":[74818.17628],"iteration":877,"passed_time":1.759474011,"remaining_time":0.2444827213},
{"learn":[74802.17062],"iteration":878,"passed_time":1.761426332,"remaining_time":0.2424716567},
{"learn":[74784.46071],"iteration":879,"passed_time":1.76356679,"remaining_time":0.2404863804},
{"learn":[74773.976],"iteration":880,"passed_time":1.76573429,"remaining_time":0.2385044047},
{"learn":[74755.11695],"iteration":881,"passed_time":1.76769182,"remaining_time":0.236493917},
{"learn":[74750.57737],"iteration":882,"passed_time":1.769746856,"remaining_time":0.234496469},
{"learn":[74741.18974],"iteration":883,"passed_time":1.77168926,"remaining_time":0.2324841111},
{"learn":[74722.1892],"iteration":884,"passed_time":1.773502157,"remaining_time":0.2304550825},
{"learn":[74711.1045],"iteration":885,"passed_time":1.775227215,"remaining_time":0.2284152399},
{"learn":[74695.01284],"iteration":886,"passed_time":1.776947106,"remaining_time":0.2263754487},
{"learn":[74694.98174],"iteration":887,"passed_time":1.778482404,"remaining_time":0.224313096},
{"learn":[74684.9932],"iteration":888,"passed_time":1.780530106,"remaining_time":0.2223159075},
{"learn":[74670.20444],"iteration":889,"passed_time":1.782399631,"remaining_time":0.2202965836},
{"learn":[74650.7163],"iteration":890,"passed_time":1.78407952,"remaining_time":0.2182543969},
{"learn":[74636.93279],"iteration":891,"passed_time":1.785852664,"remaining_time":0.2162243136},
{"learn":[74628.75453],"iteration":892,"passed_time":1.78768152,"remaining_time":0.2142014811},
{"learn":[74613.34275],"iteration":893,"passed_time":1.789582088,"remaining_time":0.2121875854},
{"learn":[74593.06939],"iteration":894,"passed_time":1.791622207,"remaining_time":0.2101903147},
{"learn":[74582.54001],"iteration":895,"passed_time":1.793618531,"remaining_time":0.2081878652},
{"learn":[74576.15346],"iteration":896,"passed_time":1.795781323,"remaining_time":0.2062045443},
{"learn":[74568.75876],"iteration":897,"passed_time":1.797801231,"remaining_time":0.2042045942},
{"learn":[74549.17902],"iteration":898,"passed_time":1.799797097,"remaining_time":0.2022018985},
{"learn":[74548.10025],"iteration":899,"passed_time":1.801391898,"remaining_time":0.2001546553},
{"learn":[74533.61249],"iteration":900,"passed_time":1.803489352,"remaining_time":0.1981636469},
{"learn":[74527.20189],"iteration":901,"passed_time":1.805586349,"remaining_time":0.1961723528},
{"learn":[74517.62379],"iteration":902,"passed_time":1.807809311,"remaining_time":0.1941943557},
{"learn":[74508.38806],"iteration":903,"passed_time":1.809653626,"remaining_time":0.1921756063},
{"learn":[74500.76888],"iteration":904,"passed_time":1.811600031,"remaining_time":0.190167959},
{"learn":[74489.57955],"iteration":905,"passed_time":1.813342132,"remaining_time":0.1881392499},
{"learn":[74486.47108],"iteration":906,"passed_time":1.815073023,"remaining_time":0.1861100234},
{"learn":[74470.06904],"iteration":907,"passed_time":1.817613421,"remaining_time":0.1841634743},
{"learn":[74461.83553],"iteration":908,"passed_time":1.819397649,"remaining_time":0.1821399187},
{"learn":[74447.08937],"iteration":909,"passed_time":1.821152292,"remaining_time":0.180113963},
{"learn":[74426.84169],"iteration":910,"passed_time":1.823032776,"remaining_time":0.1781008969},
{"learn":[74415.88822],"iteration":911,"passed_time":1.824768335,"remaining_time":0.1760741376},
{"learn":[74410.41903],"iteration":912,"passed_time":1.826668362,"remaining_time":0.1740636884},
{"learn":[74403.62162],"iteration":913,"passed_time":1.828663519,"remaining_time":0.1720624318},
{"learn":[74397.58553],"iteration":914,"passed_time":1.830980028,"remaining_time":0.1700910409},
{"learn":[74387.79029],"iteration":915,"passed_time":1.832916641,"remaining_time":0.1680840587},
{"learn":[74379.63594],"iteration":916,"passed_time":1.834798666,"remaining_time":0.1660722893},
{"learn":[74373.59957],"iteration":917,"passed_time":1.836692901,"remaining_time":0.1640618931},
{"learn":[74367.10284],"iteration":918,"passed_time":1.838831775,"remaining_time":0.162073312},
{"learn":[74354.66986],"iteration":919,"passed_time":1.840949814,"remaining_time":0.1600825925},
{"learn":[74345.76927],"iteration":920,"passed_time":1.842885218,"remaining_time":0.1580759308},
{"learn":[74331.83606],"iteration":921,"passed_time":1.844819705,"remaining_time":0.156069346},
{"learn":[74319.59391],"iteration":922,"passed_time":1.84674815,"remaining_time":0.1540624134},
{"learn":[74310.47278],"iteration":923,"passed_time":1.848355827,"remaining_time":0.1520292671},
{"learn":[74298.44263],"iteration":924,"passed_time":1.850118637,"remaining_time":0.1500096192},
{"learn":[74281.29907],"iteration":925,"passed_time":1.851927992,"remaining_time":0.1479942456},
{"learn":[74274.2628],"iteration":926,"passed_time":1.853610631,"remaining_time":0.1459693377},
{"learn":[74262.88852],"iteration":927,"passed_time":1.855286228,"remaining_time":0.1439446211},
{"learn":[74258.8718],"iteration":928,"passed_time":1.857664366,"remaining_time":0.1419743487},
{"learn":[74246.72697],"iteration":929,"passed_time":1.859864285,"remaining_time":0.1399897849},
{"learn":[74235.81403],"iteration":930,"passed_time":1.861904611,"remaining_time":0.1379929304},
{"learn":[74226.48642],"iteration":931,"passed_time":1.864125573,"remaining_time":0.136009162},
{"learn":[74216.71545],"iteration":932,"passed_time":1.866083229,"remaining_time":0.1340059768},
{"learn":[74207.82748],"iteration":933,"passed_time":1.867961379,"remaining_time":0.1319972709},
{"learn":[74197.23386],"iteration":934,"passed_time":1.869821112,"remaining_time":0.1299875639},
{"learn":[74187.27547],"iteration":935,"passed_time":1.872296213,"remaining_time":0.1280202539},
{"learn":[74175.05184],"iteration":936,"passed_time":1.874166113,"remaining_time":0.1260111688},
{"learn":[74168.05084],"iteration":937,"passed_time":1.875839252,"remaining_time":0.1239893749},
{"learn":[74158.93997],"iteration":938,"passed_time":1.877728945,"remaining_time":0.1219823915},
{"learn":[74148.17703],"iteration":939,"passed_time":1.879641347,"remaining_time":0.1199771073},
{"learn":[74136.95805],"iteration":940,"passed_time":1.881450827,"remaining_time":0.1179655673},
{"learn":[74133.81645],"iteration":941,"passed_time":1.883106673,"remaining_time":0.1159449969},
{"learn":[74125.96036],"iteration":942,"passed_time":1.884819106,"remaining_time":0.1139286204},
{"learn":[74101.05696],"iteration":943,"passed_time":1.886494786,"remaining_time":0.1119107076},
{"learn":[74090.74688],"iteration":944,"passed_time":1.888391729,"remaining_time":0.1099063969},
{"learn":[74076.86005],"iteration":945,"passed_time":1.890101203,"remaining_time":0.107891612},
{"learn":[74056.33726],"iteration":946,"passed_time":1.891902724,"remaining_time":0.1058826234},
{"learn":[74041.75156],"iteration":947,"passed_time":1.894044265,"remaining_time":0.1038927234},
{"learn":[74028.84273],"iteration":948,"passed_time":1.896141011,"remaining_time":0.1019000965},
{"learn":[74009.91734],"iteration":949,"passed_time":1.898248217,"remaining_time":0.09990780089},
{"learn":[73988.78412],"iteration":950,"passed_time":1.900187288,"remaining_time":0.09790660051},
{"learn":[73975.84],"iteration":951,"passed_time":1.902166236,"remaining_time":0.09590754129},
{"learn":[73969.87625],"iteration":952,"passed_time":1.904230605,"remaining_time":0.09391273708},
{"learn":[73955.09693],"iteration":953,"passed_time":1.906029293,"remaining_time":0.09190497637},
{"learn":[73940.2877],"iteration":954,"passed_time":1.907842481,"remaining_time":0.0898983368},
{"learn":[73925.35618],"iteration":955,"passed_time":1.909734216,"remaining_time":0.08789571704},
{"learn":[73913.34799],"iteration":956,"passed_time":1.911603866,"remaining_time":0.0858923367},
{"learn":[73902.09936],"iteration":957,"passed_time":1.913440347,"remaining_time":0.08388778139},
{"learn":[73885.42019],"iteration":958,"passed_time":1.91516528,"remaining_time":0.0818788076},
{"learn":[73874.44228],"iteration":959,"passed_time":1.916934258,"remaining_time":0.07987226074},
{"learn":[73858.66914],"iteration":960,"passed_time":1.918831034,"remaining_time":0.07787139473},
{"learn":[73850.34918],"iteration":961,"passed_time":1.920575802,"remaining_time":0.07586474062},
{"learn":[73844.11741],"iteration":962,"passed_time":1.922429826,"remaining_time":0.07386282821},
{"learn":[73827.04251],"iteration":963,"passed_time":1.924355271,"remaining_time":0.07186388979},
{"learn":[73823.71042],"iteration":964,"passed_time":1.926413057,"remaining_time":0.06986990362},
{"learn":[73811.5999],"iteration":965,"passed_time":1.928494594,"remaining_time":0.06787662132},
{"learn":[73804.5237],"iteration":966,"passed_time":1.930351368,"remaining_time":0.0658754862},
{"learn":[73792.81742],"iteration":967,"passed_time":1.932566122,"remaining_time":0.06388648336},
{"learn":[73780.40057],"iteration":968,"passed_time":1.934532986,"remaining_time":0.06188908416},
{"learn":[73766.66686],"iteration":969,"passed_time":1.936652358,"remaining_time":0.05989646469},
{"learn":[73753.50742],"iteration":970,"passed_time":1.9385233,"remaining_time":0.05789616447},
{"learn":[73746.11855],"iteration":971,"passed_time":1.940378449,"remaining_time":0.05589567549},
{"learn":[73731.3085],"iteration":972,"passed_time":1.942273267,"remaining_time":0.05389658604},
{"learn":[73731.22736],"iteration":973,"passed_time":1.943973074,"remaining_time":0.05189250506},
{"learn":[73717.49164],"iteration":974,"passed_time":1.945792721,"remaining_time":0.04989212106},
{"learn":[73717.08781],"iteration":975,"passed_time":1.947459276,"remaining_time":0.04788834285},
{"learn":[73704.4024],"iteration":976,"passed_time":1.949243254,"remaining_time":0.04588801929},
{"learn":[73694.47369],"iteration":977,"passed_time":1.951034316,"remaining_time":0.04388829751},
{"learn":[73688.77598],"iteration":978,"passed_time":1.952867839,"remaining_time":0.0418899128},
{"learn":[73678.68278],"iteration":979,"passed_time":1.954680403,"remaining_time":0.03989143679},
{"learn":[73670.498],"iteration":980,"passed_time":1.956614015,"remaining_time":0.03789568428},
{"learn":[73658.53094],"iteration":981,"passed_time":1.958798516,"remaining_time":0.03590465712},
{"learn":[73650.48354],"iteration":982,"passed_time":1.961054355,"remaining_time":0.03391447003},
{"learn":[73639.29118],"iteration":983,"passed_time":1.963025553,"remaining_time":0.03191911468},
{"learn":[73626.57857],"iteration":984,"passed_time":1.965001042,"remaining_time":0.02992387374},
{"learn":[73615.28529],"iteration":985,"passed_time":1.96689611,"remaining_time":0.02792753098},
{"learn":[73606.67759],"iteration":986,"passed_time":1.96906882,"remaining_time":0.02593505031},
{"learn":[73595.61821],"iteration":987,"passed_time":1.971660136,"remaining_time":0.02394728911},
{"learn":[73586.48047],"iteration":988,"passed_time":1.973395154,"remaining_time":0.02194878331},
{"learn":[73582.38434],"iteration":989,"passed_time":1.974938201,"remaining_time":0.01994887072},
{"learn":[73568.08584],"iteration":990,"passed_time":1.97673743,"remaining_time":0.01795220673},
{"learn":[73550.98851],"iteration":991,"passed_time":1.978504575,"remaining_time":0.01595568205},
{"learn":[73536.28932],"iteration":992,"passed_time":1.98020484,"remaining_time":0.01395914791},
{"learn":[73534.48316],"iteration":993,"passed_time":1.98185006,"remaining_time":0.01196287763},
{"learn":[73520.95069],"iteration":994,"passed_time":1.983639455,"remaining_time":0.009968037464},
{"learn":[73514.1482],"iteration":995,"passed_time":1.985384098,"remaining_time":0.007973430113},
{"learn":[73495.47353],"iteration":996,"passed_time":1.987443509,"remaining_time":0.005980271341},
{"learn":[73487.58357],"iteration":997,"passed_time":1.989331993,"remaining_time":0.003986637261},
{"learn":[73479.35367],"iteration":998,"passed_time":1.991432573,"remaining_time":0.001993425999},
{"learn":[73469.84728],"iteration":999,"passed_time":1.993473192,"remaining_time":0}
]}