{
"meta":{"test_sets":[],"test_metrics":[],"learn_metrics":[{"best_value":"Min","name":"Logloss"}],"launch_mode":"Train","parameters":"","iteration_count":1000,"learn_sets":["learn"],"name":"experiment"},
"iterations":[
{"learn":[0.6790804331],"iteration":0,"passed_time":0.07068620618,"remaining_time":70.61551997},
{"learn":[0.6668640175],"iteration":1,"passed_time":0.0796223022,"remaining_time":39.7315288},
{"learn":[0.6542614855],"iteration":2,"passed_time":0.08864322931,"remaining_time":29.45909987},
{"learn":[0.6419893047],"iteration":3,"passed_time":0.09688942699,"remaining_time":24.12546732},
{"learn":[0.6311547914],"iteration":4,"passed_time":0.1048602986,"remaining_time":20.86719943},
{"learn":[0.620589069],"iteration":5,"passed_time":0.1357031046,"remaining_time":22.48148099},
{"learn":[0.6108668247],"iteration":6,"passed_time":0.1456639651,"remaining_time":20.6634739},
{"learn":[0.6006672157],"iteration":7,"passed_time":0.15614602,"remaining_time":19.36210648},
{"learn":[0.5909650575],"iteration":8,"passed_time":0.1675670501,"remaining_time":18.45099407},
{"learn":[0.5835291858],"iteration":9,"passed_time":0.18263215,"remaining_time":18.08058285},
{"learn":[0.5745119268],"iteration":10,"passed_time":0.1945664997,"remaining_time":17.49329711},
{"learn":[0.5660434955],"iteration":11,"passed_time":0.209178195,"remaining_time":17.22233806},
{"learn":[0.5589544794],"iteration":12,"passed_time":0.2160031804,"remaining_time":16.39962608},
{"learn":[0.5522827081],"iteration":13,"passed_time":0.2293792419,"remaining_time":16.15485232},
{"learn":[0.5442495963],"iteration":14,"passed_time":0.2416898733,"remaining_time":15.87096835},
{"learn":[0.5378184378],"iteration":15,"passed_time":0.2531589854,"remaining_time":15.5692776},
{"learn":[0.5296145506],"iteration":16,"passed_time":0.262839895,"remaining_time":15.1983304},
{"learn":[0.5236945307],"iteration":17,"passed_time":0.2710646349,"remaining_time":14.78808175},
{"learn":[0.517506104],"iteration":18,"passed_time":0.2844383214,"remaining_time":14.68599965},
{"learn":[0.511329299],"iteration":19,"passed_time":0.2928270153,"remaining_time":14.34852375},
{"learn":[0.5053312029],"iteration":20,"passed_time":0.3016294065,"remaining_time":14.06167567},
{"learn":[0.4998214703],"iteration":21,"passed_time":0.312971772,"remaining_time":13.91301786},
{"learn":[0.4947036314],"iteration":22,"passed_time":0.3221062378,"remaining_time":13.68251279},
{"learn":[0.4902703473],"iteration":23,"passed_time":0.3293085882,"remaining_time":13.39188258},
{"learn":[0.4856973531],"iteration":24,"passed_time":0.3460392272,"remaining_time":13.49552986},
{"learn":[0.4816320069],"iteration":25,"passed_time":0.3567127354,"remaining_time":13.36300786},
{"learn":[0.4760954455],"iteration":26,"passed_time":0.3660642371,"remaining_time":13.19187047},
{"learn":[0.4729062548],"iteration":27,"passed_time":0.372743018,"remaining_time":12.93950763},
{"learn":[0.4683929682],"iteration":28,"passed_time":0.3827130449,"remaining_time":12.8142885},
{"learn":[0.4641950801],"iteration":29,"passed_time":0.3901106818,"remaining_time":12.61357871},
{"learn":[0.4600144619],"iteration":30,"passed_time":0.3981750927,"remaining_time":12.44618273},
{"learn":[0.4560881155],"iteration":31,"passed_time":0.4040773526,"remaining_time":12.22333992},
{"learn":[0.4517507446],"iteration":32,"passed_time":0.4136238491,"remaining_time":12.12043218},
{"learn":[0.4479349316],"iteration":33,"passed_time":0.4209411131,"remaining_time":11.95967986},
{"learn":[0.444850798],"iteration":34,"passed_time":0.4271785308,"remaining_time":11.77792235},
{"learn":[0.4405453064],"iteration":35,"passed_time":0.4333635748,"remaining_time":11.6045135},
{"learn":[0.4364803213],"iteration":36,"passed_time":0.4404025963,"remaining_time":11.46237028},
{"learn":[0.4326850429],"iteration":37,"passed_time":0.4492170705,"remaining_time":11.37228478},
{"learn":[0.4298751913],"iteration":38,"passed_time":0.455975766,"remaining_time":11.23571054},
{"learn":[0.426740205],"iteration":39,"passed_time":0.4629859549,"remaining_time":11.11166292},
{"learn":[0.4241532852],"iteration":40,"passed_time":0.4854687745,"remaining_time":11.35523304},
{"learn":[0.4212172563],"iteration":41,"passed_time":0.4999880972,"remaining_time":11.40449041},
{"learn":[0.4178025818],"iteration":42,"passed_time":0.5271305014,"remaining_time":11.73171837},
{"learn":[0.4146407037],"iteration":43,"passed_time":0.5352894514,"remaining_time":11.6303799},
{"learn":[0.4115012411],"iteration":44,"passed_time":0.5542419064,"remaining_time":11.7622449},
{"learn":[0.4098917679],"iteration":45,"passed_time":0.5625961429,"remaining_time":11.66775479},
{"learn":[0.4075629442],"iteration":46,"passed_time":0.5699907799,"remaining_time":11.55747262},
{"learn":[0.4045667413],"iteration":47,"passed_time":0.5833095929,"remaining_time":11.56897359},
{"learn":[0.402493821],"iteration":48,"passed_time":0.5902124512,"remaining_time":11.45493961},
{"learn":[0.4002929472],"iteration":49,"passed_time":0.5968045678,"remaining_time":11.33928679},
{"learn":[0.3977603836],"iteration":50,"passed_time":0.6024631259,"remaining_time":11.21053934},
{"learn":[0.3956296149],"iteration":51,"passed_time":0.6155037796,"remaining_time":11.22110737},
{"learn":[0.3938876214],"iteration":52,"passed_time":0.6282533993,"remaining_time":11.22558432},
{"learn":[0.3911373819],"iteration":53,"passed_time":0.635483999,"remaining_time":11.1327382},
{"learn":[0.3893367505],"iteration":54,"passed_time":0.6428388036,"remaining_time":11.04513944},
{"learn":[0.3863627745],"iteration":55,"passed_time":0.6582425613,"remaining_time":11.09608889},
{"learn":[0.3846828796],"iteration":56,"passed_time":0.6642111527,"remaining_time":10.98861609},
{"learn":[0.3828063533],"iteration":57,"passed_time":0.6735075725,"remaining_time":10.93869195},
{"learn":[0.3801756015],"iteration":58,"passed_time":0.698492284,"remaining_time":11.14035999},
{"learn":[0.3779908869],"iteration":59,"passed_time":0.7054470993,"remaining_time":11.05200456},
{"learn":[0.3763466288],"iteration":60,"passed_time":0.7130119818,"remaining_time":10.97570903},
{"learn":[0.3745443449],"iteration":61,"passed_time":0.7201158348,"remaining_time":10.89465569},
{"learn":[0.3729522627],"iteration":62,"passed_time":0.7279826259,"remaining_time":10.82729715},
{"learn":[0.3711581843],"iteration":63,"passed_time":0.7341039217,"remaining_time":10.73626985},
{"learn":[0.3692414833],"iteration":64,"passed_time":0.7397683962,"remaining_time":10.64128385},
{"learn":[0.3675752238],"iteration":65,"passed_time":0.7505335687,"remaining_time":10.62118717},
{"learn":[0.3659391841],"iteration":66,"passed_time":0.7596042861,"remaining_time":10.57777312},
{"learn":[0.3643184203],"iteration":67,"passed_time":0.7665898923,"remaining_time":10.50679088},
{"learn":[0.3618684509],"iteration":68,"passed_time":0.7732610901,"remaining_time":10.43342138},
{"learn":[0.3604251435],"iteration":69,"passed_time":0.7859818356,"remaining_time":10.4423301},
{"learn":[0.3585455538],"iteration":70,"passed_time":0.7947927683,"remaining_time":10.39947157},
{"learn":[0.3571938879],"iteration":71,"passed_time":0.8012990955,"remaining_time":10.32785501},
{"learn":[0.3547805018],"iteration":72,"passed_time":0.8096789563,"remaining_time":10.2818136},
{"learn":[0.3533680762],"iteration":73,"passed_time":0.8206410819,"remaining_time":10.26910327},
{"learn":[0.3515218347],"iteration":74,"passed_time":0.8279944283,"remaining_time":10.21193128},
{"learn":[0.3498923935],"iteration":75,"passed_time":0.8342162214,"remaining_time":10.14231301},
{"learn":[0.3488188702],"iteration":76,"passed_time":0.8410991219,"remaining_time":10.0822661},
{"learn":[0.3471871281],"iteration":77,"passed_time":0.8492391141,"remaining_time":10.03844184},
{"learn":[0.3454690499],"iteration":78,"passed_time":0.85673629,"remaining_time":9.988026875},
{"learn":[0.3440051533],"iteration":79,"passed_time":0.8648985733,"remaining_time":9.946333592},
{"learn":[0.3424643156],"iteration":80,"passed_time":0.8700365618,"remaining_time":9.871155559},
{"learn":[0.3412954404],"iteration":81,"passed_time":0.8793586059,"remaining_time":9.844526832},
{"learn":[0.3391607438],"iteration":82,"passed_time":0.8873125197,"remaining_time":9.803199766},
{"learn":[0.337454124],"iteration":83,"passed_time":0.895484761,"remaining_time":9.765048108},
{"learn":[0.3357576225],"iteration":84,"passed_time":0.9025622814,"remaining_time":9.7158175},
{"learn":[0.3346420941],"iteration":85,"passed_time":0.914966327,"remaining_time":9.72417701},
{"learn":[0.3332359624],"iteration":86,"passed_time":0.9226598727,"remaining_time":9.68262602},
{"learn":[0.3318290157],"iteration":87,"passed_time":0.9286547968,"remaining_time":9.624240621},
{"learn":[0.3308629998],"iteration":88,"passed_time":0.9346449711,"remaining_time":9.566983917},
{"learn":[0.3291965018],"iteration":89,"passed_time":0.9425806353,"remaining_time":9.530537535},
{"learn":[0.3276180951],"iteration":90,"passed_time":0.9526902418,"remaining_time":9.516433295},
{"learn":[0.3261121218],"iteration":91,"passed_time":0.9616711283,"remaining_time":9.491275919},
{"learn":[0.3249181098],"iteration":92,"passed_time":0.9679000046,"remaining_time":9.439626927},
{"learn":[0.3234999621],"iteration":93,"passed_time":0.9747106571,"remaining_time":9.394551652},
{"learn":[0.32285118],"iteration":94,"passed_time":0.9845191049,"remaining_time":9.378839894},
{"learn":[0.3222515438],"iteration":95,"passed_time":0.9907313566,"remaining_time":9.329386941},
{"learn":[0.3211916408],"iteration":96,"passed_time":0.9995483725,"remaining_time":9.305074024},
{"learn":[0.319796505],"iteration":97,"passed_time":1.009896848,"remaining_time":9.295173026},
{"learn":[0.3186385592],"iteration":98,"passed_time":1.044979124,"remaining_time":9.510365566},
{"learn":[0.3175496457],"iteration":99,"passed_time":1.05585596,"remaining_time":9.502703644},
{"learn":[0.3165654792],"iteration":100,"passed_time":1.114385739,"remaining_time":9.919136434},
{"learn":[0.315620769],"iteration":101,"passed_time":1.153757944,"remaining_time":10.15759445},
{"learn":[0.3146333373],"iteration":102,"passed_time":1.174002865,"remaining_time":10.2240832},
{"learn":[0.3129366548],"iteration":103,"passed_time":1.202702561,"remaining_time":10.36174514},
{"learn":[0.3121163304],"iteration":104,"passed_time":1.218143734,"remaining_time":10.38322516},
{"learn":[0.3107178285],"iteration":105,"passed_time":1.234184516,"remaining_time":10.40906564},
{"learn":[0.3096640954],"iteration":106,"passed_time":1.243170444,"remaining_time":10.37524492},
{"learn":[0.3084250028],"iteration":107,"passed_time":1.252650734,"remaining_time":10.34596718},
{"learn":[0.3073653865],"iteration":108,"passed_time":1.263371783,"remaining_time":10.32719503},
{"learn":[0.3059165701],"iteration":109,"passed_time":1.271809226,"remaining_time":10.29009283},
{"learn":[0.3044102818],"iteration":110,"passed_time":1.278783082,"remaining_time":10.24178522},
{"learn":[0.3032473803],"iteration":111,"passed_time":1.285921018,"remaining_time":10.19551664},
{"learn":[0.3019907213],"iteration":112,"passed_time":1.296986682,"remaining_time":10.18077157},
{"learn":[0.3005351542],"iteration":113,"passed_time":1.304148325,"remaining_time":10.13574926},
{"learn":[0.2998155041],"iteration":114,"passed_time":1.310622945,"remaining_time":10.08609831},
{"learn":[0.2985598861],"iteration":115,"passed_time":1.317448847,"remaining_time":10.0398688},
{"learn":[0.2972467866],"iteration":116,"passed_time":1.325796792,"remaining_time":10.00579972},
{"learn":[0.2960566622],"iteration":117,"passed_time":1.331373977,"remaining_time":9.951456337},
{"learn":[0.2952618826],"iteration":118,"passed_time":1.339209727,"remaining_time":9.914653528},
{"learn":[0.2943116422],"iteration":119,"passed_time":1.347635545,"remaining_time":9.882660665},
{"learn":[0.2931315643],"iteration":120,"passed_time":1.356519226,"remaining_time":9.854383468},
{"learn":[0.2923579728],"iteration":121,"passed_time":1.365885311,"remaining_time":9.829895924},
{"learn":[0.2915007168],"iteration":122,"passed_time":1.371741947,"remaining_time":9.780631604},
{"learn":[0.2906298933],"iteration":123,"passed_time":1.378044238,"remaining_time":9.735215744},
{"learn":[0.2896812183],"iteration":124,"passed_time":1.386497722,"remaining_time":9.705484051},
{"learn":[0.2887752681],"iteration":125,"passed_time":1.392930301,"remaining_time":9.662072086},
{"learn":[0.2875679583],"iteration":126,"passed_time":1.399715787,"remaining_time":9.621668364},
{"learn":[0.2866142866],"iteration":127,"passed_time":1.405699962,"remaining_time":9.576330989},
{"learn":[0.2858169066],"iteration":128,"passed_time":1.413071266,"remaining_time":9.540969555},
{"learn":[0.2849353618],"iteration":129,"passed_time":1.423090833,"remaining_time":9.523761729},
{"learn":[0.2839130206],"iteration":130,"passed_time":1.430209436,"remaining_time":9.487419845},
{"learn":[0.2825804931],"iteration":131,"passed_time":1.436376355,"remaining_time":9.4452627},
{"learn":[0.2815432957],"iteration":132,"passed_time":1.443786909,"remaining_time":9.411753757},
{"learn":[0.2808301324],"iteration":133,"passed_time":1.45635045,"remaining_time":9.41193649},
{"learn":[0.2797580327],"iteration":134,"passed_time":1.463771919,"remaining_time":9.378983039},
{"learn":[0.2791457908],"iteration":135,"passed_time":1.470058544,"remaining_time":9.339195457},
{"learn":[0.2782891481],"iteration":136,"passed_time":1.478351657,"remaining_time":9.312536352},
{"learn":[0.277745532],"iteration":137,"passed_time":1.487165215,"remaining_time":9.289394313},
{"learn":[0.2771713369],"iteration":138,"passed_time":1.493314552,"remaining_time":9.249955604},
{"learn":[0.2764354432],"iteration":139,"passed_time":1.502007654,"remaining_time":9.226618446},
{"learn":[0.2754215506],"iteration":140,"passed_time":1.509355834,"remaining_time":9.19529547},
{"learn":[0.2745860885],"iteration":141,"passed_time":1.521149646,"remaining_time":9.191171803},
{"learn":[0.2739090923],"iteration":142,"passed_time":1.534185633,"remaining_time":9.194385226},
{"learn":[0.2726028617],"iteration":143,"passed_time":1.543361139,"remaining_time":9.17442455},
{"learn":[0.2718431115],"iteration":144,"passed_time":1.550722527,"remaining_time":9.143915591},
{"learn":[0.2710196879],"iteration":145,"passed_time":1.557318477,"remaining_time":9.109246433},
{"learn":[0.2701399028],"iteration":146,"passed_time":1.565419595,"remaining_time":9.083693297},
{"learn":[0.2692809925],"iteration":147,"passed_time":1.575214877,"remaining_time":9.068128884},
{"learn":[0.2684262419],"iteration":148,"passed_time":1.585261651,"remaining_time":9.054078291},
{"learn":[0.2678499632],"iteration":149,"passed_time":1.594113333,"remaining_time":9.033308887},
{"learn":[0.2672997011],"iteration":150,"passed_time":1.606698541,"remaining_time":9.033689145},
{"learn":[0.266419063],"iteration":151,"passed_time":1.61317166,"remaining_time":8.999799789},
{"learn":[0.2657310626],"iteration":152,"passed_time":1.623738921,"remaining_time":8.988933767},
{"learn":[0.2647044853],"iteration":153,"passed_time":1.632159239,"remaining_time":8.96627738},
{"learn":[0.2638999001],"iteration":154,"passed_time":1.640428061,"remaining_time":8.942978787},
{"learn":[0.2629318908],"iteration":155,"passed_time":1.64763087,"remaining_time":8.914105477},
{"learn":[0.2620792918],"iteration":156,"passed_time":1.660166829,"remaining_time":8.914144184},
{"learn":[0.2609691792],"iteration":157,"passed_time":1.669730117,"remaining_time":8.898182014},
{"learn":[0.2601525591],"iteration":158,"passed_time":1.681987249,"remaining_time":8.896548911},
{"learn":[0.2591857298],"iteration":159,"passed_time":1.706439933,"remaining_time":8.958809651},
{"learn":[0.2586878942],"iteration":160,"passed_time":1.716379128,"remaining_time":8.944360797},
{"learn":[0.2579003165],"iteration":161,"passed_time":1.726278157,"remaining_time":8.929759847},
{"learn":[0.2572761959],"iteration":162,"passed_time":1.73764798,"remaining_time":8.922769074},
{"learn":[0.2567821978],"iteration":163,"passed_time":1.75400192,"remaining_time":8.941131741},
{"learn":[0.2561676438],"iteration":164,"passed_time":1.764081486,"remaining_time":8.92732146},
{"learn":[0.2555934197],"iteration":165,"passed_time":1.786804424,"remaining_time":8.97707765},
{"learn":[0.2551682398],"iteration":166,"passed_time":1.801142919,"remaining_time":8.984144019},
{"learn":[0.2545471527],"iteration":167,"passed_time":1.882894414,"remaining_time":9.324810432},
{"learn":[0.2541469144],"iteration":168,"passed_time":1.964265962,"remaining_time":9.658609551},
{"learn":[0.2535201775],"iteration":169,"passed_time":2.024011292,"remaining_time":9.881937483},
{"learn":[0.2528834128],"iteration":170,"passed_time":2.035066998,"remaining_time":9.865909599},
{"learn":[0.252267983],"iteration":171,"passed_time":2.056285351,"remaining_time":9.89886204},
{"learn":[0.2518135615],"iteration":172,"passed_time":2.06636925,"remaining_time":9.877961675},
{"learn":[0.2509166769],"iteration":173,"passed_time":2.089857418,"remaining_time":9.920817398},
{"learn":[0.2504092896],"iteration":174,"passed_time":2.098444982,"remaining_time":9.892669199},
{"learn":[0.2496741973],"iteration":175,"passed_time":2.157457498,"remaining_time":10.10082374},
{"learn":[0.2491238968],"iteration":176,"passed_time":2.235772876,"remaining_time":10.3957123},
{"learn":[0.2483362164],"iteration":177,"passed_time":2.268038978,"remaining_time":10.47375303},
{"learn":[0.2475491058],"iteration":178,"passed_time":2.352056288,"remaining_time":10.78792298},
{"learn":[0.2465632988],"iteration":179,"passed_time":2.478155523,"remaining_time":11.28937516},
{"learn":[0.2460871386],"iteration":180,"passed_time":2.564510396,"remaining_time":11.60405533},
{"learn":[0.2455362685],"iteration":181,"passed_time":2.778927994,"remaining_time":12.48990714},
{"learn":[0.2447634443],"iteration":182,"passed_time":2.798550973,"remaining_time":12.49407729},
{"learn":[0.2439834333],"iteration":183,"passed_time":2.816484247,"remaining_time":12.49049535},
{"learn":[0.2432129347],"iteration":184,"passed_time":2.863172007,"remaining_time":12.61343344},
{"learn":[0.242882911],"iteration":185,"passed_time":2.884302237,"remaining_time":12.62269904},
{"learn":[0.2422867121],"iteration":186,"passed_time":2.897288851,"remaining_time":12.59623442},
{"learn":[0.241735243],"iteration":187,"passed_time":2.914184402,"remaining_time":12.58679646},
{"learn":[0.2410944701],"iteration":188,"passed_time":2.929219253,"remaining_time":12.56929531},
{"learn":[0.2404567931],"iteration":189,"passed_time":2.936606098,"remaining_time":12.51921547},
{"learn":[0.2396338714],"iteration":190,"passed_time":2.944007443,"remaining_time":12.46964409},
{"learn":[0.2388829292],"iteration":191,"passed_time":2.95248601,"remaining_time":12.42504529},
{"learn":[0.2381906396],"iteration":192,"passed_time":2.962397122,"remaining_time":12.38681076},
{"learn":[0.237541362],"iteration":193,"passed_time":2.970168957,"remaining_time":12.33998031},
{"learn":[0.2368366543],"iteration":194,"passed_time":2.977837545,"remaining_time":12.29312422},
{"learn":[0.236160583],"iteration":195,"passed_time":2.988664799,"remaining_time":12.25962499},
{"learn":[0.2354232186],"iteration":196,"passed_time":2.998879986,"remaining_time":12.22386106},
{"learn":[0.2349405379],"iteration":197,"passed_time":3.005939799,"remaining_time":12.17557434},
{"learn":[0.2343902796],"iteration":198,"passed_time":3.013306186,"remaining_time":12.12893596},
{"learn":[0.2337006796],"iteration":199,"passed_time":3.025753273,"remaining_time":12.10301309},
{"learn":[0.2329690399],"iteration":200,"passed_time":3.035112357,"remaining_time":12.06494912},
{"learn":[0.232615761],"iteration":201,"passed_time":3.04309252,"remaining_time":12.02172194},
{"learn":[0.2319431413],"iteration":202,"passed_time":3.052715265,"remaining_time":11.98529097},
{"learn":[0.2314310865],"iteration":203,"passed_time":3.064119795,"remaining_time":11.95607528},
{"learn":[0.2307388482],"iteration":204,"passed_time":3.072384576,"remaining_time":11.91485726},
{"learn":[0.230256433],"iteration":205,"passed_time":3.080221576,"remaining_time":11.87231035},
{"learn":[0.2297104886],"iteration":206,"passed_time":3.102066704,"remaining_time":11.88376278},
{"learn":[0.2292355855],"iteration":207,"passed_time":3.108563907,"remaining_time":11.83645488},
{"learn":[0.2285459769],"iteration":208,"passed_time":3.118278774,"remaining_time":11.80171536},
{"learn":[0.2279137218],"iteration":209,"passed_time":3.126868629,"remaining_time":11.76298199},
{"learn":[0.2275595502],"iteration":210,"passed_time":3.134803752,"remaining_time":11.72208607},
{"learn":[0.2266230083],"iteration":211,"passed_time":3.140939547,"remaining_time":11.67481303},
{"learn":[0.226137911],"iteration":212,"passed_time":3.147744075,"remaining_time":11.63039712},
{"learn":[0.2257582338],"iteration":213,"passed_time":3.156689795,"remaining_time":11.5941971},
{"learn":[0.2251462295],"iteration":214,"passed_time":3.164729457,"remaining_time":11.55494244},
{"learn":[0.2247794346],"iteration":215,"passed_time":3.171455778,"remaining_time":11.51120986},
{"learn":[0.2243333989],"iteration":216,"passed_time":3.176719513,"remaining_time":11.46254092},
{"learn":[0.2236424326],"iteration":217,"passed_time":3.184697593,"remaining_time":11.42400696},
{"learn":[0.2231012092],"iteration":218,"passed_time":3.193289865,"remaining_time":11.3879424},
{"learn":[0.2224879212],"iteration":219,"passed_time":3.201834596,"remaining_time":11.35195902},
{"learn":[0.222036406],"iteration":220,"passed_time":3.207426115,"remaining_time":11.30581422},
{"learn":[0.2217234564],"iteration":221,"passed_time":3.213229669,"remaining_time":11.26077785},
{"learn":[0.2210810632],"iteration":222,"passed_time":3.22437579,"remaining_time":11.23470847},
{"learn":[0.2204926744],"iteration":223,"passed_time":3.233387634,"remaining_time":11.20137859},
{"learn":[0.219889363],"iteration":224,"passed_time":3.240393572,"remaining_time":11.16135564},
{"learn":[0.2192220345],"iteration":225,"passed_time":3.245615059,"remaining_time":11.11551352},
{"learn":[0.218453022],"iteration":226,"passed_time":3.2566116,"remaining_time":11.08969501},
{"learn":[0.2178891783],"iteration":227,"passed_time":3.26482109,"remaining_time":11.05456966},
{"learn":[0.2173774818],"iteration":228,"passed_time":3.271899111,"remaining_time":11.01586993},
{"learn":[0.2168642306],"iteration":229,"passed_time":3.278087696,"remaining_time":10.97446751},
{"learn":[0.2163072436],"iteration":230,"passed_time":3.289231359,"remaining_time":10.94986543},
{"learn":[0.2159436636],"iteration":231,"passed_time":3.299854827,"remaining_time":10.92365736},
{"learn":[0.2155860373],"iteration":232,"passed_time":3.305626548,"remaining_time":10.88161186},
{"learn":[0.2151722991],"iteration":233,"passed_time":3.311144027,"remaining_time":10.83904412},
{"learn":[0.2146468],"iteration":234,"passed_time":3.323243331,"remaining_time":10.81821765},
{"learn":[0.2141305805],"iteration":235,"passed_time":3.330511304,"remaining_time":10.78182473},
{"learn":[0.213378065],"iteration":236,"passed_time":3.337253875,"remaining_time":10.7439861},
{"learn":[0.2126323991],"iteration":237,"passed_time":3.342671648,"remaining_time":10.70216721},
{"learn":[0.2121504385],"iteration":238,"passed_time":3.3535654,"remaining_time":10.67808899},
{"learn":[0.2115093252],"iteration":239,"passed_time":3.361025036,"remaining_time":10.64324595},
{"learn":[0.210700024],"iteration":240,"passed_time":3.367961226,"remaining_time":10.60698162},
{"learn":[0.2100481318],"iteration":241,"passed_time":3.373432748,"remaining_time":10.566372},
{"learn":[0.2096014767],"iteration":242,"passed_time":3.380196485,"remaining_time":10.53007712},
{"learn":[0.2092147492],"iteration":243,"passed_time":3.393798749,"remaining_time":10.51521252},
{"learn":[0.2086700762],"iteration":244,"passed_time":3.402493893,"remaining_time":10.48523628},
{"learn":[0.2083484243],"iteration":245,"passed_time":3.408944513,"remaining_time":10.44855351},
{"learn":[0.2078543695],"iteration":246,"passed_time":3.416381774,"remaining_time":10.41512338},
{"learn":[0.2074340781],"iteration":247,"passed_time":3.428877442,"remaining_time":10.39724128},
{"learn":[0.2069881814],"iteration":248,"passed_time":3.43541506,"remaining_time":10.36143257},
{"learn":[0.2065014691],"iteration":249,"passed_time":3.442125465,"remaining_time":10.3263764},
{"learn":[0.2060765684],"iteration":250,"passed_time":3.509111186,"remaining_time":10.47141147},
{"learn":[0.2057153613],"iteration":251,"passed_time":3.636005942,"remaining_time":10.79258906},
{"learn":[0.2052282607],"iteration":252,"passed_time":3.668764155,"remaining_time":10.83227994},
{"learn":[0.20466854],"iteration":253,"passed_time":3.679032382,"remaining_time":10.80534708},
{"learn":[0.2044445496],"iteration":254,"passed_time":3.700940259,"remaining_time":10.81255095},
{"learn":[0.2037860866],"iteration":255,"passed_time":3.711179404,"remaining_time":10.78561514},
{"learn":[0.2035362145],"iteration":256,"passed_time":3.725499107,"remaining_time":10.77060637},
{"learn":[0.2029857338],"iteration":257,"passed_time":3.731866562,"remaining_time":10.73273252},
{"learn":[0.2026252747],"iteration":258,"passed_time":3.744805302,"remaining_time":10.71390243},
{"learn":[0.20196475],"iteration":259,"passed_time":3.765147762,"remaining_time":10.71618978},
{"learn":[0.2015123759],"iteration":260,"passed_time":3.779804623,"remaining_time":10.70220543},
{"learn":[0.2012278275],"iteration":261,"passed_time":3.793866583,"remaining_time":10.68654022},
{"learn":[0.2010274045],"iteration":262,"passed_time":3.802464938,"remaining_time":10.65557665},
{"learn":[0.200516313],"iteration":263,"passed_time":3.813501311,"remaining_time":10.63157941},
{"learn":[0.2001140381],"iteration":264,"passed_time":3.828444748,"remaining_time":10.61851656},
{"learn":[0.1996403649],"iteration":265,"passed_time":3.842677578,"remaining_time":10.60347873},
{"learn":[0.1993415178],"iteration":266,"passed_time":3.858793775,"remaining_time":10.59361737},
{"learn":[0.1989661382],"iteration":267,"passed_time":3.86901667,"remaining_time":10.5676127},
{"learn":[0.1985534859],"iteration":268,"passed_time":3.89934074,"remaining_time":10.59634974},
{"learn":[0.198249382],"iteration":269,"passed_time":3.930858695,"remaining_time":10.62787721},
{"learn":[0.1979562171],"iteration":270,"passed_time":3.943074829,"remaining_time":10.60701679},
{"learn":[0.1973544196],"iteration":271,"passed_time":3.970713595,"remaining_time":10.62749815},
{"learn":[0.1970382432],"iteration":272,"passed_time":4.051800191,"remaining_time":10.78995875},
{"learn":[0.1966943482],"iteration":273,"passed_time":4.099367928,"remaining_time":10.86182889},
{"learn":[0.1963278132],"iteration":274,"passed_time":4.118115389,"remaining_time":10.85684966},
{"learn":[0.1958388691],"iteration":275,"passed_time":4.185446434,"remaining_time":10.97921456},
{"learn":[0.1953763082],"iteration":276,"passed_time":4.246006326,"remaining_time":11.08253637},
{"learn":[0.1950286162],"iteration":277,"passed_time":4.27861446,"remaining_time":11.11208504},
{"learn":[0.1941849554],"iteration":278,"passed_time":4.300722539,"remaining_time":11.11405359},
{"learn":[0.1937171884],"iteration":279,"passed_time":4.310914519,"remaining_time":11.08520876},
{"learn":[0.193347396],"iteration":280,"passed_time":4.329008621,"remaining_time":11.07671601},
{"learn":[0.1927296105],"iteration":281,"passed_time":4.342494055,"remaining_time":11.05642103},
{"learn":[0.1923124975],"iteration":282,"passed_time":4.349457703,"remaining_time":11.01965079},
{"learn":[0.1919643582],"iteration":283,"passed_time":4.376671647,"remaining_time":11.03414401},
{"learn":[0.1914798527],"iteration":284,"passed_time":4.383127976,"remaining_time":10.99626843},
{"learn":[0.1909730586],"iteration":285,"passed_time":4.408351348,"remaining_time":11.00546455},
{"learn":[0.1905807403],"iteration":286,"passed_time":4.414700554,"remaining_time":10.96753134},
{"learn":[0.1904034713],"iteration":287,"passed_time":4.433785589,"remaining_time":10.96130326},
{"learn":[0.1898865825],"iteration":288,"passed_time":4.445255326,"remaining_time":10.93625099},
{"learn":[0.1894646271],"iteration":289,"passed_time":4.452584131,"remaining_time":10.90115425},
{"learn":[0.1892928335],"iteration":290,"passed_time":4.464607854,"remaining_time":10.87768718},
{"learn":[0.1890708131],"iteration":291,"passed_time":4.475834347,"remaining_time":10.85236547},
{"learn":[0.1887853216],"iteration":292,"passed_time":4.483579433,"remaining_time":10.81873945},
{"learn":[0.1885823006],"iteration":293,"passed_time":4.506434868,"remaining_time":10.82157489},
{"learn":[0.1880657982],"iteration":294,"passed_time":4.514093415,"remaining_time":10.78791816},
{"learn":[0.1876863631],"iteration":295,"passed_time":4.559503334,"remaining_time":10.84422414},
{"learn":[0.1871518543],"iteration":296,"passed_time":4.609634877,"remaining_time":10.91102128},
{"learn":[0.1868400648],"iteration":297,"passed_time":4.622253042,"remaining_time":10.88866321},
{"learn":[0.1864579311],"iteration":298,"passed_time":4.657735058,"remaining_time":10.91997417},
{"learn":[0.1861415139],"iteration":299,"passed_time":4.686489045,"remaining_time":10.9351411},
{"learn":[0.1856543188],"iteration":300,"passed_time":4.752728494,"remaining_time":11.03706717},
{"learn":[0.1853445982],"iteration":301,"passed_time":4.771269168,"remaining_time":11.02763536},
{"learn":[0.1846614506],"iteration":302,"passed_time":5.083225301,"remaining_time":11.69309582},
{"learn":[0.1844807914],"iteration":303,"passed_time":5.283770725,"remaining_time":12.09705403},
{"learn":[0.184036372],"iteration":304,"passed_time":5.326968869,"remaining_time":12.13850283},
{"learn":[0.1835065231],"iteration":305,"passed_time":5.392122639,"remaining_time":12.22919317},
{"learn":[0.1832075265],"iteration":306,"passed_time":5.425246884,"remaining_time":12.24656707},
{"learn":[0.1829594726],"iteration":307,"passed_time":5.454005329,"remaining_time":12.25380418},
{"learn":[0.182554805],"iteration":308,"passed_time":5.482639569,"remaining_time":12.26053056},
{"learn":[0.182257533],"iteration":309,"passed_time":5.48975563,"remaining_time":12.2191335},
{"learn":[0.1819647884],"iteration":310,"passed_time":5.507985021,"remaining_time":12.20257775},
{"learn":[0.1817923427],"iteration":311,"passed_time":5.516680498,"remaining_time":12.16498776},
{"learn":[0.1813832506],"iteration":312,"passed_time":5.572632887,"remaining_time":12.23130605},
{"learn":[0.1811441494],"iteration":313,"passed_time":5.582291256,"remaining_time":12.19570637},
{"learn":[0.1810316658],"iteration":314,"passed_time":5.58978239,"remaining_time":12.15555853},
{"learn":[0.180778574],"iteration":315,"passed_time":5.608277982,"remaining_time":12.13943715},
{"learn":[0.1805232257],"iteration":316,"passed_time":5.614425027,"remaining_time":12.09669493},
{"learn":[0.1801523825],"iteration":317,"passed_time":5.620378536,"remaining_time":12.0537678},
{"learn":[0.1799070127],"iteration":318,"passed_time":5.633813971,"remaining_time":12.02704487},
{"learn":[0.1795505895],"iteration":319,"passed_time":5.6421145,"remaining_time":11.98949331},
{"learn":[0.1791916026],"iteration":320,"passed_time":5.647934929,"remaining_time":11.94687793},
{"learn":[0.1788166773],"iteration":321,"passed_time":5.65347499,"remaining_time":11.90390076},
{"learn":[0.1786101598],"iteration":322,"passed_time":5.669505606,"remaining_time":11.88314333},
{"learn":[0.1783029137],"iteration":323,"passed_time":5.676211511,"remaining_time":11.84295982},
{"learn":[0.1779643614],"iteration":324,"passed_time":5.681563786,"remaining_time":11.80017094},
{"learn":[0.1776620945],"iteration":325,"passed_time":5.687699998,"remaining_time":11.75923251},
{"learn":[0.1774991543],"iteration":326,"passed_time":5.699121778,"remaining_time":11.72938519},
{"learn":[0.1773254001],"iteration":327,"passed_time":5.70557419,"remaining_time":11.68946907},
{"learn":[0.1769704291],"iteration":328,"passed_time":5.71130233,"remaining_time":11.64827922},
{"learn":[0.1767728124],"iteration":329,"passed_time":5.71731842,"remaining_time":11.60788891},
{"learn":[0.1765109913],"iteration":330,"passed_time":5.732769343,"remaining_time":11.5867755},
{"learn":[0.1762139054],"iteration":331,"passed_time":5.738852348,"remaining_time":11.5468475},
{"learn":[0.1758056615],"iteration":332,"passed_time":5.744596362,"remaining_time":11.50644376},
{"learn":[0.1754999262],"iteration":333,"passed_time":5.750826655,"remaining_time":11.46721722},
{"learn":[0.1752219323],"iteration":334,"passed_time":5.76270034,"remaining_time":11.43939023},
{"learn":[0.1749289984],"iteration":335,"passed_time":5.769225291,"remaining_time":11.40108808},
{"learn":[0.1745964067],"iteration":336,"passed_time":5.775139051,"remaining_time":11.36177208},
{"learn":[0.1738913032],"iteration":337,"passed_time":5.816366498,"remaining_time":11.39181841},
{"learn":[0.1735889288],"iteration":338,"passed_time":5.842283185,"remaining_time":11.39159052},
{"learn":[0.1730214628],"iteration":339,"passed_time":5.855286589,"remaining_time":11.36614456},
{"learn":[0.1728311517],"iteration":340,"passed_time":5.918495369,"remaining_time":11.43779604},
{"learn":[0.17246522],"iteration":341,"passed_time":5.953076076,"remaining_time":11.45357912},
{"learn":[0.1718944903],"iteration":342,"passed_time":5.962616781,"remaining_time":11.42110561},
{"learn":[0.1716381701],"iteration":343,"passed_time":5.989500983,"remaining_time":11.42183908},
{"learn":[0.1711988704],"iteration":344,"passed_time":5.998694489,"remaining_time":11.38882577},
{"learn":[0.1709352693],"iteration":345,"passed_time":6.273316446,"remaining_time":11.85765594},
{"learn":[0.1706603563],"iteration":346,"passed_time":6.36324635,"remaining_time":11.97463938},
{"learn":[0.1702680786],"iteration":347,"passed_time":6.374082229,"remaining_time":11.94224601},
{"learn":[0.1699839726],"iteration":348,"passed_time":6.394212611,"remaining_time":11.92731349},
{"learn":[0.1697405565],"iteration":349,"passed_time":6.40208161,"remaining_time":11.88958013},
{"learn":[0.1692449266],"iteration":350,"passed_time":6.409462747,"remaining_time":11.85111488},
{"learn":[0.1688536697],"iteration":351,"passed_time":6.416414854,"remaining_time":11.81203644},
{"learn":[0.1685274698],"iteration":352,"passed_time":6.426203636,"remaining_time":11.77833924},
{"learn":[0.1683358957],"iteration":353,"passed_time":6.432914041,"remaining_time":11.73915952},
{"learn":[0.1679604725],"iteration":354,"passed_time":6.439015588,"remaining_time":11.69905649},
{"learn":[0.1675670684],"iteration":355,"passed_time":6.445585288,"remaining_time":11.65999136},
{"learn":[0.1673429495],"iteration":356,"passed_time":6.455253865,"remaining_time":11.62668973},
{"learn":[0.1669834238],"iteration":357,"passed_time":6.46214014,"remaining_time":11.58853064},
{"learn":[0.1666228323],"iteration":358,"passed_time":6.470839326,"remaining_time":11.55378275},
{"learn":[0.1663597041],"iteration":359,"passed_time":6.477033953,"remaining_time":11.51472703},
{"learn":[0.1661080464],"iteration":360,"passed_time":6.484595294,"remaining_time":11.47827256},
{"learn":[0.1656676871],"iteration":361,"passed_time":6.492517,"remaining_time":11.44261283},
{"learn":[0.1654191659],"iteration":362,"passed_time":6.49905366,"remaining_time":11.40467543},
{"learn":[0.1652006396],"iteration":363,"passed_time":6.505642027,"remaining_time":11.3670009},
{"learn":[0.1647997519],"iteration":364,"passed_time":6.52608265,"remaining_time":11.35359584},
{"learn":[0.1644912788],"iteration":365,"passed_time":6.536001845,"remaining_time":11.32192669},
{"learn":[0.164205968],"iteration":366,"passed_time":6.542866413,"remaining_time":11.28510746},
{"learn":[0.1639151189],"iteration":367,"passed_time":6.555390247,"remaining_time":11.25817021},
{"learn":[0.1636273641],"iteration":368,"passed_time":6.561664372,"remaining_time":11.2206239},
{"learn":[0.1634189012],"iteration":369,"passed_time":6.56850944,"remaining_time":11.18421878},
{"learn":[0.1631050909],"iteration":370,"passed_time":6.577531659,"remaining_time":11.15166419},
{"learn":[0.1628489037],"iteration":371,"passed_time":6.589563923,"remaining_time":11.12431759},
{"learn":[0.162577288],"iteration":372,"passed_time":6.596422074,"remaining_time":11.0883556},
{"learn":[0.1622858199],"iteration":373,"passed_time":6.602214212,"remaining_time":11.05076496},
{"learn":[0.1620126415],"iteration":374,"passed_time":6.608940117,"remaining_time":11.01490019},
{"learn":[0.1616843219],"iteration":375,"passed_time":6.621503783,"remaining_time":10.98887862},
{"learn":[0.1613908314],"iteration":376,"passed_time":6.628995709,"remaining_time":10.95454729},
{"learn":[0.1610464576],"iteration":377,"passed_time":6.634649184,"remaining_time":10.91733278},
{"learn":[0.1607356111],"iteration":378,"passed_time":6.642307647,"remaining_time":10.88357005},
{"learn":[0.1605407805],"iteration":379,"passed_time":6.655112682,"remaining_time":10.85834174},
{"learn":[0.1603151109],"iteration":380,"passed_time":6.66253386,"remaining_time":10.82443165},
{"learn":[0.160144012],"iteration":381,"passed_time":6.667790179,"remaining_time":10.78715793},
{"learn":[0.1599453936],"iteration":382,"passed_time":6.674236299,"remaining_time":10.75196814},
{"learn":[0.1597994263],"iteration":383,"passed_time":6.689214818,"remaining_time":10.73061544},
{"learn":[0.1595841632],"iteration":384,"passed_time":6.696409627,"remaining_time":10.69686213},
{"learn":[0.1593145769],"iteration":385,"passed_time":6.702355178,"remaining_time":10.66125927},
{"learn":[0.1590145789],"iteration":386,"passed_time":6.709531112,"remaining_time":10.62775858},
{"learn":[0.1588166592],"iteration":387,"passed_time":6.720062582,"remaining_time":10.59968634},
{"learn":[0.1584362775],"iteration":388,"passed_time":6.727060897,"remaining_time":10.56615478},
{"learn":[0.1580245941],"iteration":389,"passed_time":6.73232259,"remaining_time":10.53004303},
{"learn":[0.157775493],"iteration":390,"passed_time":6.743334464,"remaining_time":10.50304524},
{"learn":[0.1574110645],"iteration":391,"passed_time":6.760389345,"remaining_time":10.48550184},
{"learn":[0.1572609438],"iteration":392,"passed_time":6.773163047,"remaining_time":10.46134852},
{"learn":[0.1568180508],"iteration":393,"passed_time":6.783606812,"remaining_time":10.43366936},
{"learn":[0.1565779778],"iteration":394,"passed_time":6.791264317,"remaining_time":10.4018099},
{"learn":[0.1563196182],"iteration":395,"passed_time":6.799656052,"remaining_time":10.37119256},
{"learn":[0.1561538766],"iteration":396,"passed_time":6.805733849,"remaining_time":10.33717257},
{"learn":[0.1558373763],"iteration":397,"passed_time":6.816445189,"remaining_time":10.31030152},
{"learn":[0.1556703262],"iteration":398,"passed_time":6.824240607,"remaining_time":10.27911931},
{"learn":[0.1552297015],"iteration":399,"passed_time":6.830590939,"remaining_time":10.24588641},
{"learn":[0.1550345249],"iteration":400,"passed_time":6.836650945,"remaining_time":10.2123539},
{"learn":[0.1547808719],"iteration":401,"passed_time":6.843787213,"remaining_time":10.18055909},
{"learn":[0.1545508908],"iteration":402,"passed_time":6.853990109,"remaining_time":10.15342952},
{"learn":[0.1543763126],"iteration":403,"passed_time":6.861707654,"remaining_time":10.12271723},
{"learn":[0.1542528754],"iteration":404,"passed_time":6.868713426,"remaining_time":10.09107281},
{"learn":[0.1540695002],"iteration":405,"passed_time":6.87782181,"remaining_time":10.062626},
{"learn":[0.1538013799],"iteration":406,"passed_time":6.889045303,"remaining_time":10.03735593},
{"learn":[0.1533236759],"iteration":407,"passed_time":6.896349651,"remaining_time":10.00646812},
{"learn":[0.1530380734],"iteration":408,"passed_time":6.903168011,"remaining_time":9.974993386},
{"learn":[0.1528211028],"iteration":409,"passed_time":6.910526066,"remaining_time":9.944415558},
{"learn":[0.1525327329],"iteration":410,"passed_time":6.921950388,"remaining_time":9.91977805},
{"learn":[0.152274387],"iteration":411,"passed_time":6.928863371,"remaining_time":9.88876617},
{"learn":[0.1520404663],"iteration":412,"passed_time":6.935618275,"remaining_time":9.857646313},
{"learn":[0.1517714885],"iteration":413,"passed_time":6.94338186,"remaining_time":9.828071908},
{"learn":[0.1516442362],"iteration":414,"passed_time":6.953000146,"remaining_time":9.801217074},
{"learn":[0.1511336576],"iteration":415,"passed_time":6.959969253,"remaining_time":9.770726067},
{"learn":[0.1507491433],"iteration":416,"passed_time":6.967334474,"remaining_time":9.740901675},
{"learn":[0.1505406758],"iteration":417,"passed_time":6.975653962,"remaining_time":9.712513411},
{"learn":[0.1503417856],"iteration":418,"passed_time":6.989331557,"remaining_time":9.691650679},
{"learn":[0.1501131271],"iteration":419,"passed_time":6.997372051,"remaining_time":9.663037595},
{"learn":[0.1499030237],"iteration":420,"passed_time":7.003823505,"remaining_time":9.63233684},
{"learn":[0.1496874561],"iteration":421,"passed_time":7.009778305,"remaining_time":9.601070759},
{"learn":[0.1494721287],"iteration":422,"passed_time":7.020127489,"remaining_time":9.575918584},
{"learn":[0.1492971301],"iteration":423,"passed_time":7.026332366,"remaining_time":9.545206233},
{"learn":[0.1490335764],"iteration":424,"passed_time":7.03377746,"remaining_time":9.516287151},
{"learn":[0.1488142422],"iteration":425,"passed_time":7.040995101,"remaining_time":9.487162414},
{"learn":[0.1485230641],"iteration":426,"passed_time":7.050524598,"remaining_time":9.461242611},
{"learn":[0.1482133934],"iteration":427,"passed_time":7.056768057,"remaining_time":9.431007778},
{"learn":[0.1479916827],"iteration":428,"passed_time":7.06402374,"remaining_time":9.402232064},
{"learn":[0.1478344057],"iteration":429,"passed_time":7.071096177,"remaining_time":9.373313537},
{"learn":[0.1475705518],"iteration":430,"passed_time":7.07689019,"remaining_time":9.342808626},
{"learn":[0.1473965847],"iteration":431,"passed_time":7.087912272,"remaining_time":9.319292061},
{"learn":[0.1470171979],"iteration":432,"passed_time":7.095967975,"remaining_time":9.291948826},
{"learn":[0.1468335392],"iteration":433,"passed_time":7.104425958,"remaining_time":9.265219107},
{"learn":[0.1465932266],"iteration":434,"passed_time":7.111559769,"remaining_time":9.236853493},
{"learn":[0.1463383151],"iteration":435,"passed_time":7.121867245,"remaining_time":9.212690657},
{"learn":[0.1461090242],"iteration":436,"passed_time":7.129257257,"remaining_time":9.184832576},
{"learn":[0.1458752361],"iteration":437,"passed_time":7.135598089,"remaining_time":9.155721749},
{"learn":[0.1457701952],"iteration":438,"passed_time":7.141034903,"remaining_time":9.125559409},
{"learn":[0.1455608262],"iteration":439,"passed_time":7.150337489,"remaining_time":9.100429532},
{"learn":[0.1454521363],"iteration":440,"passed_time":7.156405536,"remaining_time":9.071271417},
{"learn":[0.1452524321],"iteration":441,"passed_time":7.163787965,"remaining_time":9.043877115},
{"learn":[0.144972367],"iteration":442,"passed_time":7.171241101,"remaining_time":9.016662061},
{"learn":[0.1446661925],"iteration":443,"passed_time":7.17700124,"remaining_time":8.987415967},
{"learn":[0.1444910528],"iteration":444,"passed_time":7.186960892,"remaining_time":8.963513022},
{"learn":[0.1443031832],"iteration":445,"passed_time":7.193908291,"remaining_time":8.935930926},
{"learn":[0.1441179414],"iteration":446,"passed_time":7.203434038,"remaining_time":8.911630923},
{"learn":[0.1439385181],"iteration":447,"passed_time":7.210534932,"remaining_time":8.884409113},
{"learn":[0.1436780635],"iteration":448,"passed_time":7.220485543,"remaining_time":8.860774018},
{"learn":[0.1435485613],"iteration":449,"passed_time":7.227883555,"remaining_time":8.8340799},
{"learn":[0.1434098383],"iteration":450,"passed_time":7.235951216,"remaining_time":8.808286513},
{"learn":[0.1431083729],"iteration":451,"passed_time":7.241282407,"remaining_time":8.779253892},
{"learn":[0.1427224548],"iteration":452,"passed_time":7.248809041,"remaining_time":8.752976921},
{"learn":[0.1425524589],"iteration":453,"passed_time":7.259639212,"remaining_time":8.730755528},
{"learn":[0.1423277372],"iteration":454,"passed_time":7.269335537,"remaining_time":8.707226083},
{"learn":[0.1419185022],"iteration":455,"passed_time":7.274882557,"remaining_time":8.678807261},
{"learn":[0.1416401733],"iteration":456,"passed_time":7.2917554,"remaining_time":8.663945695},
{"learn":[0.1413134613],"iteration":457,"passed_time":7.301971921,"remaining_time":8.641198212},
{"learn":[0.1411218143],"iteration":458,"passed_time":7.309039483,"remaining_time":8.614793813},
{"learn":[0.1408909328],"iteration":459,"passed_time":7.321935682,"remaining_time":8.595315801},
{"learn":[0.1405933195],"iteration":460,"passed_time":7.330261919,"remaining_time":8.570523155},
{"learn":[0.1403892304],"iteration":461,"passed_time":7.336189845,"remaining_time":8.543008954},
{"learn":[0.1399770035],"iteration":462,"passed_time":7.355818657,"remaining_time":8.531478659},
{"learn":[0.1398100942],"iteration":463,"passed_time":7.372107142,"remaining_time":8.516054801},
{"learn":[0.1396628888],"iteration":464,"passed_time":7.378443598,"remaining_time":8.489177043},
{"learn":[0.1393232212],"iteration":465,"passed_time":7.3959658,"remaining_time":8.475205444},
{"learn":[0.1390026659],"iteration":466,"passed_time":7.402903949,"remaining_time":8.449138768},
{"learn":[0.1386872561],"iteration":467,"passed_time":7.408449468,"remaining_time":8.421570763},
{"learn":[0.138449569],"iteration":468,"passed_time":7.414824799,"remaining_time":8.395036179},
{"learn":[0.1382633113],"iteration":469,"passed_time":7.42682473,"remaining_time":8.374930015},
{"learn":[0.1380478631],"iteration":470,"passed_time":7.439566392,"remaining_time":8.35569134},
{"learn":[0.137790205],"iteration":471,"passed_time":7.446351545,"remaining_time":8.329816982},
{"learn":[0.1376740083],"iteration":472,"passed_time":7.456874182,"remaining_time":8.308187514},
{"learn":[0.1374157174],"iteration":473,"passed_time":7.466851584,"remaining_time":8.285999859},
{"learn":[0.1371902809],"iteration":474,"passed_time":7.472619931,"remaining_time":8.259211502},
{"learn":[0.1367564779],"iteration":475,"passed_time":7.477957331,"remaining_time":8.232037061},
{"learn":[0.1365524243],"iteration":476,"passed_time":7.496890869,"remaining_time":8.219861477},
{"learn":[0.1363789634],"iteration":477,"passed_time":7.510097894,"remaining_time":8.201403976},
{"learn":[0.136210087],"iteration":478,"passed_time":7.516896422,"remaining_time":8.175997987},
{"learn":[0.1360363824],"iteration":479,"passed_time":7.53465995,"remaining_time":8.162548279},
{"learn":[0.1358937411],"iteration":480,"passed_time":7.543355511,"remaining_time":8.139296279},
{"learn":[0.1357749476],"iteration":481,"passed_time":7.549862838,"remaining_time":8.113753008},
{"learn":[0.1355829022],"iteration":482,"passed_time":7.563934756,"remaining_time":8.096385649},
{"learn":[0.1352773157],"iteration":483,"passed_time":7.571004693,"remaining_time":8.071566987},
{"learn":[0.1350577565],"iteration":484,"passed_time":7.57646534,"remaining_time":8.04511268},
{"learn":[0.1348421906],"iteration":485,"passed_time":7.582433848,"remaining_time":8.019281888},
{"learn":[0.1344928104],"iteration":486,"passed_time":7.593867502,"remaining_time":7.999289587},
{"learn":[0.1341909907],"iteration":487,"passed_time":7.601496883,"remaining_time":7.975340992},
{"learn":[0.1340611285],"iteration":488,"passed_time":7.608192872,"remaining_time":7.950483758},
{"learn":[0.1337568295],"iteration":489,"passed_time":7.613599728,"remaining_time":7.924358901},
{"learn":[0.1335205405],"iteration":490,"passed_time":7.628132343,"remaining_time":7.907778742},
{"learn":[0.1333436796],"iteration":491,"passed_time":7.634461799,"remaining_time":7.88273698},
{"learn":[0.1331312098],"iteration":492,"passed_time":7.642296466,"remaining_time":7.859319084},
{"learn":[0.1328911543],"iteration":493,"passed_time":7.648777128,"remaining_time":7.834577382},
{"learn":[0.1327404114],"iteration":494,"passed_time":7.660579648,"remaining_time":7.815338832},
{"learn":[0.1326383395],"iteration":495,"passed_time":7.669991898,"remaining_time":7.793701444},
{"learn":[0.1324210935],"iteration":496,"passed_time":7.676636929,"remaining_time":7.769312627},
{"learn":[0.1321503954],"iteration":497,"passed_time":7.682186324,"remaining_time":7.743890632},
{"learn":[0.1320392467],"iteration":498,"passed_time":7.694378375,"remaining_time":7.725217567},
{"learn":[0.1318642501],"iteration":499,"passed_time":7.701884509,"remaining_time":7.701884509},
{"learn":[0.1315920484],"iteration":500,"passed_time":7.707847684,"remaining_time":7.677077833},
{"learn":[0.1314524576],"iteration":501,"passed_time":7.71358474,"remaining_time":7.652121913},
{"learn":[0.1312282336],"iteration":502,"passed_time":7.726252945,"remaining_time":7.634090882},
{"learn":[0.1311516725],"iteration":503,"passed_time":7.732260536,"remaining_time":7.609526241},
{"learn":[0.1309097705],"iteration":504,"passed_time":7.739211059,"remaining_time":7.585959355},
{"learn":[0.1307658754],"iteration":505,"passed_time":7.744765329,"remaining_time":7.561095005},
{"learn":[0.1305935723],"iteration":506,"passed_time":7.750934581,"remaining_time":7.53690483},
{"learn":[0.1304651809],"iteration":507,"passed_time":7.762863348,"remaining_time":7.518363715},
{"learn":[0.1301693238],"iteration":508,"passed_time":7.769881537,"remaining_time":7.495111659},
{"learn":[0.1299685928],"iteration":509,"passed_time":7.776465778,"remaining_time":7.471506336},
{"learn":[0.1299126703],"iteration":510,"passed_time":7.787450778,"remaining_time":7.452178925},
{"learn":[0.1298354914],"iteration":511,"passed_time":7.802763705,"remaining_time":7.437009156},
{"learn":[0.1297618212],"iteration":512,"passed_time":7.80960669,"remaining_time":7.413798164},
{"learn":[0.1295529639],"iteration":513,"passed_time":7.816538714,"remaining_time":7.390735049},
{"learn":[0.1292954886],"iteration":514,"passed_time":7.82741605,"remaining_time":7.371450067},
{"learn":[0.1290373803],"iteration":515,"passed_time":7.83471944,"remaining_time":7.348845366},
{"learn":[0.1289194218],"iteration":516,"passed_time":7.840701072,"remaining_time":7.325065025},
{"learn":[0.1286737355],"iteration":517,"passed_time":7.846645831,"remaining_time":7.301319094},
{"learn":[0.1286110691],"iteration":518,"passed_time":7.85554272,"remaining_time":7.280377742},
{"learn":[0.1284042467],"iteration":519,"passed_time":7.864052827,"remaining_time":7.259125687},
{"learn":[0.1280415965],"iteration":520,"passed_time":7.872183153,"remaining_time":7.237573379},
{"learn":[0.1278791933],"iteration":521,"passed_time":7.879610331,"remaining_time":7.215428617},
{"learn":[0.1275769401],"iteration":522,"passed_time":7.88929399,"remaining_time":7.195398152},
{"learn":[0.1273085281],"iteration":523,"passed_time":7.90040607,"remaining_time":7.176704751},
{"learn":[0.1270891545],"iteration":524,"passed_time":7.907626337,"remaining_time":7.154519067},
{"learn":[0.1268356632],"iteration":525,"passed_time":7.917150917,"remaining_time":7.134466796},
{"learn":[0.126645452],"iteration":526,"passed_time":7.924781715,"remaining_time":7.112754746},
{"learn":[0.1264762624],"iteration":527,"passed_time":7.93323449,"remaining_time":7.091830832},
{"learn":[0.1262234096],"iteration":528,"passed_time":7.939973728,"remaining_time":7.069428404},
{"learn":[0.1261153868],"iteration":529,"passed_time":7.946776756,"remaining_time":7.047141651},
{"learn":[0.1259297712],"iteration":530,"passed_time":7.95543965,"remaining_time":7.026555925},
{"learn":[0.1256945151],"iteration":531,"passed_time":7.964431328,"remaining_time":7.006304251},
{"learn":[0.1255371817],"iteration":532,"passed_time":7.972442324,"remaining_time":6.985235582},
{"learn":[0.1254130362],"iteration":533,"passed_time":7.978812571,"remaining_time":6.962784004},
{"learn":[0.1251952725],"iteration":534,"passed_time":7.986762235,"remaining_time":6.941765307},
{"learn":[0.1250788007],"iteration":535,"passed_time":7.996695138,"remaining_time":6.922512209},
{"learn":[0.1249659291],"iteration":536,"passed_time":8.00364237,"remaining_time":6.900719586},
{"learn":[0.1248683146],"iteration":537,"passed_time":8.009605087,"remaining_time":6.87813671},
{"learn":[0.1247138455],"iteration":538,"passed_time":8.015789214,"remaining_time":6.855804875},
{"learn":[0.1245305041],"iteration":539,"passed_time":8.023063438,"remaining_time":6.834461447},
{"learn":[0.1243563012],"iteration":540,"passed_time":8.032253069,"remaining_time":6.814795118},
{"learn":[0.1241795514],"iteration":541,"passed_time":8.037884794,"remaining_time":6.792160952},
{"learn":[0.1239955004],"iteration":542,"passed_time":8.043989549,"remaining_time":6.769987521},
{"learn":[0.1237350361],"iteration":543,"passed_time":8.051900047,"remaining_time":6.749386804},
{"learn":[0.1235221184],"iteration":544,"passed_time":8.058643035,"remaining_time":6.727857946},
{"learn":[0.1233296406],"iteration":545,"passed_time":8.066396829,"remaining_time":6.707223737},
{"learn":[0.1232123853],"iteration":546,"passed_time":8.073334478,"remaining_time":6.685960729},
{"learn":[0.1230017969],"iteration":547,"passed_time":8.080180171,"remaining_time":6.664674156},
{"learn":[0.1227989581],"iteration":548,"passed_time":8.086801662,"remaining_time":6.64325601},
{"learn":[0.1226990039],"iteration":549,"passed_time":8.095416725,"remaining_time":6.623522775},
{"learn":[0.1225476077],"iteration":550,"passed_time":8.101489355,"remaining_time":6.601758113},
{"learn":[0.1224361162],"iteration":551,"passed_time":8.109073029,"remaining_time":6.581276661},
{"learn":[0.1222659215],"iteration":552,"passed_time":8.116230839,"remaining_time":6.560497622},
{"learn":[0.1221634682],"iteration":553,"passed_time":8.12404609,"remaining_time":6.540297032},
{"learn":[0.1219639066],"iteration":554,"passed_time":8.130325923,"remaining_time":6.518909974},
{"learn":[0.1217985069],"iteration":555,"passed_time":8.137595896,"remaining_time":6.498367946},
{"learn":[0.121660378],"iteration":556,"passed_time":8.144695,"remaining_time":6.477737675},
{"learn":[0.1216015259],"iteration":557,"passed_time":8.150950292,"remaining_time":6.456487507},
{"learn":[0.1214213466],"iteration":558,"passed_time":8.160937027,"remaining_time":6.438234756},
{"learn":[0.1211501449],"iteration":559,"passed_time":8.168745361,"remaining_time":6.418299926},
{"learn":[0.1209928048],"iteration":560,"passed_time":8.175605512,"remaining_time":6.397666345},
{"learn":[0.1208453719],"iteration":561,"passed_time":8.181584228,"remaining_time":6.376394826},
{"learn":[0.1207110823],"iteration":562,"passed_time":8.188025266,"remaining_time":6.355536485},
{"learn":[0.1204624217],"iteration":563,"passed_time":8.196545539,"remaining_time":6.336336623},
{"learn":[0.1203394975],"iteration":564,"passed_time":8.203372066,"remaining_time":6.315870529},
{"learn":[0.1200991676],"iteration":565,"passed_time":8.211084237,"remaining_time":6.296131729},
{"learn":[0.1199453413],"iteration":566,"passed_time":8.216558924,"remaining_time":6.274726657},
{"learn":[0.1197803293],"iteration":567,"passed_time":8.224602253,"remaining_time":6.255331291},
{"learn":[0.1195559767],"iteration":568,"passed_time":8.231522777,"remaining_time":6.235125337},
{"learn":[0.1194468201],"iteration":569,"passed_time":8.238798376,"remaining_time":6.215233862},
{"learn":[0.1193090132],"iteration":570,"passed_time":8.244705094,"remaining_time":6.194358118},
{"learn":[0.1191542243],"iteration":571,"passed_time":8.250202906,"remaining_time":6.173228748},
{"learn":[0.1190473399],"iteration":572,"passed_time":8.256535613,"remaining_time":6.152776102},
{"learn":[0.1189226017],"iteration":573,"passed_time":8.263017732,"remaining_time":6.132483544},
{"learn":[0.1188049788],"iteration":574,"passed_time":8.26911982,"remaining_time":6.111958128},
{"learn":[0.1186704755],"iteration":575,"passed_time":8.275260574,"remaining_time":6.091511256},
{"learn":[0.118455179],"iteration":576,"passed_time":8.281311497,"remaining_time":6.071048116},
{"learn":[0.1182309795],"iteration":577,"passed_time":8.287698535,"remaining_time":6.050880245},
{"learn":[0.118156107],"iteration":578,"passed_time":8.297630147,"remaining_time":6.033337291},
{"learn":[0.117987773],"iteration":579,"passed_time":8.3050142,"remaining_time":6.0139758},
{"learn":[0.1178843351],"iteration":580,"passed_time":8.311283701,"remaining_time":5.993851757},
{"learn":[0.117836645],"iteration":581,"passed_time":8.318089728,"remaining_time":5.974160664},
{"learn":[0.117671016],"iteration":582,"passed_time":8.330417401,"remaining_time":5.958463218},
{"learn":[0.1174838984],"iteration":583,"passed_time":8.342361,"remaining_time":5.942503726},
{"learn":[0.1172355497],"iteration":584,"passed_time":8.349613433,"remaining_time":5.923230042},
{"learn":[0.1171188095],"iteration":585,"passed_time":8.360599683,"remaining_time":5.906635271},
{"learn":[0.1169738372],"iteration":586,"passed_time":8.368022861,"remaining_time":5.887552711},
{"learn":[0.1168990322],"iteration":587,"passed_time":8.374339193,"remaining_time":5.867734264},
{"learn":[0.1166993028],"iteration":588,"passed_time":8.380754939,"remaining_time":5.848031036},
{"learn":[0.1164605126],"iteration":589,"passed_time":8.387049772,"remaining_time":5.828288825},
{"learn":[0.1163127699],"iteration":590,"passed_time":8.393918048,"remaining_time":5.80898897},
{"learn":[0.1161741278],"iteration":591,"passed_time":8.401868503,"remaining_time":5.790476942},
{"learn":[0.1160988486],"iteration":592,"passed_time":8.408188544,"remaining_time":5.770881513},
{"learn":[0.1159735658],"iteration":593,"passed_time":8.414112095,"remaining_time":5.751059782},
{"learn":[0.1157816953],"iteration":594,"passed_time":8.421853556,"remaining_time":5.732522168},
{"learn":[0.1155940814],"iteration":595,"passed_time":8.431672004,"remaining_time":5.715428674},
{"learn":[0.115425537],"iteration":596,"passed_time":8.439440339,"remaining_time":5.696975639},
{"learn":[0.1152737434],"iteration":597,"passed_time":8.445691965,"remaining_time":5.677538745},
{"learn":[0.1150619608],"iteration":598,"passed_time":8.45168368,"remaining_time":5.65797188},
{"learn":[0.1149812044],"iteration":599,"passed_time":8.459782799,"remaining_time":5.639855199},
{"learn":[0.1147772618],"iteration":600,"passed_time":8.472049973,"remaining_time":5.624539},
{"learn":[0.1146399833],"iteration":601,"passed_time":8.479220741,"remaining_time":5.605863546},
{"learn":[0.1144625831],"iteration":602,"passed_time":8.484994421,"remaining_time":5.586306443},
{"learn":[0.1143039562],"iteration":603,"passed_time":8.490869057,"remaining_time":5.566861169},
{"learn":[0.1142128107],"iteration":604,"passed_time":8.500643589,"remaining_time":5.550006971},
{"learn":[0.1141062278],"iteration":605,"passed_time":8.50634927,"remaining_time":5.530530714},
{"learn":[0.1139441426],"iteration":606,"passed_time":8.512127075,"remaining_time":5.511146525},
{"learn":[0.1138852512],"iteration":607,"passed_time":8.518925353,"remaining_time":5.49246503},
{"learn":[0.1136243664],"iteration":608,"passed_time":8.525866377,"remaining_time":5.473914209},
{"learn":[0.1134063711],"iteration":609,"passed_time":8.536301058,"remaining_time":5.457635103},
{"learn":[0.1133342925],"iteration":610,"passed_time":8.542266525,"remaining_time":5.438529752},
{"learn":[0.1131821334],"iteration":611,"passed_time":8.547822419,"remaining_time":5.419207677},
{"learn":[0.1129640005],"iteration":612,"passed_time":8.553677805,"remaining_time":5.400119593},
{"learn":[0.1127720397],"iteration":613,"passed_time":8.560118426,"remaining_time":5.381442528},
{"learn":[0.1126239616],"iteration":614,"passed_time":8.572818005,"remaining_time":5.366723467},
{"learn":[0.1125587463],"iteration":615,"passed_time":8.579112338,"remaining_time":5.348018081},
{"learn":[0.1123447485],"iteration":616,"passed_time":8.585012765,"remaining_time":5.32910841},
{"learn":[0.1122119903],"iteration":617,"passed_time":8.592247781,"remaining_time":5.31106578},
{"learn":[0.112072122],"iteration":618,"passed_time":8.602930372,"remaining_time":5.295180084},
{"learn":[0.1118835715],"iteration":619,"passed_time":8.610964451,"remaining_time":5.277687889},
{"learn":[0.1116269545],"iteration":620,"passed_time":8.617687147,"remaining_time":5.259425811},
{"learn":[0.111406973],"iteration":621,"passed_time":8.623733736,"remaining_time":5.240789956},
{"learn":[0.11120628],"iteration":622,"passed_time":8.632210136,"remaining_time":5.223664882},
{"learn":[0.1110180671],"iteration":623,"passed_time":8.639336697,"remaining_time":5.205754164},
{"learn":[0.1107950313],"iteration":624,"passed_time":8.646289637,"remaining_time":5.187773782},
{"learn":[0.1105041074],"iteration":625,"passed_time":8.652874171,"remaining_time":5.16960853},
{"learn":[0.1104313286],"iteration":626,"passed_time":8.659344166,"remaining_time":5.151412079},
{"learn":[0.1103157633],"iteration":627,"passed_time":8.669154989,"remaining_time":5.135231936},
{"learn":[0.1102084081],"iteration":628,"passed_time":8.676897783,"remaining_time":5.117852269},
{"learn":[0.1100583738],"iteration":629,"passed_time":8.683020495,"remaining_time":5.09955172},
{"learn":[0.1098645442],"iteration":630,"passed_time":8.689371743,"remaining_time":5.081423413},
{"learn":[0.1097073369],"iteration":631,"passed_time":8.699182441,"remaining_time":5.065346738},
{"learn":[0.1095831985],"iteration":632,"passed_time":8.70618713,"remaining_time":5.047662996},
{"learn":[0.1094706084],"iteration":633,"passed_time":8.712421756,"remaining_time":5.029568396},
{"learn":[0.1092686089],"iteration":634,"passed_time":8.719190493,"remaining_time":5.011818157},
{"learn":[0.109086094],"iteration":635,"passed_time":8.726864748,"remaining_time":4.994620705},
{"learn":[0.1088947045],"iteration":636,"passed_time":8.734115138,"remaining_time":4.97721161},
{"learn":[0.1088181585],"iteration":637,"passed_time":8.740616591,"remaining_time":4.959409414},
{"learn":[0.1087448991],"iteration":638,"passed_time":8.746524851,"remaining_time":4.941307466},
{"learn":[0.1085189341],"iteration":639,"passed_time":8.752887973,"remaining_time":4.923499485},
{"learn":[0.1084229412],"iteration":640,"passed_time":8.761339582,"remaining_time":4.906896895},
{"learn":[0.1082597154],"iteration":641,"passed_time":8.767394921,"remaining_time":4.888983461},
{"learn":[0.1080777493],"iteration":642,"passed_time":8.77352055,"remaining_time":4.871145935},
{"learn":[0.1079563809],"iteration":643,"passed_time":8.779918839,"remaining_time":4.853495507},
{"learn":[0.107839543],"iteration":644,"passed_time":8.786681326,"remaining_time":4.83608042},
{"learn":[0.1074336796],"iteration":645,"passed_time":8.79649344,"remaining_time":4.82036947},
{"learn":[0.1073041936],"iteration":646,"passed_time":8.803468713,"remaining_time":4.803128989},
{"learn":[0.107194249],"iteration":647,"passed_time":8.810802602,"remaining_time":4.786114994},
{"learn":[0.1070725169],"iteration":648,"passed_time":8.817080852,"remaining_time":4.768559906},
{"learn":[0.1069315688],"iteration":649,"passed_time":8.822964071,"remaining_time":4.750826807},
{"learn":[0.1066612206],"iteration":650,"passed_time":8.837457769,"remaining_time":4.737746177},
{"learn":[0.1064502995],"iteration":651,"passed_time":8.8435209,"remaining_time":4.720161462},
{"learn":[0.1063171626],"iteration":652,"passed_time":8.850281637,"remaining_time":4.702982738},
{"learn":[0.1061907686],"iteration":653,"passed_time":8.857133247,"remaining_time":4.68588395},
{"learn":[0.1060484669],"iteration":654,"passed_time":8.865643479,"remaining_time":4.669690077},
{"learn":[0.1059735337],"iteration":655,"passed_time":8.871209623,"remaining_time":4.651975778},
{"learn":[0.105792517],"iteration":656,"passed_time":8.87700976,"remaining_time":4.634420621},
{"learn":[0.1055929955],"iteration":657,"passed_time":8.88317068,"remaining_time":4.617088712},
{"learn":[0.1054970603],"iteration":658,"passed_time":8.889688174,"remaining_time":4.599975216},
{"learn":[0.1053307676],"iteration":659,"passed_time":8.899707324,"remaining_time":4.584697713},
{"learn":[0.1051512259],"iteration":660,"passed_time":8.906895092,"remaining_time":4.567984018},
{"learn":[0.1049512705],"iteration":661,"passed_time":8.91310051,"remaining_time":4.550797542},
{"learn":[0.1047479881],"iteration":662,"passed_time":8.919496715,"remaining_time":4.533741166},
{"learn":[0.1046799032],"iteration":663,"passed_time":8.928312648,"remaining_time":4.51794134},
{"learn":[0.1045427606],"iteration":664,"passed_time":8.936054234,"remaining_time":4.501621306},
{"learn":[0.1044145585],"iteration":665,"passed_time":8.942187988,"remaining_time":4.484520703},
{"learn":[0.1042777657],"iteration":666,"passed_time":8.948456113,"remaining_time":4.467520068},
{"learn":[0.1041209001],"iteration":667,"passed_time":8.955376513,"remaining_time":4.450875752},
{"learn":[0.1039820769],"iteration":668,"passed_time":8.96237391,"remaining_time":4.434298601},
{"learn":[0.1037677304],"iteration":669,"passed_time":8.969223562,"remaining_time":4.417677277},
{"learn":[0.1035841591],"iteration":670,"passed_time":8.975483979,"remaining_time":4.400796168},
{"learn":[0.1034004534],"iteration":671,"passed_time":8.981699939,"remaining_time":4.38392497},
{"learn":[0.1032116037],"iteration":672,"passed_time":8.987962106,"remaining_time":4.367107888},
{"learn":[0.1030811996],"iteration":673,"passed_time":8.996723748,"remaining_time":4.351531071},
{"learn":[0.1028866875],"iteration":674,"passed_time":9.008745929,"remaining_time":4.337544336},
{"learn":[0.1027068847],"iteration":675,"passed_time":9.017038542,"remaining_time":4.321775869},
{"learn":[0.1026170419],"iteration":676,"passed_time":9.090292638,"remaining_time":4.337022928},
{"learn":[0.1025852403],"iteration":677,"passed_time":9.116430736,"remaining_time":4.329632296},
{"learn":[0.1025148386],"iteration":678,"passed_time":9.141754355,"remaining_time":4.321801396},
{"learn":[0.1024240056],"iteration":679,"passed_time":9.151767047,"remaining_time":4.306713905},
{"learn":[0.1023007178],"iteration":680,"passed_time":9.160885097,"remaining_time":4.291222241},
{"learn":[0.1021833377],"iteration":681,"passed_time":9.170231307,"remaining_time":4.275855653},
{"learn":[0.101989702],"iteration":682,"passed_time":9.179861843,"remaining_time":4.260638659},
{"learn":[0.101893641],"iteration":683,"passed_time":9.212063988,"remaining_time":4.255865819},
{"learn":[0.1017307398],"iteration":684,"passed_time":9.225961827,"remaining_time":4.242595585},
{"learn":[0.1015609016],"iteration":685,"passed_time":9.235138583,"remaining_time":4.227162558},
{"learn":[0.1013651547],"iteration":686,"passed_time":9.243987598,"remaining_time":4.211598425},
{"learn":[0.1012075973],"iteration":687,"passed_time":9.256579264,"remaining_time":4.197751062},
{"learn":[0.1010557479],"iteration":688,"passed_time":9.263446748,"remaining_time":4.181323568},
{"learn":[0.1009013085],"iteration":689,"passed_time":9.272318013,"remaining_time":4.165824035},
{"learn":[0.1008452023],"iteration":690,"passed_time":9.285697574,"remaining_time":4.152359697},
{"learn":[0.1007523782],"iteration":691,"passed_time":9.292300774,"remaining_time":4.135879535},
{"learn":[0.100663528],"iteration":692,"passed_time":9.299246089,"remaining_time":4.119579436},
{"learn":[0.1004824888],"iteration":693,"passed_time":9.306630893,"remaining_time":4.103500077},
{"learn":[0.1003437606],"iteration":694,"passed_time":9.31634826,"remaining_time":4.08846938},
{"learn":[0.1001961521],"iteration":695,"passed_time":9.324918949,"remaining_time":4.072953104},
{"learn":[0.1000386953],"iteration":696,"passed_time":9.331792058,"remaining_time":4.056718786},
{"learn":[0.09991612705],"iteration":697,"passed_time":9.338485005,"remaining_time":4.04043334},
{"learn":[0.09973897943],"iteration":698,"passed_time":9.349204471,"remaining_time":4.025909221},
{"learn":[0.09963584439],"iteration":699,"passed_time":9.35650111,"remaining_time":4.009929047},
{"learn":[0.0995326839],"iteration":700,"passed_time":9.364635811,"remaining_time":3.994331109},
{"learn":[0.09916817893],"iteration":701,"passed_time":9.371002684,"remaining_time":3.978003988},
{"learn":[0.09906041075],"iteration":702,"passed_time":9.380767508,"remaining_time":3.963140754},
{"learn":[0.09887960735],"iteration":703,"passed_time":9.389646938,"remaining_time":3.947919735},
{"learn":[0.09868859436],"iteration":704,"passed_time":9.396222139,"remaining_time":3.931752526},
{"learn":[0.09854183797],"iteration":705,"passed_time":9.402403225,"remaining_time":3.915448368},
{"learn":[0.09842727882],"iteration":706,"passed_time":9.408812304,"remaining_time":3.899267334},
{"learn":[0.0983433925],"iteration":707,"passed_time":9.42135768,"remaining_time":3.885644693},
{"learn":[0.09822165299],"iteration":708,"passed_time":9.428609154,"remaining_time":3.869852276},
{"learn":[0.09804241291],"iteration":709,"passed_time":9.434453832,"remaining_time":3.853509312},
{"learn":[0.0979825067],"iteration":710,"passed_time":9.446072815,"remaining_time":3.839542959},
{"learn":[0.09786801537],"iteration":711,"passed_time":9.45893114,"remaining_time":3.826084506},
{"learn":[0.09769943988],"iteration":712,"passed_time":9.466996551,"remaining_time":3.810698471},
{"learn":[0.09753503926],"iteration":713,"passed_time":9.486472992,"remaining_time":3.799903748},
{"learn":[0.09731137794],"iteration":714,"passed_time":9.506062139,"remaining_time":3.789129664},
{"learn":[0.09725256622],"iteration":715,"passed_time":9.514505123,"remaining_time":3.773909853},
{"learn":[0.09711659616],"iteration":716,"passed_time":9.52350405,"remaining_time":3.758928377},
{"learn":[0.09697050713],"iteration":717,"passed_time":9.529451226,"remaining_time":3.742764966},
{"learn":[0.09681772115],"iteration":718,"passed_time":9.535095909,"remaining_time":3.726511753},
{"learn":[0.09674511922],"iteration":719,"passed_time":9.541081125,"remaining_time":3.710420438},
{"learn":[0.09661991457],"iteration":720,"passed_time":9.548227685,"remaining_time":3.694806552},
{"learn":[0.09651411197],"iteration":721,"passed_time":9.556449884,"remaining_time":3.679630288},
{"learn":[0.09634997895],"iteration":722,"passed_time":9.561566206,"remaining_time":3.663283318},
{"learn":[0.09617795504],"iteration":723,"passed_time":9.56771596,"remaining_time":3.647361333},
{"learn":[0.09607435892],"iteration":724,"passed_time":9.573714092,"remaining_time":3.631408793},
{"learn":[0.09601656369],"iteration":725,"passed_time":9.580724281,"remaining_time":3.615865638},
{"learn":[0.09581568095],"iteration":726,"passed_time":9.589102517,"remaining_time":3.60085968},
{"learn":[0.0956841888],"iteration":727,"passed_time":9.595527388,"remaining_time":3.585142101},
{"learn":[0.09558247741],"iteration":728,"passed_time":9.601191529,"remaining_time":3.569167221},
{"learn":[0.09544017364],"iteration":729,"passed_time":9.607591401,"remaining_time":3.55349271},
{"learn":[0.09514913982],"iteration":730,"passed_time":9.61488079,"remaining_time":3.538170906},
{"learn":[0.09501116085],"iteration":731,"passed_time":9.624454286,"remaining_time":3.523707307},
{"learn":[0.09490018031],"iteration":732,"passed_time":9.630294631,"remaining_time":3.507897226},
{"learn":[0.09471632706],"iteration":733,"passed_time":9.63662338,"remaining_time":3.492291307},
{"learn":[0.09462739815],"iteration":734,"passed_time":9.642346436,"remaining_time":3.476492252},
{"learn":[0.09445569492],"iteration":735,"passed_time":9.649116965,"remaining_time":3.461096302},
{"learn":[0.09433204633],"iteration":736,"passed_time":9.656352439,"remaining_time":3.445889676},
{"learn":[0.09424136327],"iteration":737,"passed_time":9.662080787,"remaining_time":3.430169602},
{"learn":[0.09409495311],"iteration":738,"passed_time":9.668020546,"remaining_time":3.414551235},
{"learn":[0.09396098994],"iteration":739,"passed_time":9.675156273,"remaining_time":3.399379231},
{"learn":[0.09382105772],"iteration":740,"passed_time":9.683160935,"remaining_time":3.384532635},
{"learn":[0.0936886703],"iteration":741,"passed_time":9.689623972,"remaining_time":3.369168443},
{"learn":[0.09354420416],"iteration":742,"passed_time":9.696541705,"remaining_time":3.353985489},
{"learn":[0.09344380837],"iteration":743,"passed_time":9.702872662,"remaining_time":3.338622851},
{"learn":[0.09331002862],"iteration":744,"passed_time":9.70873559,"remaining_time":3.323124262},
{"learn":[0.09316046629],"iteration":745,"passed_time":9.718977776,"remaining_time":3.309142567},
{"learn":[0.09310962955],"iteration":746,"passed_time":9.724710457,"remaining_time":3.293643568},
{"learn":[0.09299323674],"iteration":747,"passed_time":9.730205103,"remaining_time":3.278090489},
{"learn":[0.09284395337],"iteration":748,"passed_time":9.736346356,"remaining_time":3.262780955},
{"learn":[0.09273876985],"iteration":749,"passed_time":9.742932223,"remaining_time":3.247644074},
{"learn":[0.09264073797],"iteration":750,"passed_time":9.754241756,"remaining_time":3.234096135},
{"learn":[0.09256024904],"iteration":751,"passed_time":9.760324261,"remaining_time":3.218830341},
{"learn":[0.0924812823],"iteration":752,"passed_time":9.768393839,"remaining_time":3.204240741},
{"learn":[0.09238290538],"iteration":753,"passed_time":9.77951996,"remaining_time":3.190665663},
{"learn":[0.09222810338],"iteration":754,"passed_time":9.80135663,"remaining_time":3.180572681},
{"learn":[0.09204868342],"iteration":755,"passed_time":9.820506455,"remaining_time":3.169581448},
{"learn":[0.09196239004],"iteration":756,"passed_time":9.832731797,"remaining_time":3.156345874},
{"learn":[0.09190630937],"iteration":757,"passed_time":9.856466791,"remaining_time":3.146787551},
{"learn":[0.09171153336],"iteration":758,"passed_time":9.869813645,"remaining_time":3.133893397},
{"learn":[0.09156513252],"iteration":759,"passed_time":9.899031244,"remaining_time":3.126009867},
{"learn":[0.09146785907],"iteration":760,"passed_time":9.92146494,"remaining_time":3.115939712},
{"learn":[0.09135784655],"iteration":761,"passed_time":9.936121134,"remaining_time":3.103407913},
{"learn":[0.09119952175],"iteration":762,"passed_time":9.969564871,"remaining_time":3.096706258},
{"learn":[0.09114568624],"iteration":763,"passed_time":9.990338403,"remaining_time":3.086020763},
{"learn":[0.09104999833],"iteration":764,"passed_time":10.01102223,"remaining_time":3.075281338},
{"learn":[0.09078002162],"iteration":765,"passed_time":10.02155078,"remaining_time":3.061413685},
{"learn":[0.09068847288],"iteration":766,"passed_time":10.03363275,"remaining_time":3.048026638},
{"learn":[0.09058087792],"iteration":767,"passed_time":10.05462849,"remaining_time":3.037335689},
{"learn":[0.09041049196],"iteration":768,"passed_time":10.076168,"remaining_time":3.026781284},
{"learn":[0.09027483407],"iteration":769,"passed_time":10.0904412,"remaining_time":3.014027892},
{"learn":[0.09014772781],"iteration":770,"passed_time":10.10041594,"remaining_time":2.999993839},
{"learn":[0.09010130384],"iteration":771,"passed_time":10.11497243,"remaining_time":2.987323463},
{"learn":[0.0899874121],"iteration":772,"passed_time":10.12846082,"remaining_time":2.974334548},
{"learn":[0.08991480064],"iteration":773,"passed_time":10.15213569,"remaining_time":2.96431869},
{"learn":[0.08981660327],"iteration":774,"passed_time":10.18528685,"remaining_time":2.957018763},
{"learn":[0.08969051533],"iteration":775,"passed_time":10.21430491,"remaining_time":2.94845915},
{"learn":[0.08943266653],"iteration":776,"passed_time":10.23936325,"remaining_time":2.93871043},
{"learn":[0.08933700928],"iteration":777,"passed_time":10.25478526,"remaining_time":2.926172656},
{"learn":[0.08919262915],"iteration":778,"passed_time":10.26948024,"remaining_time":2.913421223},
{"learn":[0.08914608967],"iteration":779,"passed_time":10.29922724,"remaining_time":2.904910248},
{"learn":[0.08907931572],"iteration":780,"passed_time":10.32815331,"remaining_time":2.896114692},
{"learn":[0.08897070926],"iteration":781,"passed_time":10.34912642,"remaining_time":2.885050587},
{"learn":[0.08882731654],"iteration":782,"passed_time":10.38016934,"remaining_time":2.876751912},
{"learn":[0.08873935135],"iteration":783,"passed_time":10.43728078,"remaining_time":2.875577359},
{"learn":[0.08863702326],"iteration":784,"passed_time":10.47831203,"remaining_time":2.86985616},
{"learn":[0.08850358861],"iteration":785,"passed_time":10.51567941,"remaining_time":2.863047575},
{"learn":[0.08839651302],"iteration":786,"passed_time":10.53102742,"remaining_time":2.85020183},
{"learn":[0.08830272616],"iteration":787,"passed_time":10.54250036,"remaining_time":2.836307205},
{"learn":[0.08820351992],"iteration":788,"passed_time":10.56458553,"remaining_time":2.825256713},
{"learn":[0.08809719558],"iteration":789,"passed_time":10.59354051,"remaining_time":2.816004439},
{"learn":[0.08803214545],"iteration":790,"passed_time":10.79499028,"remaining_time":2.852279355},
{"learn":[0.08791150898],"iteration":791,"passed_time":10.90276142,"remaining_time":2.863351485},
{"learn":[0.08781457959],"iteration":792,"passed_time":11.07523255,"remaining_time":2.891012784},
{"learn":[0.08766298237],"iteration":793,"passed_time":12.09365346,"remaining_time":3.137648128},
{"learn":[0.08747492608],"iteration":794,"passed_time":12.51537256,"remaining_time":3.227234433},
{"learn":[0.08732423319],"iteration":795,"passed_time":12.70696668,"remaining_time":3.256559299},
{"learn":[0.08716837229],"iteration":796,"passed_time":12.784227,"remaining_time":3.256208383},
{"learn":[0.0869688647],"iteration":797,"passed_time":13.50961786,"remaining_time":3.419727829},
{"learn":[0.08679072679],"iteration":798,"passed_time":13.57856895,"remaining_time":3.415885304},
{"learn":[0.08669342167],"iteration":799,"passed_time":13.60992674,"remaining_time":3.402481685},
{"learn":[0.08662543703],"iteration":800,"passed_time":13.63222315,"remaining_time":3.38678203},
{"learn":[0.08650311627],"iteration":801,"passed_time":13.67421324,"remaining_time":3.375927957},
{"learn":[0.0864042701],"iteration":802,"passed_time":13.69154961,"remaining_time":3.358948037},
{"learn":[0.08621263582],"iteration":803,"passed_time":13.71126163,"remaining_time":3.342546368},
{"learn":[0.08613997166],"iteration":804,"passed_time":13.7417649,"remaining_time":3.328750505},
{"learn":[0.08596541391],"iteration":805,"passed_time":13.75688492,"remaining_time":3.311210514},
{"learn":[0.08580116233],"iteration":806,"passed_time":13.77906037,"remaining_time":3.295363881},
{"learn":[0.08567908169],"iteration":807,"passed_time":13.79202903,"remaining_time":3.277313828},
{"learn":[0.0855855417],"iteration":808,"passed_time":13.80716188,"remaining_time":3.259787291},
{"learn":[0.08545366729],"iteration":809,"passed_time":13.82346032,"remaining_time":3.242540075},
{"learn":[0.08539622965],"iteration":810,"passed_time":13.83616786,"remaining_time":3.224458354},
{"learn":[0.08528616627],"iteration":811,"passed_time":13.85586658,"remaining_time":3.208008519},
{"learn":[0.08514779294],"iteration":812,"passed_time":13.86710978,"remaining_time":3.189605817},
{"learn":[0.08505785733],"iteration":813,"passed_time":13.88800615,"remaining_time":3.173426466},
{"learn":[0.08499122328],"iteration":814,"passed_time":13.89842029,"remaining_time":3.154856139},
{"learn":[0.08490568129],"iteration":815,"passed_time":13.91871087,"remaining_time":3.138532844},
{"learn":[0.08480223662],"iteration":816,"passed_time":13.92873948,"remaining_time":3.119901255},
{"learn":[0.08474037431],"iteration":817,"passed_time":13.95302629,"remaining_time":3.104463063},
{"learn":[0.08459181483],"iteration":818,"passed_time":13.96168411,"remaining_time":3.085549235},
{"learn":[0.08446889185],"iteration":819,"passed_time":13.9884621,"remaining_time":3.070638023},
{"learn":[0.08436353536],"iteration":820,"passed_time":13.99668547,"remaining_time":3.051652495},
{"learn":[0.0842440119],"iteration":821,"passed_time":14.01942291,"remaining_time":3.035836104},
{"learn":[0.08412155861],"iteration":822,"passed_time":14.02870316,"remaining_time":3.017108699},
{"learn":[0.08409703241],"iteration":823,"passed_time":14.04331306,"remaining_time":2.999542596},
{"learn":[0.08398267276],"iteration":824,"passed_time":14.05382928,"remaining_time":2.981115303},
{"learn":[0.08389711579],"iteration":825,"passed_time":14.06239693,"remaining_time":2.96229669},
{"learn":[0.08381201081],"iteration":826,"passed_time":14.08247469,"remaining_time":2.945910667},
{"learn":[0.08364204457],"iteration":827,"passed_time":14.09375297,"remaining_time":2.927687816},
{"learn":[0.08355515249],"iteration":828,"passed_time":14.10207404,"remaining_time":2.908871727},
{"learn":[0.08346407965],"iteration":829,"passed_time":14.12711217,"remaining_time":2.893504902},
{"learn":[0.08332765963],"iteration":830,"passed_time":14.13708386,"remaining_time":2.87505075},
{"learn":[0.08326566736],"iteration":831,"passed_time":14.15562516,"remaining_time":2.858347389},
{"learn":[0.08321216394],"iteration":832,"passed_time":14.16357204,"remaining_time":2.839515642},
{"learn":[0.0831063498],"iteration":833,"passed_time":14.18289819,"remaining_time":2.822974939},
{"learn":[0.08294583326],"iteration":834,"passed_time":14.19509528,"remaining_time":2.805018828},
{"learn":[0.08281144922],"iteration":835,"passed_time":14.21066045,"remaining_time":2.787737218},
{"learn":[0.08272244157],"iteration":836,"passed_time":14.22380677,"remaining_time":2.769988654},
{"learn":[0.08258514481],"iteration":837,"passed_time":14.23115499,"remaining_time":2.751130201},
{"learn":[0.08247706],"iteration":838,"passed_time":14.25488303,"remaining_time":2.735442393},
{"learn":[0.08236990339],"iteration":839,"passed_time":14.27183345,"remaining_time":2.718444467},
{"learn":[0.08221924066],"iteration":840,"passed_time":14.29371387,"remaining_time":2.702378722},
{"learn":[0.08217028772],"iteration":841,"passed_time":14.30838215,"remaining_time":2.684945819},
{"learn":[0.08203087257],"iteration":842,"passed_time":14.32079261,"remaining_time":2.66709898},
{"learn":[0.08194890873],"iteration":843,"passed_time":14.3284132,"remaining_time":2.648379691},
{"learn":[0.08181797037],"iteration":844,"passed_time":14.34942648,"remaining_time":2.632143318},
{"learn":[0.08170260867],"iteration":845,"passed_time":14.36312703,"remaining_time":2.614564495},
{"learn":[0.08162429697],"iteration":846,"passed_time":14.38023495,"remaining_time":2.597610327},
{"learn":[0.08152513122],"iteration":847,"passed_time":14.38898763,"remaining_time":2.579158161},
{"learn":[0.08137900655],"iteration":848,"passed_time":14.4122551,"remaining_time":2.563310389},
{"learn":[0.08133132636],"iteration":849,"passed_time":14.42558899,"remaining_time":2.545692176},
{"learn":[0.08124507385],"iteration":850,"passed_time":14.4366857,"remaining_time":2.527692326},
{"learn":[0.08112317398],"iteration":851,"passed_time":14.45056929,"remaining_time":2.510192787},
{"learn":[0.08104408635],"iteration":852,"passed_time":14.46314429,"remaining_time":2.492476214},
{"learn":[0.08094895197],"iteration":853,"passed_time":14.47765611,"remaining_time":2.475102801},
{"learn":[0.08078671088],"iteration":854,"passed_time":14.49275892,"remaining_time":2.457836308},
{"learn":[0.08066631637],"iteration":855,"passed_time":14.50493835,"remaining_time":2.440083086},
{"learn":[0.08058700093],"iteration":856,"passed_time":14.51648887,"remaining_time":2.422237933},
{"learn":[0.08044305434],"iteration":857,"passed_time":14.55708909,"remaining_time":2.40921521},
{"learn":[0.08040292917],"iteration":858,"passed_time":14.57538985,"remaining_time":2.39246795},
{"learn":[0.08032550913],"iteration":859,"passed_time":14.59041562,"remaining_time":2.375183938},
{"learn":[0.08025337928],"iteration":860,"passed_time":14.59807183,"remaining_time":2.356715429},
{"learn":[0.08009963176],"iteration":861,"passed_time":14.60497719,"remaining_time":2.338151801},
{"learn":[0.08000730419],"iteration":862,"passed_time":14.61898936,"remaining_time":2.320743386},
{"learn":[0.07993900929],"iteration":863,"passed_time":14.63247496,"remaining_time":2.303259947},
{"learn":[0.07985411105],"iteration":864,"passed_time":14.64042004,"remaining_time":2.284921047},
{"learn":[0.07977706414],"iteration":865,"passed_time":14.65151137,"remaining_time":2.267092983},
{"learn":[0.07964692667],"iteration":866,"passed_time":14.66012531,"remaining_time":2.248900422},
{"learn":[0.07953861162],"iteration":867,"passed_time":14.66966489,"remaining_time":2.230870697},
{"learn":[0.0795096012],"iteration":868,"passed_time":14.68135116,"remaining_time":2.213184122},
{"learn":[0.07939913257],"iteration":869,"passed_time":14.69210433,"remaining_time":2.195371912},
{"learn":[0.07926393253],"iteration":870,"passed_time":14.70277113,"remaining_time":2.177563119},
{"learn":[0.079128739],"iteration":871,"passed_time":14.7138133,"remaining_time":2.159825805},
{"learn":[0.0790320795],"iteration":872,"passed_time":14.72238295,"remaining_time":2.14174414},
{"learn":[0.07888985875],"iteration":873,"passed_time":14.73307629,"remaining_time":2.123990403},
{"learn":[0.07872654631],"iteration":874,"passed_time":14.74304569,"remaining_time":2.106149384},
{"learn":[0.07865396635],"iteration":875,"passed_time":14.75304355,"remaining_time":2.088330365},
{"learn":[0.07857344593],"iteration":876,"passed_time":14.76172848,"remaining_time":2.070345044},
{"learn":[0.07843810573],"iteration":877,"passed_time":14.77096811,"remaining_time":2.052457984},
{"learn":[0.07830682816],"iteration":878,"passed_time":14.78272514,"remaining_time":2.034937135},
{"learn":[0.07814802535],"iteration":879,"passed_time":14.79247133,"remaining_time":2.017155182},
{"learn":[0.07804628129],"iteration":880,"passed_time":14.81357411,"remaining_time":2.000925447},
{"learn":[0.07790906219],"iteration":881,"passed_time":14.82198738,"remaining_time":1.982986974},
{"learn":[0.07773755067],"iteration":882,"passed_time":14.83270956,"remaining_time":1.965376012},
{"learn":[0.07758240813],"iteration":883,"passed_time":14.83969137,"remaining_time":1.947289818},
{"learn":[0.07746710969],"iteration":884,"passed_time":14.85119423,"remaining_time":1.9298162},
{"learn":[0.0773133526],"iteration":885,"passed_time":14.86051365,"remaining_time":1.91207512},
{"learn":[0.07720805455],"iteration":886,"passed_time":14.8682437,"remaining_time":1.89415055},
{"learn":[0.07705626588],"iteration":887,"passed_time":14.8789165,"remaining_time":1.876620099},
{"learn":[0.07702803112],"iteration":888,"passed_time":14.88773343,"remaining_time":1.858873353},
{"learn":[0.07690668107],"iteration":889,"passed_time":14.89587126,"remaining_time":1.841062739},
{"learn":[0.07683300744],"iteration":890,"passed_time":14.9036598,"remaining_time":1.823231109},
{"learn":[0.07663832714],"iteration":891,"passed_time":14.91610826,"remaining_time":1.805986202},
{"learn":[0.07648750887],"iteration":892,"passed_time":14.92717988,"remaining_time":1.788587063},
{"learn":[0.07636546656],"iteration":893,"passed_time":14.93416266,"remaining_time":1.770717272},
{"learn":[0.07620023894],"iteration":894,"passed_time":14.94559889,"remaining_time":1.753394284},
{"learn":[0.07609237144],"iteration":895,"passed_time":14.95515072,"remaining_time":1.735865709},
{"learn":[0.07597990272],"iteration":896,"passed_time":14.96433735,"remaining_time":1.718312985},
{"learn":[0.075869865],"iteration":897,"passed_time":14.97117855,"remaining_time":1.700512485},
{"learn":[0.07574246029],"iteration":898,"passed_time":14.98603432,"remaining_time":1.683636781},
{"learn":[0.07565485054],"iteration":899,"passed_time":14.996343,"remaining_time":1.666260334},
{"learn":[0.07550540775],"iteration":900,"passed_time":15.00352894,"remaining_time":1.648556454},
{"learn":[0.07538429728],"iteration":901,"passed_time":15.03170198,"remaining_time":1.633156091},
{"learn":[0.07527354428],"iteration":902,"passed_time":15.77619259,"remaining_time":1.694674065},
{"learn":[0.07516719997],"iteration":903,"passed_time":15.90742427,"remaining_time":1.689283993},
{"learn":[0.07506327301],"iteration":904,"passed_time":15.94230147,"remaining_time":1.673501259},
{"learn":[0.07490728994],"iteration":905,"passed_time":16.2676657,"remaining_time":1.687815205},
{"learn":[0.07472629964],"iteration":906,"passed_time":16.29932436,"remaining_time":1.671264791},
{"learn":[0.07459453001],"iteration":907,"passed_time":16.31411697,"remaining_time":1.652972204},
{"learn":[0.07449962373],"iteration":908,"passed_time":16.54017613,"remaining_time":1.655837214},
{"learn":[0.07437449206],"iteration":909,"passed_time":16.76410239,"remaining_time":1.657988149},
{"learn":[0.07424535531],"iteration":910,"passed_time":16.9130624,"remaining_time":1.652318939},
{"learn":[0.07415165451],"iteration":911,"passed_time":17.35252956,"remaining_time":1.674366887},
{"learn":[0.07408097581],"iteration":912,"passed_time":17.81949112,"remaining_time":1.698023797},
{"learn":[0.07401464763],"iteration":913,"passed_time":18.00280154,"remaining_time":1.693917869},
{"learn":[0.07384823098],"iteration":914,"passed_time":18.49383446,"remaining_time":1.71800648},
{"learn":[0.07382281021],"iteration":915,"passed_time":18.56615491,"remaining_time":1.702573158},
{"learn":[0.07370367426],"iteration":916,"passed_time":18.61798291,"remaining_time":1.68516094},
{"learn":[0.0736287704],"iteration":917,"passed_time":18.79128048,"remaining_time":1.678523964},
{"learn":[0.07351401114],"iteration":918,"passed_time":18.94257446,"remaining_time":1.669584909},
{"learn":[0.07336683318],"iteration":919,"passed_time":19.03350921,"remaining_time":1.655087757},
{"learn":[0.07324187121],"iteration":920,"passed_time":19.12699027,"remaining_time":1.640643031},
{"learn":[0.07315476318],"iteration":921,"passed_time":19.16346467,"remaining_time":1.62120417},
{"learn":[0.07310288096],"iteration":922,"passed_time":19.21144782,"remaining_time":1.602688496},
{"learn":[0.07303906796],"iteration":923,"passed_time":19.22478117,"remaining_time":1.581259057},
{"learn":[0.07294365241],"iteration":924,"passed_time":19.23815382,"remaining_time":1.559850309},
{"learn":[0.07281617638],"iteration":925,"passed_time":19.56167806,"remaining_time":1.563244251},
{"learn":[0.07271050518],"iteration":926,"passed_time":19.59535025,"remaining_time":1.543107409},
{"learn":[0.07259544131],"iteration":927,"passed_time":19.61902345,"remaining_time":1.522165613},
{"learn":[0.07241031358],"iteration":928,"passed_time":19.65131747,"remaining_time":1.501876793},
{"learn":[0.0723337286],"iteration":929,"passed_time":19.67807547,"remaining_time":1.481145465},
{"learn":[0.07227813289],"iteration":930,"passed_time":19.68775675,"remaining_time":1.45913557},
{"learn":[0.07216914403],"iteration":931,"passed_time":19.70375958,"remaining_time":1.43761336},
{"learn":[0.07203005123],"iteration":932,"passed_time":19.7197764,"remaining_time":1.416103986},
{"learn":[0.07192578076],"iteration":933,"passed_time":19.73372874,"remaining_time":1.394460489},
{"learn":[0.07184918839],"iteration":934,"passed_time":19.74639353,"remaining_time":1.372743935},
{"learn":[0.07173421205],"iteration":935,"passed_time":19.77059001,"remaining_time":1.351835214},
{"learn":[0.07163331972],"iteration":936,"passed_time":19.78803813,"remaining_time":1.330465744},
{"learn":[0.07155401566],"iteration":937,"passed_time":19.79843415,"remaining_time":1.308638504},
{"learn":[0.07153093053],"iteration":938,"passed_time":19.81312934,"remaining_time":1.287114898},
{"learn":[0.07141473549],"iteration":939,"passed_time":19.82070976,"remaining_time":1.265151687},
{"learn":[0.07134029416],"iteration":940,"passed_time":19.83011701,"remaining_time":1.243333585},
{"learn":[0.07118454906],"iteration":941,"passed_time":19.84475958,"remaining_time":1.221864178},
{"learn":[0.07107466503],"iteration":942,"passed_time":19.85337823,"remaining_time":1.200045132},
{"learn":[0.07096805354],"iteration":943,"passed_time":19.87237747,"remaining_time":1.17886985},
{"learn":[0.070907843],"iteration":944,"passed_time":19.88294903,"remaining_time":1.157208673},
{"learn":[0.07084333253],"iteration":945,"passed_time":19.89190512,"remaining_time":1.135478728},
{"learn":[0.07073546924],"iteration":946,"passed_time":19.90301404,"remaining_time":1.113896245},
{"learn":[0.07068459624],"iteration":947,"passed_time":19.91192109,"remaining_time":1.092215081},
{"learn":[0.07055011261],"iteration":948,"passed_time":19.91883886,"remaining_time":1.070453933},
{"learn":[0.0704184318],"iteration":949,"passed_time":19.94292464,"remaining_time":1.049627613},
{"learn":[0.07028530175],"iteration":950,"passed_time":19.95258389,"remaining_time":1.028051115},
{"learn":[0.0702166696],"iteration":951,"passed_time":20.05480213,"remaining_time":1.011166494},
{"learn":[0.07018469656],"iteration":952,"passed_time":20.06372468,"remaining_time":0.9895016371},
{"learn":[0.07005682497],"iteration":953,"passed_time":20.07605161,"remaining_time":0.9680276456},
{"learn":[0.06987459495],"iteration":954,"passed_time":20.11725193,"remaining_time":0.947933337},
{"learn":[0.06978890958],"iteration":955,"passed_time":20.12733774,"remaining_time":0.9263628251},
{"learn":[0.0697345532],"iteration":956,"passed_time":20.14349761,"remaining_time":0.9050892342},
{"learn":[0.06963709346],"iteration":957,"passed_time":20.15137619,"remaining_time":0.8834632567},
{"learn":[0.06956473376],"iteration":958,"passed_time":20.15802601,"remaining_time":0.8618134166},
{"learn":[0.06948200357],"iteration":959,"passed_time":20.17134549,"remaining_time":0.8404727289},
{"learn":[0.06930857209],"iteration":960,"passed_time":20.18118086,"remaining_time":0.8190073396},
{"learn":[0.06916918691],"iteration":961,"passed_time":20.18936564,"remaining_time":0.7975009296},
{"learn":[0.06905339442],"iteration":962,"passed_time":20.20231834,"remaining_time":0.7762053774},
{"learn":[0.06894543368],"iteration":963,"passed_time":20.21128277,"remaining_time":0.7547781946},
{"learn":[0.0687937649],"iteration":964,"passed_time":20.22212248,"remaining_time":0.7334448567},
{"learn":[0.06873597326],"iteration":965,"passed_time":20.22881517,"remaining_time":0.7119872836},
{"learn":[0.06870693222],"iteration":966,"passed_time":20.24201791,"remaining_time":0.6907824105},
{"learn":[0.06864464656],"iteration":967,"passed_time":20.25044356,"remaining_time":0.6694361507},
{"learn":[0.06850663072],"iteration":968,"passed_time":20.25715246,"remaining_time":0.6480616371},
{"learn":[0.06840892546],"iteration":969,"passed_time":20.26413865,"remaining_time":0.6267259377},
{"learn":[0.06830913501],"iteration":970,"passed_time":20.27728326,"remaining_time":0.6056037226},
{"learn":[0.06824997306],"iteration":971,"passed_time":20.28653602,"remaining_time":0.5843858112},
{"learn":[0.06812964132],"iteration":972,"passed_time":20.29257598,"remaining_time":0.5631033417},
{"learn":[0.06801887914],"iteration":973,"passed_time":20.30346598,"remaining_time":0.5419816382},
{"learn":[0.06795544808],"iteration":974,"passed_time":20.31261603,"remaining_time":0.5208363085},
{"learn":[0.0678750368],"iteration":975,"passed_time":20.32392923,"remaining_time":0.4997687516},
{"learn":[0.067759961],"iteration":976,"passed_time":20.34047988,"remaining_time":0.4788444597},
{"learn":[0.06769853698],"iteration":977,"passed_time":20.35005229,"remaining_time":0.4577721374},
{"learn":[0.06762097002],"iteration":978,"passed_time":20.35769925,"remaining_time":0.4366820064},
{"learn":[0.06757532569],"iteration":979,"passed_time":20.36543975,"remaining_time":0.4156212195},
{"learn":[0.06754969576],"iteration":980,"passed_time":20.37887377,"remaining_time":0.394697861},
{"learn":[0.06747947842],"iteration":981,"passed_time":20.38779774,"remaining_time":0.373707087},
{"learn":[0.06740408237],"iteration":982,"passed_time":20.39477906,"remaining_time":0.3527072676},
{"learn":[0.06724150551],"iteration":983,"passed_time":20.4066002,"remaining_time":0.3318146375},
{"learn":[0.06715387376],"iteration":984,"passed_time":20.41893058,"remaining_time":0.3109481815},
{"learn":[0.06706940707],"iteration":985,"passed_time":20.42546437,"remaining_time":0.2900167355},
{"learn":[0.06698078413],"iteration":986,"passed_time":20.43878406,"remaining_time":0.2692038427},
{"learn":[0.06680968369],"iteration":987,"passed_time":20.44790961,"remaining_time":0.2483551774},
{"learn":[0.06661975999],"iteration":988,"passed_time":20.45602231,"remaining_time":0.2275189539},
{"learn":[0.06657744691],"iteration":989,"passed_time":20.46307195,"remaining_time":0.2066976965},
{"learn":[0.06644831785],"iteration":990,"passed_time":20.47459361,"remaining_time":0.1859448461},
{"learn":[0.06633004076],"iteration":991,"passed_time":20.48564981,"remaining_time":0.1652068533},
{"learn":[0.06625256863],"iteration":992,"passed_time":20.49292729,"remaining_time":0.1444617231},
{"learn":[0.06616438294],"iteration":993,"passed_time":20.50361634,"remaining_time":0.1237642837},
{"learn":[0.06607414074],"iteration":994,"passed_time":20.51479616,"remaining_time":0.103089428},
{"learn":[0.06603623758],"iteration":995,"passed_time":20.52159298,"remaining_time":0.08241603608},
{"learn":[0.06599137833],"iteration":996,"passed_time":20.52919153,"remaining_time":0.06177289327},
{"learn":[0.06584289376],"iteration":997,"passed_time":20.55168231,"remaining_time":0.04118573609},
{"learn":[0.06572920621],"iteration":998,"passed_time":20.55938485,"remaining_time":0.02057996482},
{"learn":[0.06564285273],"iteration":999,"passed_time":20.57194131,"remaining_time":0}
]}